t_s,umax
0.001,2.55
0.003,2.55
0.007,2.55
0.01397340317,2.55
0.0223810164,2.55
0.0313451176,2.55
0.04051825225,2.55
0.0497775174,2.55
0.0590810433,2.55
0.06841477644,2.55
0.07777405695,2.55
0.08715738015,2.55
0.09656429941,2.55
0.1059947228,2.55
0.1154486776,2.55
0.1249262311,2.55
0.1344274642,2.55
0.1439524628,2.55
0.1535013145,2.55
0.1630741078,2.55
0.1726709318,2.55
0.1822918759,2.55
0.1919370301,2.55
0.2016064844,2.55
0.2113003295,2.55
0.2210186563,2.55
0.2307615561,2.55
0.2405291207,2.55
0.250321442,2.55
0.2601386126,2.55
0.2699807251,2.55
0.2798478727,2.55
0.289740149,2.55
0.2996576478,2.55
0.3096004636,2.55
0.3195686908,2.55
0.3295624246,2.55
0.3395817603,2.55
0.3496267937,2.55
0.3596976211,2.55
0.3697943389,2.55
0.3799170441,2.55
0.390065834,2.55
0.4002408063,2.55
0.410442059,2.55
0.4206696907,2.55
0.4309238001,2.55
0.4412044866,2.55
0.4515118497,2.55
0.4618459894,2.55
0.4722070061,2.55
0.4825950007,2.55
0.4930100743,2.55
0.5034523284,2.55
0.5139218651,2.55
0.5244187867,2.55
0.5349431959,2.55
0.5454951959,2.55
0.5560748903,2.55
0.5666823829,2.55
0.5773177782,2.55
0.5879811808,2.55
0.5986726959,2.55
0.6093924289,2.55
0.620140486,2.55
0.6309169733,2.55
0.6417219976,2.55
0.652555666,2.55
0.6634180862,2.55
0.6743093659,2.55
0.6852296137,2.55
0.6961789382,2.55
0.7071574486,2.55
0.7181652544,2.55
0.7292024657,2.55
0.7402691928,2.55
0.7513655465,2.55
0.762491638,2.55
0.7736475789,2.55
0.7848334812,2.55
0.7960494574,2.55
0.8072956202,2.55
0.8185720831,2.55
0.8298789595,2.55
0.8412163635,2.55
0.8525844097,2.55
0.863983213,2.55
0.8754128886,2.55
0.8868735524,2.55
0.8983653203,2.55
0.9098883091,2.55
0.9214426356,2.55
0.9330284173,2.55
0.9446457719,2.55
0.9562948177,2.55
0.9679756733,2.55
0.9796884578,2.55
0.9914332906,2.55
1.003210292,2.55
1.015019581,2.55
1.02686128,2.55
1.038735509,2.55
1.05064239,2.55
1.062582045,2.55
1.074554597,2.55
1.086560167,2.55
1.09859888,2.55
1.110670859,2.55
1.122776228,2.55
1.134915111,2.55
1.147087635,2.55
1.159293922,2.55
1.171534101,2.55
1.183808296,2.55
1.196116634,2.55
1.208459243,2.55
1.22083625,2.55
1.233247782,2.55
1.245693968,2.55
1.258174937,2.55
1.270690817,2.55
1.283241738,2.55
1.29582783,2.55
1.308449224,2.55
1.32110605,2.55
1.33379844,2.55
1.346526524,2.55
1.359290435,2.55
1.372090306,2.55
1.384926269,2.55
1.397798458,2.55
1.410707006,2.55
1.423652047,2.55
1.436633717,2.55
1.449652148,2.55
1.462707479,2.55
1.475799843,2.55
1.488929377,2.55
1.502096217,2.55
1.515300501,2.55
1.528542367,2.55
1.541821951,2.55
1.555139392,2.55
1.568494829,2.55
1.5818884,2.55
1.595320246,2.55
1.608790505,2.55
1.622299319,2.55
1.635846828,2.55
1.649433172,2.55
1.663058494,2.55
1.676722936,2.55
1.690426638,2.55
1.704169746,2.55
1.7179524,2.55
1.731774745,2.55
1.745636925,2.55
1.759539084,2.55
1.773481366,2.55
1.787463917,2.55
1.801486882,2.55
1.815550407,2.55
1.829654638,2.55
1.843799722,2.55
1.857985805,2.55
1.872213036,2.55
1.886481561,2.55
1.90079153,2.55
1.91514309,2.55
1.929536391,2.55
1.943971582,2.55
1.958448813,2.55
1.972968233,2.55
1.987529993,2.55
2.002134244,2.55
2.016781138,2.55
2.031470825,2.55
2.046203458,2.55
2.060979189,2.55
2.075798171,2.55
2.090660556,2.55
2.105566498,2.55
2.120516152,2.55
2.13550967,2.55
2.150547209,2.55
2.165628921,2.55
2.180754963,2.55
2.195925491,2.55
2.21114066,2.55
2.226400626,2.55
2.241705546,2.55
2.257055577,2.55
2.272450877,2.55
2.287891603,2.55
2.303377912,2.55
2.318909965,2.55
2.334487918,2.55
2.350111931,2.55
2.365782164,2.55
2.381498776,2.55
2.397261927,2.55
2.413071778,2.55
2.428928489,2.55
2.444832221,2.55
2.460783136,2.55
2.476781395,2.55
2.49282716,2.55
2.508920593,2.55
2.525061858,2.55
2.541251116,2.55
2.557488532,2.55
2.573774268,2.55
2.590108489,2.55
2.606491358,2.55
2.622923041,2.55
2.639403701,2.55
2.655933504,2.55
2.672512615,2.55
2.6891412,2.55
2.705819424,2.55
2.722547454,2.55
2.739325457,2.55
2.756153598,2.55
2.773032046,2.55
2.789960967,2.55
2.806940529,2.55
2.823970899,2.55
2.841052247,2.55
2.85818474,2.55
2.875368547,2.55
2.892603836,2.55
2.909890778,2.55
2.927229541,2.55
2.944620296,2.55
2.962063211,2.55
2.979558458,2.55
2.997106206,2.55
3.014706627,2.55
3.032359892,2.55
3.050066171,2.55
3.067825635,2.55
3.085638457,2.55
3.103504809,2.55
3.121424862,2.55
3.139398789,2.55
3.157426763,2.55
3.175508955,2.55
3.19364554,2.55
3.21183669,2.55
3.230082578,2.55
3.248383379,2.55
3.266739267,2.55
3.285150414,2.55
3.303616996,2.55
3.322139187,2.55
3.340717161,2.55
3.359351094,2.55
3.378041161,2.55
3.396787536,2.55
3.415590395,2.55
3.434449913,2.55
3.453366268,2.55
3.472339633,2.55
3.491370187,2.55
3.510458104,2.55
3.529603561,2.55
3.548806735,2.55
3.568067803,2.55
3.587386942,2.55
3.606764329,2.55
3.626200141,2.55
3.645694556,2.55
3.665247751,2.55
3.684859904,2.55
3.704531194,2.55
3.724261797,2.55
3.744051892,2.55
3.763901659,2.55
3.783811274,2.55
3.803780917,2.55
3.823810766,2.55
3.843901001,2.55
3.864051801,2.55
3.884263344,2.55
3.904535809,2.55
3.924869378,2.55
3.945264227,2.55
3.965720539,2.55
3.986238491,2.55
4.006818265,2.55
4.02746004,2.55
4.048163995,2.55
4.068930312,2.55
4.089759171,2.55
4.110650752,2.55
4.131605236,2.55
4.152622802,2.55
4.173703633,2.55
4.194847908,2.55
4.216055809,2.55
4.237327516,2.55
4.258663212,2.55
4.280063075,2.55
4.301527289,2.55
4.323056035,2.55
4.344649493,2.55
4.366307845,2.55
4.388031274,2.55
4.40981996,2.55
4.431674085,2.55
4.453593831,2.55
4.475579379,2.55
4.497630913,2.55
4.519748614,2.55
4.541932663,2.55
4.564183243,2.55
4.586500536,2.55
4.608884725,2.55
4.631335991,2.55
4.653854517,2.55
4.676440486,2.55
4.69909408,2.55
4.721815481,2.55
4.744604872,2.55
4.767462435,2.55
4.790388354,2.55
4.813382811,2.55
4.836445988,2.55
4.859578069,2.55
4.882779237,2.55
4.906049674,2.55
4.929389563,2.55
4.952799087,2.55
4.976278429,2.55
4.999827773,2.55
5.023447301,2.55
5.047137196,2.55
5.070897642,2.55
5.094728821,2.55
5.118630918,2.55
5.142604115,2.55
5.166648595,2.55
5.190764543,2.55
5.21495214,2.55
5.239211571,2.55
5.263543019,2.55
5.287946668,2.55
5.3124227,2.55
5.3369713,2.55
5.36159265,2.55
5.386286935,2.55
5.411054337,2.55
5.435895041,2.55
5.460809231,2.55
5.485797088,2.55
5.510858799,2.55
5.535994545,2.55
5.561204511,2.55
5.58648888,2.55
5.611847836,2.55
5.637281563,2.55
5.662790245,2.55
5.688374066,2.55
5.714033208,2.55
5.739767857,2.55
5.765578196,2.55
5.791464408,2.55
5.817426678,2.55
5.84346519,2.55
5.869580127,2.55
5.895771673,2.55
5.922040013,2.55
5.94838533,2.55
5.974807809,2.55
6.001307633,2.55
6.027884987,2.55
6.054540054,2.55
6.081273019,2.55
6.108084065,2.55
6.134973378,2.55
6.16194114,2.55
6.188987536,2.55
6.216112751,2.55
6.243316968,2.55
6.270600372,2.55
6.297963147,2.55
6.325405478,2.55
6.352927547,2.55
6.380529541,2.55
6.408211643,2.55
6.435974038,2.55
6.46381691,2.55
6.491740443,2.55
6.519744822,2.55
6.547830231,2.55
6.575996856,2.55
6.604244879,2.55
6.632574487,2.55
6.660985863,2.55
6.689479192,2.55
6.718054659,2.55
6.746712449,2.55
6.775452746,2.55
6.804275734,2.55
6.8331816,2.55
6.862170527,2.55
6.8912427,2.55
6.920398305,2.55
6.949637525,2.55
6.978960547,2.55
7.008367555,2.55
7.037858735,2.55
7.06743427,2.55
7.097094347,2.55
7.12683915,2.55
7.156668865,2.55
7.186583677,2.55
7.216583771,2.55
7.246669333,2.55
7.276840548,2.55
7.307097601,2.55
7.337440678,2.55
7.367869964,2.55
7.398385646,2.55
7.428987908,2.55
7.459676936,2.55
7.490452916,2.55
7.521316034,2.55
7.552266476,2.55
7.583304427,2.55
7.614430073,2.55
7.645643601,2.55
7.676945197,2.55
7.708335046,2.55
7.739813335,2.55
7.771380251,2.55
7.803035978,2.55
7.834780705,2.55
7.866614617,2.55
7.8985379,2.55
7.930550743,2.55
7.96265333,2.55
7.994845849,2.55
8.027128486,2.55
8.059501429,2.55
8.091964864,2.55
8.124518979,2.55
8.15716396,2.55
8.189899994,2.55
8.22272727,2.55
8.255645974,2.55
8.288656293,2.55
8.321758416,2.55
8.354952529,2.55
8.38823882,2.55
8.421617478,2.55
8.455088689,2.55
8.488652642,2.55
8.522309525,2.55
8.556059526,2.55
8.589902833,2.55
8.623839634,2.55
8.657870117,2.55
8.691994472,2.55
8.726212886,2.55
8.760525548,2.55
8.794932648,2.55
8.829434373,2.55
8.864030913,2.55
8.898722456,2.55
8.933509193,2.55
8.968391311,2.55
9.003369001,2.55
9.038442452,2.55
9.073611853,2.55
9.108877394,2.55
9.144239265,2.55
9.179697655,2.55
9.215252756,2.55
9.250904755,2.55
9.286653845,2.55
9.322500214,2.55
9.358444055,2.55
9.394485556,2.55
9.430624909,2.55
9.466862304,2.55
9.503197933,2.55
9.539631986,2.55
9.576164654,2.55
9.612796129,2.55
9.649526602,2.55
9.686356264,2.55
9.723285308,2.55
9.760313924,2.55
9.797442304,2.55
9.834670641,2.55
9.871999127,2.55
9.909427954,2.55
9.946957313,2.55
9.984587398,2.55
10.0223184,2.55
10.06015052,2.55
10.09808393,2.55
10.13611885,2.55
10.17425545,2.55
10.21249394,2.55
10.25083451,2.55
10.28927734,2.55
10.32782264,2.55
10.36647059,2.55
10.4052214,2.55
10.44407525,2.55
10.48303234,2.55
10.52209287,2.55
10.56125703,2.55
10.600525,2.55
10.639897,2.55
10.67937321,2.55
10.71895382,2.55
10.75863904,2.55
10.79842906,2.55
10.83832408,2.55
10.87832428,2.55
10.91842986,2.55
10.95864103,2.55
10.99895798,2.55
11.0393809,2.55
11.07990999,2.55
11.12054545,2.55
11.16128747,2.55
11.20213625,2.55
11.24309199,2.55
11.28415488,2.55
11.32532512,2.55
11.36660292,2.55
11.40798846,2.55
11.44948194,2.55
11.49108357,2.55
11.53279353,2.55
11.57461204,2.55
11.61653928,2.55
11.65857546,2.55
11.70072078,2.55
11.74297542,2.55
11.7853396,2.55
11.82781351,2.55
11.87039736,2.55
11.91309133,2.55
11.95589563,2.55
11.99881047,2.55
12.04183603,2.55
12.08497252,2.55
12.12822015,2.55
12.17157911,2.55
12.21504959,2.55
12.25863182,2.55
12.30232597,2.55
12.34613226,2.55
12.39005089,2.55
12.43408205,2.55
12.47822596,2.55
12.5224828,2.55
12.56685279,2.55
12.61133613,2.55
12.65593301,2.55
12.70064364,2.55
12.74546823,2.55
12.79040698,2.55
12.83546008,2.55
12.88062775,2.55
12.92591018,2.55
12.97130758,2.55
13.01682016,2.55
13.06244811,2.55
13.10819165,2.55
13.15405097,2.55
13.20002628,2.55
13.24611779,2.55
13.2923257,2.55
13.33865021,2.55
13.38509153,2.55
13.43164987,2.55
13.47832543,2.55
13.52511842,2.55
13.57202904,2.55
13.6190575,2.55
13.666204,2.55
13.71346876,2.55
13.76085197,2.55
13.80835385,2.55
13.85597461,2.55
13.90371444,2.55
13.95157356,2.55
13.99955217,2.55
14.04765048,2.55
14.09586871,2.55
14.14420705,2.55
14.19266572,2.55
14.24124493,2.55
14.28994488,2.55
14.33876578,2.55
14.38770784,2.55
14.43677128,2.55
14.48595629,2.55
14.5352631,2.55
14.5846919,2.55
14.63424291,2.55
14.68391635,2.55
14.73371241,2.55
14.78363132,2.55
14.83367327,2.55
14.88383849,2.55
14.93412719,2.55
14.98453957,2.55
15.03507584,2.55
15.08573622,2.55
15.13652093,2.55
15.18743016,2.55
15.23846414,2.55
15.28962308,2.55
15.34090719,2.55
15.39231668,2.55
15.44385176,2.55
15.49551265,2.55
15.54729957,2.55
15.59921272,2.55
15.65125232,2.55
15.70341859,2.55
15.75571173,2.55
15.80813197,2.55
15.86067951,2.55
15.91335457,2.55
15.96615738,2.55
16.01908813,2.55
16.07214705,2.55
16.12533435,2.55
16.17865026,2.55
16.23209497,2.55
16.28566872,2.55
16.33937172,2.55
16.39320418,2.55
16.44716632,2.55
16.50125836,2.55
16.55548051,2.55
16.609833,2.55
16.66431603,2.55
16.71892984,2.55
16.77367462,2.55
16.82855062,2.55
16.88355803,2.55
16.93869709,2.55
16.993968,2.55
17.049371,2.55
17.10490629,2.55
17.1605741,2.55
17.21637464,2.55
17.27230815,2.55
17.32837482,2.55
17.3845749,2.55
17.44090859,2.55
17.49737612,2.55
17.55397771,2.55
17.61071358,2.55
17.66758395,2.55
17.72458904,2.55
17.78172907,2.55
17.83900428,2.55
17.89641486,2.55
17.95396106,2.55
18.01164309,2.55
18.06946118,2.55
18.12741554,2.55
18.18550641,2.55
18.243734,2.55
18.30209853,2.55
18.36060024,2.55
18.41923935,2.55
18.47801607,2.55
18.53693064,2.55
18.59598327,2.55
18.6551742,2.55
18.71450365,2.55
18.77397183,2.55
18.83357899,2.55
18.89332534,2.55
18.95321111,2.55
19.01323653,2.55
19.07340182,2.55
19.13370721,2.55
19.19415292,2.55
19.25473918,2.55
19.31546622,2.55
19.37633427,2.55
19.43734355,2.55
19.4984943,2.55
19.55978673,2.55
19.62122108,2.55
19.68279757,2.55
19.74451644,2.55
19.80637791,2.55
19.86838221,2.55
19.93052958,2.55
19.99282023,2.55
20.0552544,2.55
20.11783232,2.55
20.18055422,2.55
20.24342033,2.55
20.30643088,2.55
20.3695861,2.55
20.43288623,2.55
20.49633148,2.55
20.5599221,2.55
20.62365832,2.55
20.68754036,2.55
20.75156846,2.55
20.81574285,2.55
20.88006376,2.55
20.94453143,2.55
21.00914609,2.55
21.07390797,2.55
21.13881731,2.55
21.20387434,2.55
21.26907928,2.55
21.33443239,2.55
21.39993388,2.55
21.465584,2.55
21.53138297,2.55
21.59733104,2.55
21.66342844,2.55
21.7296754,2.55
21.79607217,2.55
21.86261896,2.55
21.92931603,2.55
21.9961636,2.55
22.06316192,2.55
22.13031122,2.55
22.19761173,2.55
22.2650637,2.55
22.33266735,2.55
22.40042294,2.55
22.46833069,2.55
22.53639084,2.55
22.60460363,2.55
22.6729693,2.55
22.7414881,2.55
22.81016024,2.55
22.87898599,2.55
22.94796556,2.55
23.01709921,2.55
23.08638718,2.55
23.1558297,2.55
23.22542701,2.55
23.29517935,2.55
23.36508697,2.55
23.43515011,2.55
23.505369,2.55
23.57574389,2.55
23.64627501,2.55
23.71696262,2.55
23.78780695,2.55
23.85880824,2.55
23.92996673,2.55
24.00128268,2.55
24.07275632,2.55
24.14438789,2.55
24.21617764,2.55
24.28812581,2.55
24.36023264,2.55
24.43249838,2.55
24.50492328,2.55
24.57750757,2.55
24.6502515,2.55
24.72315532,2.55
24.79621927,2.55
24.8694436,2.55
24.94282855,2.55
25.01637436,2.55
25.09008129,2.55
25.16394958,2.55
25.23797947,2.55
25.31217122,2.55
25.38652506,2.55
25.46104126,2.55
25.53572004,2.55
25.61056167,2.55
25.68556638,2.55
25.76073443,2.55
25.83606607,2.55
25.91156154,2.55
25.98722109,2.55
26.06304497,2.55
26.13903343,2.55
26.21518672,2.55
26.29150509,2.55
26.36798879,2.55
26.44463806,2.55
26.52145317,2.55
26.59843436,2.55
26.67558187,2.55
26.75289597,2.55
26.83037689,2.55
26.90802491,2.55
26.98584025,2.55
27.06382319,2.55
27.14197396,2.55
27.22029283,2.55
27.29878004,2.55
27.37743585,2.55
27.45626051,2.55
27.53525427,2.55
27.61441739,2.55
27.69375012,2.55
27.77325271,2.55
27.85292543,2.55
27.93276851,2.55
28.01278223,2.55
28.09296683,2.55
28.17332257,2.55
28.2538497,2.55
28.33454848,2.55
28.41541917,2.55
28.49646201,2.55
28.57767728,2.55
28.65906522,2.55
28.74062609,2.55
28.82236015,2.55
28.90426766,2.55
28.98634887,2.55
29.06860404,2.55
29.15103343,2.55
29.2336373,2.55
29.3164159,2.55
29.3993695,2.55
29.48249835,2.55
29.56580272,2.55
29.64928285,2.55
29.73293902,2.55
29.81677148,2.55
29.9007805,2.55
29.98496632,2.55
30.06932922,2.55
30.15386946,2.55
30.23858728,2.55
30.32348297,2.55
30.40855678,2.55
30.49380896,2.55
30.57923979,2.55
30.66484952,2.55
30.75063842,2.55
30.83660675,2.55
30.92275477,2.55
31.00908275,2.55
31.09559095,2.55
31.18227964,2.55
31.26914907,2.55
31.35619951,2.55
31.44343123,2.55
31.5308445,2.55
31.61843957,2.55
31.70621671,2.55
31.79417619,2.55
31.88231827,2.55
31.97064323,2.55
32.05915131,2.55
32.14784281,2.55
32.23671797,2.55
32.32577706,2.55
32.41502036,2.55
32.50444813,2.55
32.59406064,2.55
32.68385815,2.55
32.77384094,2.55
32.86400927,2.55
32.95436342,2.55
33.04490364,2.55
33.13563022,2.55
33.22654342,2.55
33.3176435,2.55
33.40893074,2.55
33.50040542,2.55
33.59206779,2.55
33.68391813,2.55
33.77595672,2.55
33.86818382,2.55
33.9605997,2.55
34.05320464,2.55
34.14599891,2.55
34.23898278,2.55
34.33215652,2.55
34.4255204,2.55
34.51907471,2.55
34.6128197,2.55
34.70675567,2.55
34.80088287,2.55
34.89520158,2.55
34.98971208,2.55
35.08441464,2.55
35.17930954,2.55
35.27439705,2.55
35.36967745,2.55
35.46515101,2.55
35.560818,2.55
35.65667871,2.55
35.75273342,2.55
35.84898238,2.55
35.94542589,2.55
36.04206423,2.55
36.13889766,2.55
36.23592646,2.55
36.33315092,2.55
36.43057131,2.55
36.52818791,2.55
36.62600099,2.55
36.72401085,2.55
36.82221775,2.55
36.92062197,2.55
37.0192238,2.55
37.11802352,2.55
37.2170214,2.55
37.31621772,2.55
37.41561277,2.55
37.51520683,2.55
37.61500017,2.55
37.71499309,2.55
37.81518585,2.55
37.91557875,2.55
38.01617206,2.55
38.11696607,2.55
38.21796106,2.55
38.31915732,2.55
38.42055512,2.55
38.52215474,2.55
38.62395649,2.55
38.72596063,2.55
38.82816745,2.55
38.93057724,2.55
39.03319028,2.55
39.13600685,2.55
39.23902725,2.55
39.34225175,2.55
39.44568065,2.55
39.54931423,2.55
39.65315277,2.55
39.75719656,2.55
39.86144589,2.55
39.96590105,2.55
40.07056232,2.55
40.17542999,2.55
40.28050435,2.55
40.38578569,2.55
40.49127429,2.55
40.59697045,2.55
40.70287445,2.55
40.80898658,2.55
40.91530713,2.55
41.0218364,2.55
41.12857467,2.55
41.23552223,2.55
41.34267937,2.55
41.45004639,2.55
41.55762357,2.55
41.66541121,2.55
41.7734096,2.55
41.88161903,2.55
41.99003978,2.55
42.09867217,2.55
42.20751647,2.55
42.31657298,2.55
42.42584199,2.55
42.5353238,2.55
42.6450187,2.55
42.75492699,2.55
42.86504896,2.55
42.9753849,2.55
43.0859351,2.55
43.19669988,2.55
43.30767951,2.55
43.4188743,2.55
43.53028454,2.55
43.64191052,2.55
43.75375255,2.55
43.86581092,2.55
43.97808593,2.55
44.09057787,2.55
44.20328705,2.55
44.31621375,2.55
44.42935829,2.55
44.54272095,2.55
44.65630204,2.55
44.77010185,2.55
44.88412069,2.55
44.99835885,2.55
45.11281664,2.55
45.22749434,2.55
45.34239228,2.55
45.45751073,2.55
45.57285001,2.55
45.68841042,2.55
45.80419226,2.55
45.92019583,2.55
46.03642142,2.55
46.15286936,2.55
46.26953992,2.55
46.38643343,2.55
46.50355018,2.55
46.62089048,2.55
46.73845463,2.55
46.85624293,2.55
46.97425569,2.55
47.09249321,2.55
47.2109558,2.55
47.32964376,2.55
47.4485574,2.55
47.56769702,2.55
47.68706293,2.55
47.80665544,2.55
47.92647484,2.55
48.04652146,2.55
48.16679559,2.55
48.28729755,2.55
48.40802764,2.55
48.52898616,2.55
48.65017343,2.55
48.77158976,2.55
48.89323545,2.55
49.01511081,2.55
49.13721616,2.55
49.2595518,2.55
49.38211804,2.55
49.50491519,2.55
49.62794356,2.55
49.75120347,2.55
49.87469522,2.55
49.99841913,2.55
50.1223755,2.55
50.24656465,2.55
50.37098689,2.55
50.49564254,2.55
50.6205319,2.55
50.74565529,2.55
50.87101302,2.55
50.99660541,2.55
51.12243277,2.55
51.24849541,2.55
51.37479366,2.55
51.50132781,2.55
51.62809819,2.55
51.75510512,2.55
51.88234891,2.55
52.00982987,2.55
52.13754832,2.55
52.26550458,2.55
52.39369896,2.55
52.52213179,2.55
52.65080337,2.55
52.77971403,2.55
52.90886409,2.55
53.03825385,2.55
53.16788365,2.55
53.2977538,2.55
53.42786462,2.55
53.55821643,2.55
53.68880954,2.55
53.81964428,2.55
53.95072097,2.55
54.08203993,2.55
54.21360148,2.55
54.34540594,2.55
54.47745364,2.55
54.60974488,2.55
54.74228001,2.55
54.87505933,2.55
55.00808317,2.55
55.14135186,2.55
55.27486572,2.55
55.40862506,2.55
55.54263022,2.55
55.67688152,2.55
55.81137928,2.55
55.94612383,2.55
56.08111549,2.55
56.21635459,2.55
56.35184146,2.55
56.48757641,2.55
56.62355978,2.55
56.75979189,2.55
56.89627308,2.55
57.03300365,2.55
57.16998396,2.55
57.30721431,2.55
57.44469504,2.55
57.58242648,2.55
57.72040896,2.55
57.8586428,2.55
57.99712833,2.55
58.13586589,2.55
58.27485581,2.55
58.4140984,2.55
58.55359402,2.55
58.69334297,2.55
58.83334561,2.55
58.97360225,2.55
59.11411322,2.55
59.25487887,2.55
59.39589953,2.55
59.53717551,2.55
59.67870717,2.55
59.82049483,2.55
59.96253882,2.55
60.10483949,2.55
60.24734223,2.55
60.39007512,2.55
60.53305007,2.55
60.67627262,2.55
60.81974575,2.55
60.96347133,2.55
61.1074507,2.55
61.25168491,2.55
61.39617486,2.55
61.54092132,2.55
61.68592499,2.55
61.83118649,2.55
61.97670641,2.55
62.1224853,2.55
62.26852369,2.55
62.41482205,2.55
62.56138086,2.55
62.70820058,2.55
62.85528164,2.55
63.00262448,2.55
63.15022951,2.55
63.29809713,2.55
63.44622776,2.55
63.59462177,2.55
63.74327957,2.55
63.89220153,2.55
64.04138803,2.55
64.19083945,2.55
64.34055616,2.55
64.49053853,2.55
64.64078693,2.55
64.79130171,2.55
64.94208324,2.55
65.09313189,2.55
65.24444801,2.55
65.39603196,2.55
65.5478841,2.55
65.70000478,2.55
65.85239435,2.55
66.00505318,2.55
66.15798162,2.55
66.31118001,2.55
66.46464872,2.55
66.61838809,2.55
66.77239848,2.55
66.92668023,2.55
67.08123371,2.55
67.23605925,2.55
67.39115722,2.55
67.54652796,2.55
67.70217182,2.55
67.85808916,2.55
68.01428032,2.55
68.17074566,2.55
68.32748552,2.55
68.48450027,2.55
68.64179024,2.55
68.7993558,2.55
68.95719728,2.55
69.11531505,2.55
69.27370946,2.55
69.43238085,2.55
69.59132958,2.55
69.750556,2.55
69.91006047,2.55
70.06984333,2.55
70.22990494,2.55
70.39024565,2.55
70.55086581,2.55
70.71176578,2.55
70.87294591,2.55
71.03440656,2.55
71.19614807,2.55
71.35817081,2.55
71.52047513,2.55
71.68306138,2.55
71.84592991,2.55
72.00908109,2.55
72.17251527,2.55
72.3362328,2.55
72.50023404,2.55
72.66451935,2.55
72.82908908,2.55
72.99394359,2.55
73.15908324,2.55
73.32450839,2.55
73.49021938,2.55
73.65621659,2.55
73.82250037,2.55
73.98907108,2.55
74.15592907,2.55
74.32307471,2.55
74.49050835,2.55
74.65823037,2.55
74.8262411,2.55
74.99454093,2.55
75.1631302,2.55
75.33200928,2.55
75.50117853,2.55
75.67063831,2.55
75.84038899,2.55
76.01043092,2.55
76.18076447,2.55
76.35139,2.55
76.52230788,2.55
76.69351847,2.55
76.86502212,2.55
77.03681922,2.55
77.20891012,2.55
77.38129518,2.55
77.55397478,2.55
77.72694927,2.55
77.90021902,2.55
78.07378441,2.55
78.24764579,2.55
78.42180353,2.55
78.596258,2.55
78.77100957,2.55
78.9460586,2.55
79.12140547,2.55
79.29705054,2.55
79.47299418,2.55
79.64923675,2.55
79.82577864,2.55
80.00262021,2.55
80.17976182,2.55
80.35720385,2.55
80.53494667,2.55
80.71299066,2.55
80.89133617,2.55
81.06998359,2.55
81.24893329,2.55
81.42818563,2.55
81.607741,2.55
81.78759976,2.55
81.96776228,2.55
82.14822895,2.55
82.32900014,2.55
82.51007621,2.55
82.69145755,2.55
82.87314453,2.55
83.05513752,2.55
83.23743691,2.55
83.42004306,2.55
83.60295636,2.55
83.78617717,2.55
83.96970589,2.55
84.15354288,2.55
84.33768852,2.55
84.52214319,2.55
84.70690727,2.55
84.89198114,2.55
85.07736518,2.55
85.26305976,2.55
85.44906528,2.55
85.63538209,2.55
85.8220106,2.55
86.00895117,2.55
86.1962042,2.55
86.38377005,2.55
86.57164912,2.55
86.75984178,2.55
86.94834842,2.55
87.13716942,2.55
87.32630517,2.55
87.51575604,2.55
87.70552243,2.55
87.89560471,2.55
88.08600327,2.55
88.2767185,2.55
88.46775078,2.55
88.6591005,2.55
88.85076804,2.55
89.04275378,2.55
89.23505813,2.55
89.42768146,2.55
89.62062416,2.55
89.81388662,2.55
90.00746922,2.55
90.20137236,2.55
90.39559642,2.55
90.5901418,2.55
90.78500888,2.55
90.98019806,2.55
91.17570971,2.55
91.37154425,2.55
91.56770204,2.55
91.7641835,2.55
91.960989,2.55
92.15811894,2.55
92.35557371,2.55
92.55335371,2.55
92.75145933,2.55
92.94989096,2.55
93.14864899,2.55
93.34773383,2.55
93.54714585,2.55
93.74688547,2.55
93.94695308,2.55
94.14734906,2.55
94.34807382,2.55
94.54912776,2.55
94.75051126,2.55
94.95222473,2.55
95.15426856,2.55
95.35664316,2.55
95.55934892,2.55
95.76238623,2.55
95.9657555,2.55
96.16945713,2.55
96.37349152,2.55
96.57785906,2.55
96.78256016,2.55
96.98759521,2.55
97.19296463,2.55
97.3986688,2.55
97.60470814,2.55
97.81108304,2.55
98.0177939,2.55
98.22484114,2.55
98.43222515,2.55
98.63994633,2.55
98.8480051,2.55
99.05640185,2.55
99.26513699,2.55
99.47421092,2.55
99.68362405,2.55
99.89337679,2.55
100.1034695,2.55
100.3139027,2.55
100.5246767,2.55
100.7357919,2.55
100.9472488,2.55
101.1590477,2.55
101.3711891,2.55
101.5836733,2.55
101.7965009,2.55
102.0096721,2.55
102.2231874,2.55
102.4370472,2.55
102.6512519,2.55
102.8658019,2.55
103.0806977,2.55
103.2959396,2.55
103.5115281,2.55
103.7274636,2.55
103.9437464,2.55
104.1603771,2.55
104.377356,2.55
104.5946835,2.55
104.81236,2.55
105.030386,2.55
105.2487619,2.55
105.4674881,2.55
105.6865649,2.55
105.9059929,2.55
106.1257724,2.55
106.3459039,2.55
106.5663878,2.55
106.7872244,2.55
107.0084143,2.55
107.2299578,2.55
107.4518553,2.55
107.6741073,2.55
107.8967142,2.55
108.1196764,2.55
108.3429943,2.55
108.5666683,2.55
108.790699,2.55
109.0150866,2.55
109.2398316,2.55
109.4649345,2.55
109.6903956,2.55
109.9162154,2.55
110.1423943,2.55
110.3689328,2.55
110.5958312,2.55
110.8230899,2.55
111.0507095,2.55
111.2786903,2.55
111.5070328,2.55
111.7357373,2.55
111.9648044,2.55
112.1942343,2.55
112.4240277,2.55
112.6541848,2.55
112.8847062,2.55
113.1155922,2.55
113.3468433,2.55
113.5784599,2.55
113.8104424,2.55
114.0427913,2.55
114.275507,2.55
114.5085899,2.55
114.7420405,2.55
114.9758591,2.55
115.2100463,2.55
115.4446025,2.55
115.679528,2.55
115.9148234,2.55
116.150489,2.55
116.3865253,2.55
116.6229328,2.55
116.8597118,2.55
117.0968628,2.55
117.3343862,2.55
117.5722825,2.55
117.8105521,2.55
118.0491955,2.55
118.288213,2.55
118.5276052,2.55
118.7673724,2.55
119.0075151,2.55
119.2480337,2.55
119.4889287,2.55
119.7302005,2.55
119.9718496,2.55
120.2138764,2.55
120.4565481,2.55
120.6997537,2.55
120.9434369,2.55
121.187568,2.55
121.4321303,2.55
121.6771133,2.55
121.9225099,2.55
122.1683151,2.55
122.4145253,2.55
122.6611378,2.55
122.9081504,2.55
123.1555616,2.55
123.4033701,2.55
123.651575,2.55
123.9001756,2.55
124.1491713,2.55
124.3985618,2.55
124.6483468,2.55
124.8985262,2.55
125.1490998,2.55
125.4000678,2.55
125.6514302,2.55
125.903187,2.55
126.1553385,2.55
126.4078847,2.55
126.660826,2.55
126.9141626,2.55
127.1678948,2.55
127.4220228,2.55
127.6765469,2.55
127.9314676,2.55
128.1867851,2.55
128.4424997,2.55
128.6986119,2.55
128.9551221,2.55
129.2120305,2.55
129.4693376,2.55
129.7270438,2.55
129.9851495,2.55
130.2436551,2.55
130.502561,2.55
130.7618676,2.55
131.0215754,2.55
131.2816848,2.55
131.5421963,2.55
131.8031101,2.55
132.0644269,2.55
132.326147,2.55
132.5882709,2.55
132.850799,2.55
133.1137319,2.55
133.3770698,2.55
133.6408133,2.55
133.9049629,2.55
134.169519,2.55
134.434482,2.55
134.6998524,2.55
134.9656308,2.55
135.2318175,2.55
135.498413,2.55
135.7654177,2.55
136.0328323,2.55
136.300657,2.55
136.5688925,2.55
136.837539,2.55
137.1065973,2.55
137.3760676,2.55
137.6459505,2.55
137.9162465,2.55
138.186956,2.55
138.4580795,2.55
138.7296176,2.55
139.0015705,2.55
139.273939,2.55
139.5467233,2.55
139.8199241,2.55
140.0935418,2.55
140.3675714,2.55
140.6420114,2.55
140.9168616,2.55
141.1921223,2.55
141.4677937,2.55
141.7438764,2.55
142.0203707,2.55
142.2972771,2.55
142.574596,2.55
142.8523278,2.55
143.1304731,2.55
143.4090322,2.55
143.6880056,2.55
143.9673938,2.55
144.2471972,2.55
144.5274162,2.55
144.8080513,2.55
145.089103,2.55
145.3705716,2.55
145.6524578,2.55
145.9347618,2.55
146.2174843,2.55
146.5006256,2.55
146.7841861,2.55
147.0681664,2.55
147.352567,2.55
147.6373882,2.55
147.9226306,2.55
148.2082945,2.55
148.4943805,2.55
148.7808891,2.55
149.0678207,2.55
149.3551757,2.55
149.6429547,2.55
149.931158,2.55
150.2197863,2.55
150.5088399,2.55
150.7983193,2.55
151.0882249,2.55
151.3785574,2.55
151.6693171,2.55
151.9605045,2.55
152.25212,2.55
152.5441643,2.55
152.8366376,2.55
153.1295406,2.55
153.4228737,2.55
153.7166373,2.55
154.010832,2.55
154.3054582,2.55
154.6005164,2.55
154.8960071,2.55
155.1919308,2.55
155.4882879,2.55
155.785079,2.55
156.0823045,2.55
156.3799649,2.55
156.6780607,2.55
156.9765923,2.55
157.2755604,2.55
157.5749652,2.55
157.8748075,2.55
158.1750875,2.55
158.4758058,2.55
158.776963,2.55
159.0785594,2.55
159.3805957,2.55
159.6830722,2.55
159.9859895,2.55
160.289348,2.55
160.5931483,2.55
160.8973909,2.55
161.2020762,2.55
161.5072047,2.55
161.8127769,2.55
162.1187934,2.55
162.4252547,2.55
162.7321611,2.55
163.0395133,2.55
163.3473117,2.55
163.6555568,2.55
163.9642491,2.55
164.2733891,2.55
164.5829774,2.55
164.8930144,2.55
165.2035006,2.55
165.5144365,2.55
165.8258227,2.55
166.1376596,2.55
166.4499478,2.55
166.7626877,2.55
167.0758798,2.55
167.3895247,2.55
167.7036228,2.55
168.0181747,2.55
168.3331809,2.55
168.6486419,2.55
168.9645582,2.55
169.2809302,2.55
169.5977586,2.55
169.9150438,2.55
170.2327864,2.55
170.5509868,2.55
170.8696455,2.55
171.1887631,2.55
171.5083401,2.55
171.828377,2.55
172.1488743,2.55
172.4698325,2.55
172.7912522,2.55
173.1131338,2.55
173.4354779,2.55
173.758285,2.55
174.0815556,2.55
174.4052902,2.55
174.7294894,2.55
175.0541536,2.55
175.3792834,2.55
175.7048794,2.55
176.0309419,2.55
176.3574716,2.55
176.684469,2.55
177.0119345,2.55
177.3398688,2.55
177.6682723,2.55
177.9971456,2.55
178.3264892,2.55
178.6563036,2.55
178.9865893,2.55
179.3173469,2.55
179.6485768,2.55
179.9802797,2.55
180.3124561,2.55
180.6449821,2.55
180.9779628,2.55
181.3114474,2.55
181.6454572,2.55
181.9800011,2.55
182.3150818,2.55
182.6506992,2.55
182.986852,2.55
183.3235382,2.55
183.6607554,2.55
183.9985014,2.55
184.3367737,2.55
184.6755703,2.55
185.0148891,2.55
185.3547282,2.55
185.6950859,2.55
186.0359607,2.55
186.3773513,2.55
186.7192563,2.55
187.0616749,2.55
187.4046059,2.55
187.7480486,2.55
188.0920023,2.55
188.4364663,2.55
188.7814401,2.55
189.1269232,2.55
189.4729153,2.55
189.8194162,2.55
190.1664254,2.55
190.5139429,2.55
190.8619686,2.55
191.2105023,2.55
191.559544,2.55
191.9090937,2.55
192.2591514,2.55
192.6097173,2.55
192.9607913,2.55
193.3123738,2.55
193.6644647,2.55
194.0170643,2.55
194.3701728,2.55
194.7237905,2.55
195.0779175,2.55
195.4325541,2.55
195.7877007,2.55
196.1433575,2.55
196.4995249,2.55
196.856203,2.55
197.2133924,2.55
197.5710934,2.55
197.9293063,2.55
198.2880314,2.55
198.6472693,2.55
199.0070202,2.55
199.3672846,2.55
199.7280629,2.55
200.0893555,2.55
200.4511628,2.55
200.8134853,2.55
201.1763234,2.55
201.5396776,2.55
201.9035483,2.55
202.267936,2.55
202.6328411,2.55
202.9982642,2.55
203.3642056,2.55
203.7306659,2.55
204.0976456,2.55
204.4651451,2.55
204.8331649,2.55
205.2017056,2.55
205.5707677,2.55
205.9403516,2.55
206.3104578,2.55
206.681087,2.55
207.0522395,2.55
207.4239159,2.55
207.7961167,2.55
208.1688426,2.55
208.5420938,2.55
208.9158712,2.55
209.290175,2.55
209.6650059,2.55
210.0403645,2.55
210.4162512,2.55
210.7926667,2.55
211.1696113,2.55
211.5470858,2.55
211.9250907,2.55
212.3036264,2.55
212.6826936,2.55
213.0622928,2.55
213.4424246,2.55
213.8230895,2.55
214.2042881,2.55
214.586021,2.55
214.9682886,2.55
215.3510917,2.55
215.7344307,2.55
216.1183062,2.55
216.5027189,2.55
216.8876692,2.55
217.2731577,2.55
217.6591851,2.55
218.0457518,2.55
218.4328586,2.55
218.8205059,2.55
219.2086943,2.55
219.5974244,2.55
219.9866969,2.55
220.3765122,2.55
220.766871,2.55
221.1577739,2.55
221.5492214,2.55
221.9412142,2.55
222.3337528,2.55
222.7268378,2.55
223.1204699,2.55
223.5146495,2.55
223.9093774,2.55
224.3046541,2.55
224.7004802,2.55
225.0968563,2.55
225.493783,2.55
225.8912609,2.55
226.2892906,2.55
226.6878727,2.55
227.0870079,2.55
227.4866967,2.55
227.8869397,2.55
228.2877375,2.55
228.6890908,2.55
229.0910002,2.55
229.4934662,2.55
229.8964895,2.55
230.3000707,2.55
230.7042104,2.55
231.1089092,2.55
231.5141678,2.55
231.9199867,2.55
232.3263666,2.55
232.733308,2.55
233.1408117,2.55
233.5488782,2.55
233.9575081,2.55
234.3667021,2.55
234.7764608,2.55
235.1867849,2.55
235.5976748,2.55
236.0091313,2.55
236.421155,2.55
236.8337465,2.55
237.2469065,2.55
237.6606355,2.55
238.0749343,2.55
238.4898033,2.55
238.9052434,2.55
239.321255,2.55
239.7378388,2.55
240.1549955,2.55
240.5732405,2.55
240.9905547,2.55
241.4071756,2.55
241.8234275,2.55
242.2395608,2.55
242.6557515,2.55
243.0721217,2.55
243.488758,2.55
243.9057232,2.55
244.3230639,2.55
244.7408158,2.55
245.1590064,2.55
245.5776578,2.55
245.9967876,2.55
246.4164102,2.55
246.8365376,2.55
247.2571798,2.55
247.6783453,2.55
248.1000412,2.55
248.522274,2.55
248.9450489,2.55
249.3683709,2.55
249.792244,2.55
250.2166721,2.55
250.6416586,2.55
251.0672063,2.55
251.4933182,2.55
251.9199967,2.55
252.347244,2.55
252.7750624,2.55
253.2034537,2.55
253.6324198,2.55
254.0619624,2.55
254.492083,2.55
254.9227831,2.55
255.3540643,2.55
255.7859277,2.55
256.2183746,2.55
256.6514064,2.55
257.085024,2.55
257.5192199,2.55
257.9539651,2.55
258.3892512,2.55
258.8250772,2.55
259.2614439,2.55
259.6983532,2.55
260.1358069,2.55
260.5738068,2.55
261.0123548,2.55
261.4514528,2.55
261.8911023,2.55
262.3313052,2.55
262.7720629,2.55
263.2133772,2.55
263.6552494,2.55
264.0976811,2.55
264.5406737,2.55
264.9842286,2.55
265.4283472,2.55
265.8730307,2.55
266.3182805,2.55
266.7640979,2.55
267.210484,2.55
267.6574401,2.55
268.1049673,2.55
268.5530668,2.55
269.0017398,2.55
269.4509873,2.55
269.9008105,2.55
270.3512104,2.55
270.8021881,2.55
271.2537446,2.55
271.705881,2.55
272.1585982,2.55
272.6118972,2.55
273.0657791,2.55
273.5202448,2.55
273.9752952,2.55
274.4309314,2.55
274.8871541,2.55
275.3439644,2.55
275.8013631,2.55
276.2593512,2.55
276.7179296,2.55
277.1770991,2.55
277.6368606,2.55
278.097215,2.55
278.5581631,2.55
279.0197058,2.55
279.4818439,2.55
279.9445783,2.55
280.4079098,2.55
280.8718393,2.55
281.3363675,2.55
281.8014953,2.55
282.2672234,2.55
282.7335528,2.55
283.2004841,2.55
283.6680182,2.55
284.1361559,2.55
284.604898,2.55
285.0742452,2.55
285.5441984,2.55
286.0147582,2.55
286.4859255,2.55
286.9577011,2.55
287.4300857,2.55
287.9030801,2.55
288.376685,2.55
288.8509013,2.55
289.3257295,2.55
289.8011706,2.55
290.2772253,2.55
290.7538942,2.55
291.2311782,2.55
291.709078,2.55
292.1875944,2.55
292.666728,2.55
293.1464796,2.55
293.62685,2.55
294.1078399,2.55
294.58945,2.55
295.071681,2.55
295.5545338,2.55
296.0380089,2.55
296.5221072,2.55
297.0068294,2.55
297.4921762,2.55
297.9781482,2.55
298.4647464,2.55
298.9519712,2.55
299.4398236,2.55
299.9283042,2.55
300.4174136,2.55
300.9066162,2.55
301.396677,2.55
301.8876587,2.55
302.3794429,2.55
302.8720321,2.55
303.3654541,2.55
303.8597347,2.55
304.3548923,2.55
304.8509377,2.55
305.3478755,2.55
305.845706,2.55
306.3444263,2.55
306.8440314,2.55
307.3445147,2.55
307.8458689,2.55
308.3480862,2.55
308.8511586,2.55
309.3550781,2.55
309.859837,2.55
310.3654276,2.55
310.8718426,2.55
311.379075,2.55
311.8871183,2.55
312.3959661,2.55
312.9056125,2.55
313.416052,2.55
313.9272793,2.55
314.4392895,2.55
314.952078,2.55
315.4656405,2.55
315.979973,2.55
316.4950716,2.55
317.0109329,2.55
317.5275535,2.55
318.0449303,2.55
318.5630605,2.55
319.0819414,2.55
319.6015705,2.55
320.1219453,2.55
320.6430638,2.55
321.1649239,2.55
321.6875236,2.55
322.2108613,2.55
322.7349352,2.55
323.2597438,2.55
323.7852858,2.55
324.3115598,2.55
324.8385645,2.55
325.3662988,2.55
325.8947618,2.55
326.4239523,2.55
326.9538696,2.55
327.4845128,2.55
328.0158812,2.55
328.547974,2.55
329.0807907,2.55
329.6143307,2.55
330.1485934,2.55
330.6835785,2.55
331.2192854,2.55
331.7557139,2.55
332.2928637,2.55
332.8307343,2.55
333.3693257,2.55
333.9086377,2.55
334.44867,2.55
334.9894225,2.55
335.5308951,2.55
336.0730879,2.55
336.6160007,2.55
337.1596336,2.55
337.7039865,2.55
338.2490596,2.55
338.7948529,2.55
339.3413665,2.55
339.8886006,2.55
340.4365552,2.55
340.9852307,2.55
341.5346271,2.55
342.0847446,2.55
342.6355836,2.55
343.1871442,2.55
343.7394267,2.55
344.2924314,2.55
344.8461586,2.55
345.4006085,2.55
345.9557817,2.55
346.5116783,2.55
347.0682987,2.55
347.6256433,2.55
348.1837125,2.55
348.7425066,2.55
349.3020262,2.55
349.8622715,2.55
350.4232431,2.55
350.9849413,2.55
351.5473667,2.55
352.1105196,2.55
352.6744006,2.55
353.2390101,2.55
353.8043486,2.55
354.3704167,2.55
354.9372147,2.55
355.5047433,2.55
356.0730029,2.55
356.6419941,2.55
357.2117175,2.55
357.7821735,2.55
358.3533627,2.55
358.9252857,2.55
359.497943,2.55
360.0713353,2.55
360.645538,2.55
361.2207521,2.55
361.7967867,2.55
362.3735427,2.55
362.9509699,2.55
363.5290424,2.55
364.1077481,2.55
364.6870823,2.55
365.2670447,2.55
365.8476378,2.55
366.4288656,2.55
367.0107331,2.55
367.5932456,2.55
368.1764086,2.55
368.7602276,2.55
369.3447079,2.55
369.9298546,2.55
370.5156726,2.55
371.1021666,2.55
371.6893407,2.55
372.2771993,2.55
372.8657461,2.55
373.4549848,2.55
374.0449188,2.55
374.6355515,2.55
375.2268858,2.55
375.8189247,2.55
376.4116709,2.55
377.0051271,2.55
377.5992957,2.55
378.1941792,2.55
378.7897796,2.55
379.3860994,2.55
379.9831404,2.55
380.5809048,2.55
381.1793943,2.55
381.778611,2.55
382.3785564,2.55
382.9792325,2.55
383.5806407,2.55
384.1827828,2.55
384.7856603,2.55
385.3892747,2.55
385.9936275,2.55
386.5987201,2.55
387.204554,2.55
387.8111306,2.55
388.4184511,2.55
389.0265168,2.55
389.6353292,2.55
390.2448893,2.55
390.8551986,2.55
391.4662582,2.55
392.0780692,2.55
392.6906329,2.55
393.3039505,2.55
393.9180231,2.55
394.5328517,2.55
395.1484377,2.55
395.7647819,2.55
396.3818856,2.55
396.9997498,2.55
397.6183756,2.55
398.2377641,2.55
398.8579162,2.55
399.478833,2.55
400.1005156,2.55
400.722965,2.55
401.3461821,2.55
401.9701681,2.55
402.5949239,2.55
403.2204504,2.55
403.8467487,2.55
404.4738198,2.55
405.1016646,2.55
405.7302841,2.55
406.3596793,2.55
406.9898511,2.55
407.6208005,2.55
408.2525284,2.55
408.8850359,2.55
409.5183237,2.55
410.152393,2.55
410.7872445,2.55
411.4228793,2.55
412.0592983,2.55
412.6965024,2.55
413.3344925,2.55
413.9732697,2.55
414.6128347,2.55
415.2531885,2.55
415.8943321,2.55
416.5362663,2.55
417.178992,2.55
417.8225103,2.55
418.466822,2.55
419.1119279,2.55
419.7578291,2.55
420.4045264,2.55
421.0505383,2.55
421.6967543,2.55
422.3437207,2.55
422.9917305,2.55
423.6407333,2.55
424.2906501,2.55
424.9414921,2.55
425.5932916,2.55
426.2460805,2.55
426.8998847,2.55
427.5547238,2.55
428.2106113,2.55
428.8675561,2.55
429.5255632,2.55
430.1846348,2.55
430.8447707,2.55
431.5059691,2.55
432.1682269,2.55
432.8315402,2.55
433.4959045,2.55
434.1613146,2.55
434.8277654,2.55
435.4952514,2.55
436.1637672,2.55
436.8333073,2.55
437.5038664,2.55
438.1754394,2.55
438.848021,2.55
439.5216064,2.55
440.1961909,2.55
440.8717698,2.55
441.5483389,2.55
442.225894,2.55
442.904431,2.55
443.5839463,2.55
444.2644361,2.55
444.9458971,2.55
445.628326,2.55
446.3117198,2.55
446.9960755,2.55
447.6813903,2.55
448.3676616,2.55
449.054887,2.55
449.7430641,2.55
450.4321907,2.55
451.1222648,2.55
451.8132843,2.55
452.5052474,2.55
453.1981524,2.55
453.8919977,2.55
454.5867816,2.55
455.2825029,2.55
455.9791601,2.55
456.6767519,2.55
457.3752773,2.55
458.0747351,2.55
458.7751242,2.55
459.4764438,2.55
460.178693,2.55
460.8818708,2.55
461.5859767,2.55
462.2910099,2.55
462.9969697,2.55
463.7038557,2.55
464.4116672,2.55
465.1204038,2.55
465.8300651,2.55
466.5406506,2.55
467.2521602,2.55
467.9645934,2.55
468.6779501,2.55
469.39223,2.55
470.107433,2.55
470.8235589,2.55
471.5406076,2.55
472.2585791,2.55
472.9774734,2.55
473.6972904,2.55
474.4180301,2.55
475.1396928,2.55
475.8622783,2.55
476.5857869,2.55
477.3102186,2.55
478.0355737,2.55
478.7618524,2.55
479.4890548,2.55
480.2171812,2.55
480.9477465,2.55
481.6766415,2.55
482.4033735,2.55
483.1287416,2.55
483.8534814,2.55
484.5781026,2.55
485.3029377,2.55
486.0282032,2.55
486.7540434,2.55
487.4805572,2.55
488.2078147,2.55
488.9358668,2.55
489.6647516,2.55
490.3944983,2.55
491.1251294,2.55
491.8566629,2.55
492.589113,2.55
493.3224914,2.55
494.0568076,2.55
494.7920695,2.55
495.5282836,2.55
496.2654465,2.55
497.0033737,2.55
497.7420174,2.55
498.4813737,2.55
499.2214523,2.55
499.9622664,2.55
500.7038296,2.55
501.4461546,2.55
502.1892532,2.55
502.9331363,2.55
503.6778138,2.55
504.4232951,2.55
505.1695887,2.55
505.9167025,2.55
506.6646438,2.55
507.4134195,2.55
508.1630361,2.55
508.9134994,2.55
509.6648151,2.55
510.4169545,2.55
511.1698779,2.55
511.9235766,2.55
512.6780523,2.55
513.4333095,2.55
514.1893538,2.55
514.9461909,2.55
515.7038262,2.55
516.462265,2.55
517.2215124,2.55
517.9815732,2.55
518.7424522,2.55
519.5041538,2.55
520.2666822,2.55
521.0300417,2.55
521.7942362,2.55
522.5592695,2.55
523.3251454,2.55
524.0918673,2.55
524.8594388,2.55
525.6278632,2.55
526.3971437,2.55
527.1672834,2.55
527.9382854,2.55
528.7101527,2.55
529.482888,2.55
530.2564941,2.55
531.0309739,2.55
531.8063298,2.55
532.5825646,2.55
533.3596806,2.55
534.1376803,2.55
534.9165661,2.55
535.6963404,2.55
536.4770054,2.55
537.2585633,2.55
538.0410164,2.55
538.8243667,2.55
539.6086165,2.55
540.3937676,2.55
541.178357,2.55
541.9633798,2.55
542.749464,2.55
543.5365957,2.55
544.324758,2.55
545.1140006,2.55
545.9043789,2.55
546.695937,2.55
547.4887061,2.55
548.2827058,2.55
549.0779469,2.55
549.8744333,2.55
550.6721645,2.55
551.4711362,2.55
552.2713421,2.55
553.0727743,2.55
553.8754242,2.55
554.6792825,2.55
555.4843397,2.55
556.2905866,2.55
557.0980138,2.55
557.9066126,2.55
558.7163742,2.55
559.5272906,2.55
560.3393539,2.55
561.1525567,2.55
561.9668922,2.55
562.7823536,2.55
563.5989349,2.55
564.4166302,2.55
565.2354342,2.55
566.0553416,2.55
566.8763478,2.55
567.6984484,2.55
568.521639,2.55
569.3459159,2.55
570.1712755,2.55
570.9977143,2.55
571.8252292,2.55
572.6538174,2.55
573.4834759,2.55
574.3142024,2.55
575.1459945,2.55
575.9788499,2.55
576.8127668,2.55
577.6477431,2.55
578.4837773,2.55
579.3208676,2.55
580.1590127,2.55
580.9982112,2.55
581.8384619,2.55
582.6797636,2.55
583.5221153,2.55
584.3655161,2.55
585.2099652,2.55
586.0554618,2.55
586.9020052,2.55
587.7495949,2.55
588.5982304,2.55
589.4479111,2.55
590.2986367,2.55
591.1504069,2.55
592.0032214,2.55
592.85708,2.55
593.7119825,2.55
594.5679289,2.55
595.4249191,2.55
596.2829531,2.55
597.1420309,2.55
598.0021526,2.55
598.8633183,2.55
599.7255282,2.55
600.5887824,2.55
601.4556215,2.55
602.3245931,2.55
603.1924451,2.55
604.0590735,2.55
604.9249658,2.55
605.7905939,2.55
606.6563126,2.55
607.5223732,2.55
608.3889534,2.55
609.2561807,2.55
610.1241492,2.55
610.9929294,2.55
611.8625761,2.55
612.7331319,2.55
613.6046313,2.55
614.4771019,2.55
615.3505666,2.55
616.2249812,2.55
617.1001698,2.55
617.9760964,2.55
618.8527693,2.55
619.7302091,2.55
620.6084386,2.55
621.4874799,2.55
622.3673532,2.55
623.248077,2.55
624.1296681,2.55
625.0121114,2.55
625.8953444,2.55
626.7793569,2.55
627.6641554,2.55
628.5497514,2.55
629.4361573,2.55
630.3233853,2.55
631.2114471,2.55
632.1003536,2.55
632.9901154,2.55
633.8807421,2.55
634.772243,2.55
635.6646268,2.55
636.5579017,2.55
637.4520757,2.55
638.3471559,2.55
639.2431496,2.55
640.1400634,2.55
641.0379038,2.55
641.9366767,2.55
642.8363881,2.55
643.7370435,2.55
644.6386482,2.55
645.5412074,2.55
646.4447259,2.55
647.3492085,2.55
648.2546597,2.55
649.1610839,2.55
650.0684853,2.55
650.976868,2.55
651.8862358,2.55
652.7965927,2.55
653.7079422,2.55
654.6202879,2.55
655.5336333,2.55
656.4479818,2.55
657.3633365,2.55
658.2797007,2.55
659.1970774,2.55
660.1154696,2.55
661.0336942,2.55
661.9483869,2.55
662.8621622,2.55
663.7764124,2.55
664.6919062,2.55
665.6091011,2.55
666.5282699,2.55
667.4489637,2.55
668.3711203,2.55
669.2947873,2.55
670.2200325,2.55
671.1469171,2.55
672.0754888,2.55
673.0057823,2.55
673.9378207,2.55
674.871618,2.55
675.8071804,2.55
676.7445087,2.55
677.683599,2.55
678.6244439,2.55
679.5670339,2.55
680.511357,2.55
681.4573773,2.55
682.4049524,2.55
683.3540361,2.55
684.3046135,2.55
685.256679,2.55
686.2102297,2.55
687.1652629,2.55
688.1217754,2.55
689.0797635,2.55
690.039223,2.55
691.0001494,2.55
691.9625377,2.55
692.9263828,2.55
693.8916793,2.55
694.8584218,2.55
695.8266048,2.55
696.7962227,2.55
697.7672699,2.55
698.7397408,2.55
699.71363,2.55
700.688932,2.55
701.6656414,2.55
702.6437529,2.55
703.6232615,2.55
704.604162,2.55
705.5864495,2.55
706.5701192,2.55
707.5551664,2.55
708.5415865,2.55
709.5293751,2.55
710.518528,2.55
711.5090409,2.55
712.5009098,2.55
713.4941308,2.55
714.4887001,2.55
715.4846141,2.55
716.4818693,2.55
717.4804622,2.55
718.4803895,2.55
719.4816481,2.55
720.484235,2.55
721.4903603,2.55
722.4995207,2.55
723.5110841,2.55
724.5246543,2.55
725.5399791,2.55
726.5568807,2.55
727.5752215,2.55
728.5948889,2.55
729.615789,2.55
730.6378433,2.55
731.6609866,2.55
732.6850257,2.55
733.7098041,2.55
734.7352701,2.55
735.7614106,2.55
736.7882279,2.55
737.8157316,2.55
738.8439349,2.55
739.8728527,2.55
740.9025011,2.55
741.9328968,2.55
742.9640565,2.55
743.9959969,2.55
745.0287344,2.55
746.062285,2.55
747.0966644,2.55
748.1318875,2.55
749.1679688,2.55
750.2049223,2.55
751.2427613,2.55
752.2814987,2.55
753.3211467,2.55
754.361717,2.55
755.403221,2.55
756.4456693,2.55
757.4890721,2.55
758.5334394,2.55
759.5787806,2.55
760.6251046,2.55
761.67242,2.55
762.7207352,2.55
763.770058,2.55
764.8203961,2.55
765.8717566,2.55
766.9241467,2.55
767.9775731,2.55
769.0320421,2.55
770.0875601,2.55
771.144133,2.55
772.2017666,2.55
773.2604665,2.55
774.3202381,2.55
775.3810865,2.55
776.4430168,2.55
777.5060337,2.55
778.5701421,2.55
779.6353464,2.55
780.7016511,2.55
781.7643203,2.55
782.8253431,2.55
783.8860324,2.55
784.9471359,2.55
786.009123,2.55
787.0723213,2.55
788.1369738,2.55
789.2032097,2.55
790.2707992,2.55
791.3397336,2.55
792.4100669,2.55
793.4818648,2.55
794.5551881,2.55
795.6300885,2.55
796.7066084,2.55
797.7847814,2.55
798.864634,2.55
799.9461862,2.55
801.0294527,2.55
802.1144438,2.55
803.2011661,2.55
804.2896234,2.55
805.3798169,2.55
806.4717457,2.55
807.5654075,2.55
808.6607882,2.55
809.7577706,2.55
810.8563188,2.55
811.9564231,2.55
813.0580819,2.55
814.1612958,2.55
815.2660655,2.55
816.3723915,2.55
817.4802736,2.55
818.5897111,2.55
819.700703,2.55
820.8132479,2.55
821.9273439,2.55
823.0429891,2.55
824.1601812,2.55
825.2789177,2.55
826.3991961,2.55
827.5210137,2.55
828.6443677,2.55
829.7692552,2.55
830.8956735,2.55
832.0236194,2.55
833.1530902,2.55
834.2840829,2.55
835.4165945,2.55
836.5506223,2.55
837.6861632,2.55
838.8232146,2.55
839.9617736,2.55
841.1018375,2.55
842.2444859,2.55
843.3893087,2.55
844.5360584,2.55
845.6846008,2.55
846.8348605,2.55
847.9867895,2.55
849.1403528,2.55
850.2955211,2.55
851.4522687,2.55
852.6105714,2.55
853.7704067,2.55
854.9317537,2.55
856.0945926,2.55
857.2589056,2.55
858.4246764,2.55
859.59189,2.55
860.7605332,2.55
861.9305942,2.55
863.1020625,2.55
864.2749288,2.55
865.449185,2.55
866.624824,2.55
867.8018396,2.55
868.9802265,2.55
870.1599802,2.55
871.3410966,2.55
872.5235725,2.55
873.707405,2.55
874.8925918,2.55
876.0791309,2.55
877.2670208,2.55
878.4562602,2.55
879.6468481,2.55
880.8387838,2.55
882.0320669,2.55
883.226697,2.55
884.422674,2.55
885.619998,2.55
886.8186691,2.55
888.0186876,2.55
889.220054,2.55
890.4227687,2.55
891.6268324,2.55
892.8322457,2.55
894.0390094,2.55
895.2471242,2.55
896.456591,2.55
897.6674107,2.55
898.8795842,2.55
900.0931126,2.55
901.3086744,2.55
902.5307352,2.55
903.7572944,2.55
904.9871747,2.55
906.2181468,2.55
907.4483635,2.55
908.6778537,2.55
909.9070336,2.55
911.136315,2.55
912.3660269,2.55
913.596419,2.55
914.8276793,2.55
916.0599513,2.55
917.2933459,2.55
918.5279503,2.55
919.763834,2.55
921.0010535,2.55
922.2396547,2.55
923.4796759,2.55
924.7211488,2.55
925.9641003,2.55
927.2082103,2.55
928.4532052,2.55
929.6989204,2.55
930.9453391,2.55
932.1924905,2.55
933.4404159,2.55
934.6890835,2.55
935.9384545,2.55
937.1885416,2.55
938.439373,2.55
939.6909803,2.55
940.9433952,2.55
942.1966478,2.55
943.4507665,2.55
944.7057782,2.55
945.9617082,2.55
947.2185803,2.55
948.4764168,2.55
949.735239,2.55
950.995067,2.55
952.2559196,2.55
953.5178149,2.55
954.78077,2.55
956.044801,2.55
957.3098594,2.55
958.5759359,2.55
959.8430368,2.55
961.1111729,2.55
962.3554283,2.55
963.602813,2.55
964.8513673,2.55
966.1012001,2.55
967.3527222,2.55
968.6055295,2.55
969.8597671,2.55
971.1157132,2.55
972.373646,2.55
973.6338057,2.55
974.8961976,2.55
976.1604599,2.55
977.4265651,2.55
978.6945823,2.55
979.9645996,2.55
981.2367005,2.55
982.5109566,2.55
983.787427,2.55
985.0661594,2.55
986.3471916,2.55
987.6305523,2.55
988.9160864,2.55
990.203626,2.55
991.4931358,2.55
992.7846218,2.55
994.0781008,2.55
995.3735905,2.55
996.6711072,2.55
997.9706641,2.55
999.2722722,2.55
1000.57594,2.55
1001.881674,2.55
1003.189478,2.55
1004.499356,2.55
1005.811309,2.55
1007.125336,2.55
1008.441439,2.55
1009.759614,2.55
1011.079859,2.55
1012.402171,2.55
1013.726546,2.55
1015.052981,2.55
1016.381469,2.55
1017.712007,2.55
1019.044589,2.55
1020.37921,2.55
1021.645946,2.55
1022.795267,2.55
1024.004657,2.55
1025.231715,2.55
1026.463847,2.55
1027.69783,2.55
1028.933133,2.55
1030.169893,2.55
1031.40835,2.55
1032.648706,2.55
1033.891107,2.55
1035.135654,2.55
1036.382415,2.55
1037.631432,2.55
1038.882735,2.55
1040.136339,2.55
1041.392253,2.55
1042.650479,2.55
1043.911015,2.55
1045.173857,2.55
1046.438998,2.55
1047.706431,2.55
1048.976145,2.55
1050.248132,2.55
1051.522381,2.55
1052.798881,2.55
1054.077623,2.55
1055.358595,2.55
1056.641788,2.55
1057.92719,2.55
1059.214792,2.55
1060.504584,2.55
1061.796556,2.55
1063.090699,2.55
1064.387003,2.55
1065.68546,2.55
1066.986062,2.55
1068.288799,2.55
1069.593665,2.55
1070.90065,2.55
1072.209749,2.55
1073.520953,2.55
1074.834256,2.55
1076.14965,2.55
1077.46713,2.55
1078.78669,2.55
1080.108323,2.55
1081.43972,2.55
1082.710177,2.55
1084.020021,2.55
1085.347033,2.55
1086.68215,2.55
1088.023093,2.55
1089.369593,2.55
1090.719967,2.55
1092.073831,2.55
1093.431294,2.55
1094.792554,2.55
1096.157788,2.55
1097.52645,2.55
1098.898089,2.55
1100.272647,2.55
1101.650172,2.55
1103.030728,2.55
1104.414374,2.55
1105.801149,2.55
1107.191082,2.55
1108.584164,2.55
1109.979929,2.55
1111.378247,2.55
1112.779095,2.55
1114.182481,2.55
1115.588419,2.55
1116.99692,2.55
1118.407994,2.55
1119.821644,2.55
1121.23787,2.55
1122.656671,2.55
1124.078041,2.55
1125.501973,2.55
1126.928457,2.55
1128.357484,2.55
1129.789041,2.55
1131.223115,2.55
1132.659641,2.55
1134.098465,2.55
1135.539538,2.55
1136.982842,2.55
1138.428368,2.55
1139.876112,2.55
1141.326068,2.55
1142.782369,2.55
1144.243719,2.55
1145.709174,2.55
1147.178154,2.55
1148.65029,2.55
1150.125323,2.55
1151.603049,2.55
1153.083294,2.55
1154.5659,2.55
1156.050726,2.55
1157.537643,2.55
1159.026537,2.55
1160.517305,2.55
1162.009847,2.55
1163.503875,2.55
1164.999264,2.55
1166.495953,2.55
1167.993909,2.55
1169.493109,2.55
1170.99354,2.55
1172.495197,2.55
1173.998077,2.55
1175.502179,2.55
1177.007509,2.55
1178.514073,2.55
1180.021876,2.55
1181.530928,2.55
1183.041238,2.55
1184.552817,2.55
1186.065674,2.55
1187.579821,2.55
1189.095269,2.55
1190.612027,2.55
1192.130108,2.55
1193.649522,2.55
1195.17028,2.55
1196.692393,2.55
1198.215869,2.55
1199.740721,2.55
1201.266956,2.55
1202.775547,2.55
1204.283974,2.55
1205.791877,2.55
1207.299908,2.55
1208.808201,2.55
1210.317136,2.55
1211.827132,2.55
1213.338582,2.55
1214.851836,2.55
1216.367193,2.55
1217.884603,2.55
1219.403909,2.55
1220.92517,2.55
1222.448501,2.55
1223.974027,2.55
1225.50186,2.55
1227.032099,2.55
1228.564828,2.55
1230.100117,2.55
1231.638026,2.55
1233.17856,2.55
1234.721458,2.55
1236.266668,2.55
1237.814198,2.55
1239.364075,2.55
1240.916329,2.55
1242.470988,2.55
1244.028074,2.55
1245.587609,2.55
1247.149609,2.55
1248.714087,2.55
1250.281056,2.55
1251.850523,2.55
1253.422495,2.55
1254.996977,2.55
1256.573972,2.55
1258.15348,2.55
1259.735503,2.55
1260.855188,2.55
1261.899809,2.55
1263.061183,2.55
1264.366598,2.55
1265.798215,2.55
1267.272959,2.55
1268.762415,2.55
1270.257688,2.55
1271.756242,2.55
1273.257494,2.55
1274.761412,2.55
1276.268085,2.55
1277.777606,2.55
1279.290043,2.55
1280.805442,2.55
1282.323827,2.55
1283.845212,2.55
1285.369597,2.55
1286.896979,2.55
1288.427348,2.55
1289.960692,2.55
1291.496995,2.55
1293.036241,2.55
1294.578414,2.55
1296.123495,2.55
1297.671467,2.55
1299.222312,2.55
1300.776013,2.55
1302.332552,2.55
1303.891913,2.55
1305.454079,2.55
1307.019034,2.55
1308.586762,2.55
1310.15725,2.55
1311.730482,2.55
1313.306444,2.55
1314.885124,2.55
1316.466507,2.55
1318.050582,2.55
1319.637337,2.55
1321.22676,2.55
1322.669346,2.55
1324.206539,2.55
1325.780732,2.55
1327.370971,2.55
1328.96943,2.55
1330.574231,2.55
1332.183409,2.55
1333.796302,2.55
1335.413014,2.55
1337.033805,2.55
1338.657643,2.55
1340.284372,2.55
1341.914092,2.55
1343.54695,2.55
1345.183079,2.55
1346.822158,2.55
1348.463847,2.55
1350.108106,2.55
1351.754983,2.55
1353.404542,2.55
1355.056845,2.55
1356.71194,2.55
1358.369869,2.55
1360.030607,2.55
1361.693822,2.55
1363.359431,2.55
1365.027431,2.55
1366.697842,2.55
1368.370686,2.55
1370.045984,2.55
1371.723756,2.55
1373.404014,2.55
1375.086771,2.55
1376.772035,2.55
1378.459812,2.55
1380.150105,2.55
1381.842689,2.55
1383.536305,2.55
1385.231521,2.55
1386.928699,2.55
1388.627847,2.55
1390.329052,2.55
1392.032414,2.55
1393.738043,2.55
1395.446043,2.55
1397.156516,2.55
1398.869552,2.55
1400.585232,2.55
1402.303626,2.55
1404.024789,2.55
1405.748768,2.55
1407.475597,2.55
1409.205302,2.55
1410.937899,2.55
1412.673224,2.55
1414.411176,2.55
1416.151732,2.55
1417.894891,2.55
1419.640659,2.55
1421.389041,2.55
1423.140038,2.55
1424.893652,2.55
1426.64988,2.55
1428.408721,2.55
1430.170168,2.55
1431.934218,2.55
1433.700861,2.55
1435.470092,2.55
1437.241901,2.55
1439.016279,2.55
1440.793218,2.55
1442.394487,2.55
1444.091211,2.55
1445.830644,2.55
1447.583834,2.55
1449.341446,2.55
1451.100683,2.55
1452.860841,2.55
1454.621865,2.55
1456.383882,2.55
1458.147064,2.55
1459.911584,2.55
1461.677606,2.55
1463.445289,2.55
1465.214778,2.55
1466.986211,2.55
1468.759718,2.55
1470.53542,2.55
1472.313224,2.55
1474.093079,2.55
1475.875027,2.55
1477.659134,2.55
1479.445472,2.55
1481.234112,2.55
1483.025119,2.55
1484.818557,2.55
1486.614481,2.55
1488.412947,2.55
1490.214002,2.55
1492.01769,2.55
1493.824054,2.55
1495.63313,2.55
1497.444952,2.55
1499.259551,2.55
1500.472062,2.55
1501.678122,2.55
1502.952639,2.55
1504.384877,2.55
1505.99069,2.55
1507.766814,2.55
1509.599782,2.55
1511.450901,2.55
1513.308318,2.55
1515.168858,2.55
1517.031957,2.55
1518.897747,2.55
1520.766483,2.55
1522.638394,2.55
1524.513653,2.55
1526.392382,2.55
1528.274668,2.55
1530.160565,2.55
1532.050109,2.55
1533.943321,2.55
1535.840208,2.55
1537.740773,2.55
1539.645009,2.55
1541.552907,2.55
1543.464455,2.55
1545.379638,2.55
1547.298439,2.55
1549.22084,2.55
1551.146823,2.55
1553.07637,2.55
1555.009461,2.55
1556.946078,2.55
1558.886201,2.55
1560.447659,2.55
1562.060309,2.55
1563.586685,2.55
1565.237282,2.55
1567.054442,2.55
1568.930914,2.55
1570.827948,2.55
1572.731611,2.55
1574.638011,2.55
1576.545289,2.55
1578.453347,2.55
1580.362533,2.55
1582.272516,2.55
1584.183494,2.55
1586.095805,2.55
1588.0098,2.55
1589.925447,2.55
1591.842638,2.55
1593.761497,2.55
1595.682211,2.55
1597.604971,2.55
1599.529955,2.55
1601.457324,2.55
1603.386981,2.55
1605.318777,2.55
1607.252741,2.55
1609.188954,2.55
1611.127508,2.55
1613.068492,2.55
1615.011988,2.55
1616.95807,2.55
1618.906804,2.55
1620.656016,2.55
1622.408558,2.55
1624.246007,2.55
1626.18269,2.55
1628.159168,2.55
1630.153791,2.55
1632.158683,2.55
1634.170846,2.55
1636.189022,2.55
1638.21259,2.55
1640.241171,2.55
1642.274486,2.55
1644.312299,2.55
1646.354396,2.55
1648.400577,2.55
1650.450649,2.55
1652.50443,2.55
1654.561744,2.55
1656.622423,2.55
1658.686309,2.55
1660.753251,2.55
1662.82311,2.55
1664.895753,2.55
1666.971059,2.55
1669.048915,2.55
1671.129216,2.55
1673.211868,2.55
1675.296782,2.55
1677.38388,2.55
1679.472939,2.55
1681.295591,2.55
1682.98702,2.55
1684.81347,2.55
1686.684178,2.55
1688.570187,2.55
1690.462972,2.55
1692.360283,2.55
1694.261676,2.55
1696.16717,2.55
1698.076858,2.55
1699.990818,2.55
1701.909094,2.55
1703.831706,2.55
1705.758654,2.55
1707.689926,2.55
1709.625503,2.55
1711.565359,2.55
1713.509466,2.55
1715.457795,2.55
1717.410314,2.55
1719.366994,2.55
1721.327803,2.55
1723.292711,2.55
1725.26169,2.55
1727.234711,2.55
1729.211745,2.55
1731.192767,2.55
1733.17775,2.55
1735.166671,2.55
1737.159504,2.55
1739.156227,2.55
1740.910922,2.55
1742.528537,2.55
1744.39694,2.55
1746.365677,2.55
1748.375754,2.55
1750.403308,2.55
1752.441442,2.55
1754.486602,2.55
1756.537337,2.55
1758.593628,2.55
1760.654497,2.55
1762.719446,2.55
1764.788558,2.55
1766.86204,2.55
1768.939146,2.55
1771.019634,2.55
1773.103552,2.55
1775.191018,2.55
1777.282149,2.55
1779.376643,2.55
1781.474189,2.55
1783.574753,2.55
1785.67838,2.55
1787.785129,2.55
1789.895055,2.55
1792.008207,2.55
1794.12462,2.55
1796.244021,2.55
1798.366257,2.55
1800.491302,2.55
1802.621435,2.55
1804.759699,2.55
1806.904407,2.55
1809.054412,2.55
1811.209032,2.55
1813.367855,2.55
1815.530607,2.55
1817.697085,2.55
1819.867025,2.55
1822.040237,2.55
1824.216595,2.55
1826.396002,2.55
1828.578368,2.55
1830.763613,2.55
1832.951659,2.55
1835.142436,2.55
1837.335876,2.55
1839.531918,2.55
1841.730504,2.55
1843.931583,2.55
1846.135107,2.55
1848.341034,2.55
1850.549323,2.55
1852.75994,2.55
1854.972854,2.55
1857.188037,2.55
1859.405462,2.55
1860.42895,2.55
1861.438726,2.55
1862.527999,2.55
1863.748956,2.55
1865.104853,2.55
1866.587348,2.55
1868.186911,2.55
1869.894654,2.55
1871.703389,2.55
1873.607284,2.55
1875.601327,2.55
1877.676528,2.55
1879.779328,2.55
1881.891773,2.55
1884.008311,2.55
1886.126643,2.55
1888.246346,2.55
1890.367614,2.55
1892.49082,2.55
1894.616371,2.55
1896.744021,2.55
1898.87374,2.55
1901.005722,2.55
1903.140216,2.55
1905.277478,2.55
1907.417749,2.55
1909.561085,2.55
1911.707149,2.55
1913.855953,2.55
1916.007613,2.55
1918.162276,2.55
1920.320088,2.55
1922.158365,2.55
1923.840122,2.55
1925.670327,2.55
1927.725283,2.55
1929.896094,2.55
1932.114084,2.55
1934.354382,2.55
1936.607926,2.55
1938.870982,2.55
1941.14203,2.55
1943.420359,2.55
1945.70556,2.55
1947.997354,2.55
1950.295517,2.55
1952.599856,2.55
1954.910189,2.55
1957.226345,2.55
1959.548158,2.55
1961.875462,2.55
1964.208097,2.55
1966.545903,2.55
1968.888724,2.55
1971.236404,2.55
1973.588795,2.55
1975.94575,2.55
1978.307127,2.55
1980.672791,2.55
1983.043131,2.55
1985.418614,2.55
1987.798944,2.55
1990.183812,2.55
1992.572954,2.55
1994.966159,2.55
1997.363254,2.55
1999.764093,2.55
2002.168553,2.55
2004.576526,2.55
2006.987917,2.55
2009.402641,2.55
2011.820623,2.55
2014.241793,2.55
2016.666087,2.55
2019.093447,2.55
2021.523819,2.55
2023.957151,2.55
2026.393395,2.55
2028.832411,2.55
2031.274105,2.55
2033.718421,2.55
2036.165318,2.55
2038.614761,2.55
2040.656137,2.55
2042.717714,2.55
2044.75091,2.55
2046.971256,2.55
2049.319203,2.55
2051.708709,2.55
2054.110489,2.55
2056.515205,2.55
2058.920152,2.55
2061.324758,2.55
2063.72911,2.55
2066.133482,2.55
2068.53819,2.55
2070.943543,2.55
2073.349837,2.55
2075.757176,2.55
2078.16567,2.55
2080.575491,2.55
2082.986822,2.55
2085.399847,2.55
2087.814738,2.55
2090.23166,2.55
2092.650766,2.55
2095.072199,2.55
2097.496094,2.55
2099.922573,2.55
2102.351733,2.55
2104.791055,2.55
2107.239217,2.55
2109.694887,2.55
2112.157037,2.55
2114.624969,2.55
2117.098223,2.55
2119.576485,2.55
2122.059536,2.55
2124.547213,2.55
2127.039385,2.55
2129.53594,2.55
2132.036637,2.55
2134.541344,2.55
2137.049975,2.55
2139.562462,2.55
2142.078742,2.55
2144.598756,2.55
2147.122445,2.55
2149.649754,2.55
2152.180626,2.55
2154.715008,2.55
2157.252849,2.55
2159.794097,2.55
2161.905818,2.55
2163.816446,2.55
2165.879382,2.55
2168.154383,2.55
2170.520661,2.55
2172.922706,2.55
2175.341988,2.55
2177.772476,2.55
2180.212196,2.55
2182.660461,2.55
2185.116975,2.55
2187.581555,2.55
2190.054052,2.55
2192.534324,2.55
2195.022232,2.55
2197.517643,2.55
2200.02043,2.55
2202.530467,2.55
2205.047639,2.55
2207.571834,2.55
2210.102947,2.55
2212.640878,2.55
2215.185531,2.55
2217.736819,2.55
2220.294655,2.55
2221.980075,2.55
2223.539609,2.55
2225.223507,2.55
2227.083687,2.55
2229.129597,2.55
2231.357781,2.55
2233.762035,2.55
2236.270324,2.55
2238.81474,2.55
2241.37186,2.55
2243.933309,2.55
2246.496553,2.55
2249.060652,2.55
2251.625833,2.55
2254.191703,2.55
2256.758599,2.55
2259.327052,2.55
2261.896802,2.55
2264.468012,2.55
2267.041023,2.55
2269.616204,2.55
2272.193544,2.55
2274.772936,2.55
2277.354533,2.55
2279.938557,2.55
2281.47503,2.55
2282.867074,2.55
2284.373423,2.55
2286.044149,2.55
2287.887288,2.55
2289.899042,2.55
2292.072249,2.55
2294.400537,2.55
2296.877881,2.55
2299.450306,2.55
2302.053689,2.55
2304.667505,2.55
2307.28583,2.55
2309.907357,2.55
2312.532126,2.55
2315.160495,2.55
2317.792845,2.55
2320.429495,2.55
2323.070702,2.55
2325.716666,2.55
2328.36754,2.55
2331.023444,2.55
2333.684469,2.55
2336.350687,2.55
2339.02215,2.55
2340.448287,2.55
2341.898013,2.55
2343.313512,2.55
2344.860088,2.55
2346.573372,2.55
2348.45827,2.55
2350.510938,2.55
2352.72538,2.55
2355.096442,2.55
2357.619208,2.55
2360.255194,2.55
2362.928635,2.55
2365.61325,2.55
2368.300379,2.55
2370.987327,2.55
2373.673562,2.55
2376.359461,2.55
2379.044952,2.55
2381.730439,2.55
2384.416448,2.55
2387.103381,2.55
2389.791177,2.55
2392.480087,2.55
2395.170449,2.55
2397.862605,2.55
2400.55688,2.55
2402.287134,2.55
2403.904777,2.55
2405.649423,2.55
2407.574039,2.55
2409.689507,2.55
2411.993476,2.55
2414.480906,2.55
2417.084149,2.55
2419.731195,2.55
2422.397853,2.55
2425.076345,2.55
2427.764272,2.55
2430.460926,2.55
2433.166102,2.55
2435.879725,2.55
2438.601738,2.55
2441.332075,2.55
2444.070657,2.55
2446.817398,2.55
2449.572204,2.55
2452.334978,2.55
2455.105623,2.55
2457.884043,2.55
2460.670142,2.55
2462.508656,2.55
2464.25119,2.55
2466.136937,2.55
2468.219504,2.55
2470.509444,2.55
2473.003784,2.55
2475.697202,2.55
2478.473535,2.55
2481.276095,2.55
2484.085575,2.55
2486.895767,2.55
2489.705264,2.55
2492.513745,2.55
2495.321507,2.55
2498.129174,2.55
2500.93703,2.55
2503.745291,2.55
2506.554377,2.55
2509.364745,2.55
2512.176778,2.55
2514.990342,2.55
2517.805616,2.55
2520.62287,2.55
2522.985693,2.55
2525.203226,2.55
2527.536989,2.55
2530.03224,2.55
2532.686846,2.55
2535.421745,2.55
2538.183394,2.55
2540.95401,2.55
2543.727555,2.55
2546.502334,2.55
2549.278082,2.55
2552.054977,2.55
2554.833314,2.55
2557.61341,2.55
2560.395572,2.55
2563.179735,2.55
2565.965908,2.55
2568.75425,2.55
2571.544964,2.55
2574.338258,2.55
2577.134335,2.55
2579.933386,2.55
2581.095374,2.55
2582.173561,2.55
2583.350715,2.55
2584.659866,2.55
2586.103668,2.55
2587.677277,2.55
2589.374744,2.55
2591.190126,2.55
2593.118914,2.55
2595.157427,2.55
2597.302478,2.55
2599.551728,2.55
2601.902899,2.55
2604.354266,2.55
2606.904266,2.55
2609.507869,2.55
2612.134863,2.55
2614.7752,2.55
2617.425621,2.55
2620.085096,2.55
2622.753311,2.55
2625.430167,2.55
2628.11562,2.55
2630.809636,2.55
2633.512173,2.55
2636.223184,2.55
2638.942614,2.55
2640.555211,2.55
2642.18406,2.55
2643.833082,2.55
2645.676484,2.55
2647.757105,2.55
2650.086343,2.55
2652.666235,2.55
2655.496774,2.55
2658.488101,2.55
2661.539743,2.55
2664.612534,2.55
2667.688994,2.55
2670.763747,2.55
2673.835121,2.55
2676.903043,2.55
2679.96794,2.55
2683.030371,2.55
2686.090917,2.55
2689.150137,2.55
2692.208561,2.55
2695.266685,2.55
2698.324969,2.55
2700.425,2.55
2702.341915,2.55
2704.131405,2.55
2706.028763,2.55
2708.07747,2.55
2710.277689,2.55
2712.619215,2.55
2715.090783,2.55
2717.682091,2.55
2720.384782,2.55
2723.192084,2.55
2726.095784,2.55
2729.03141,2.55
2731.977025,2.55
2734.925398,2.55
2737.874471,2.55
2740.823883,2.55
2743.773815,2.55
2746.724609,2.55
2749.676502,2.55
2752.629441,2.55
2755.583623,2.55
2758.53932,2.55
2761.045831,2.55
2763.516638,2.55
2766.285893,2.55
2769.209832,2.55
2772.196007,2.55
2775.210619,2.55
2778.24098,2.55
2781.282112,2.55
2784.331949,2.55
2787.38952,2.55
2790.454303,2.55
2793.525975,2.55
2796.604321,2.55
2799.689183,2.55
2802.780441,2.55
2805.877996,2.55
2808.981585,2.55
2812.09093,2.55
2815.205908,2.55
2818.326448,2.55
2820.384656,2.55
2822.278433,2.55
2824.012028,2.55
2825.85401,2.55
2827.860117,2.55
2830.038109,2.55
2832.382484,2.55
2834.884883,2.55
2837.537727,2.55
2840.33427,2.55
2843.269355,2.55
2846.298692,2.55
2849.36342,2.55
2852.444277,2.55
2855.535352,2.55
2858.635047,2.55
2861.74309,2.55
2864.859571,2.55
2867.984647,2.55
2871.118454,2.55
2874.261094,2.55
2877.412636,2.55
2879.805591,2.55
2880.870926,2.55
2881.845162,2.55
2882.912659,2.55
2884.10267,2.55
2885.416407,2.55
2886.847803,2.55
2888.390063,2.55
2890.036791,2.55
2891.782704,2.55
2893.623646,2.55
2895.555708,2.55
2897.575871,2.55
2899.681403,2.55
2901.869847,2.55
2904.139124,2.55
2906.487113,2.55
2908.912127,2.55
2911.412272,2.55
2913.986077,2.55
2916.631874,2.55
2919.348337,2.55
2922.133935,2.55
2924.987448,2.55
2927.907467,2.55
2930.892822,2.55
2933.942257,2.55
2937.034094,2.55
2940.139229,2.55
2941.986282,2.55
2943.651206,2.55
2945.462951,2.55
2947.50119,2.55
2949.793953,2.55
2952.354594,2.55
2955.192603,2.55
2958.299021,2.55
2961.510559,2.55
2964.766567,2.55
2968.045293,2.55
2971.338761,2.55
2974.643835,2.55
2977.959119,2.55
2981.283886,2.55
2984.617689,2.55
2987.960222,2.55
2991.311256,2.55
2994.670611,2.55
2998.038135,2.55
3000.816041,2.55
3003.67852,2.55
3006.416073,2.55
3009.391727,2.55
3012.613859,2.55
3015.92032,2.55
3019.254225,2.55
3022.596995,2.55
3025.94298,2.55
3029.290727,2.55
3032.640071,2.55
3035.991195,2.55
3039.344341,2.55
3042.699671,2.55
3046.057274,2.55
3049.417273,2.55
3052.77978,2.55
3056.144889,2.55
3059.512676,2.55
3060.396247,2.55
3061.256796,2.55
3062.204754,2.55
3063.274538,2.55
3064.466347,2.55
3065.77177,2.55
3067.182197,2.55
3068.69021,2.55
3070.289389,2.55
3071.974846,2.55
3073.742433,2.55
3075.58866,2.55
3077.510766,2.55
3079.506034,2.55
3081.572381,2.55
3083.7078,2.55
3085.910577,2.55
3088.179168,2.55
3090.512105,2.55
3092.908163,2.55
3095.366053,2.55
3097.884779,2.55
3100.463196,2.55
3103.100466,2.55
3105.763254,2.55
3108.43875,2.55
3111.122842,2.55
3113.814301,2.55
3116.512834,2.55
3119.218435,2.55
3120.399953,2.55
3121.554093,2.55
3122.692213,2.55
3123.940014,2.55
3125.326421,2.55
3126.855963,2.55
3128.527026,2.55
3130.336919,2.55
3132.282711,2.55
3134.362595,2.55
3136.575543,2.55
3138.920528,2.55
3141.397292,2.55
3144.005797,2.55
3146.745976,2.55
3149.618185,2.55
3152.62248,2.55
3155.759197,2.55
3159.028532,2.55
3162.403705,2.55
3165.823262,2.55
3169.26445,2.55
3172.71895,2.55
3176.181599,2.55
3179.65064,2.55
3183.124383,2.55
3186.626058,2.55
3190.146411,2.55
3193.679261,2.55
3197.220772,2.55
3200.768874,2.55
3204.322102,2.55
3207.879987,2.55
3211.441863,2.55
3215.007425,2.55
3218.576715,2.55
3222.149697,2.55
3225.726058,2.55
3229.305836,2.55
3232.889176,2.55
3236.476249,2.55
3240.066923,2.55
3243.661145,2.55
3247.261859,2.55
3250.868738,2.55
3254.481393,2.55
3258.099503,2.55
3261.722536,2.55
3265.350221,2.55
3268.982441,2.55
3272.61915,2.55
3276.260327,2.55
3279.905969,2.55
3283.556078,2.55
3287.210658,2.55
3290.869711,2.55
3294.533241,2.55
3298.201154,2.55
3300.45394,2.55
3302.453049,2.55
3304.295477,2.55
3306.250362,2.55
3308.371573,2.55
3310.663254,2.55
3313.116745,2.55
3315.720827,2.55
3318.464768,2.55
3321.339478,2.55
3324.337254,2.55
3327.451237,2.55
3330.675628,2.55
3334.005405,2.55
3337.43613,2.55
3340.923568,2.55
3344.428905,2.55
3347.93943,2.55
3351.451275,2.55
3354.963508,2.55
3358.476158,2.55
3360.833239,2.55
3362.982401,2.55
3365.079056,2.55
3367.389532,2.55
3369.989085,2.55
3372.905584,2.55
3376.153177,2.55
3379.66323,2.55
3383.276911,2.55
3386.935994,2.55
3390.619584,2.55
3394.319947,2.55
3398.033972,2.55
3401.760224,2.55
3405.497803,2.55
3409.245894,2.55
3413.004013,2.55
3416.771825,2.55
3420.070888,2.55
3421.625586,2.55
3423.079578,2.55
3424.656343,2.55
3426.39569,2.55
3428.299797,2.55
3430.359848,2.55
3432.565778,2.55
3434.907807,2.55
3437.377833,2.55
3439.968512,2.55
3442.67365,2.55
3445.487825,2.55
3448.405951,2.55
3451.423616,2.55
3454.536837,2.55
3457.741718,2.55
3461.034795,2.55
3464.412893,2.55
3467.873053,2.55
3471.412376,2.55
3474.98923,2.55
3478.578008,2.55
3480.707796,2.55
3482.883382,2.55
3485.065423,2.55
3487.528098,2.55
3490.358124,2.55
3493.600856,2.55
3497.137477,2.55
3500.789585,2.55
3504.491249,2.550000001
3508.218721,2.550000001
3511.963179,2.550000001
3515.721056,2.550000001
3519.490695,2.550000001
3523.271184,2.550000001
3527.061936,2.550000001
3530.862367,2.550000001
3534.671968,2.550000001
3538.490419,2.550000001
3540.311436,2.550000001
3541.934216,2.550000001
3543.402063,2.550000001
3544.94948,2.550000001
3546.623864,2.550000001
3548.431516,2.550000001
3550.366716,2.550000001
3552.42198,2.550000001
3554.58989,2.550000001
3556.864459,2.550000001
3559.240489,2.550000001
3561.713856,2.550000001
3564.281013,2.550000001
3566.939019,2.550000001
3569.685384,2.550000001
3572.517894,2.550000001
3575.43476,2.550000001
3578.434229,2.550000001
3581.514981,2.550000001
3584.675603,2.550000001
3587.888168,2.550000001
3591.125285,2.550000001
3594.377868,2.550000001
3597.642983,2.550000001
3599.9013,2.550000001
3601.152018,2.550000001
3602.312642,2.550000001
3603.587944,2.550000001
3605.01586,2.550000001
3606.601183,2.550000001
3608.340366,2.550000001
3610.228269,2.550000001
3612.259815,2.550000001
3614.431292,2.550000001
3616.73955,2.550000001
3619.182141,2.550000001
3621.757215,2.550000001
3624.462939,2.550000001
3627.298073,2.550000001
3630.261053,2.550000001
3633.35084,2.550000001
3636.565992,2.550000001
3639.905451,2.550000001
3643.367798,2.550000001
3646.951813,2.550000001
3650.656104,2.550000001
3654.479199,2.550000001
3658.417523,2.550000001
3660.967486,2.550000001
3663.531513,2.550000001
3666.269349,2.550000001
3669.47441,2.550000001
3673.219729,2.550000001
3677.176544,2.550000001
3681.216027,2.550000001
3685.291291,2.550000001
3689.385191,2.550000001
3693.491094,2.550000001
3697.606155,2.550000001
3701.728961,2.550000001
3705.858706,2.550000001
3709.994875,2.550000001
3714.137116,2.550000001
3718.285181,2.550000001
3722.438891,2.550000001
3726.284598,2.550000001
3730.337677,2.550000002
3734.48835,2.550000002
3738.680804,2.550000002
3742.895108,2.550000002
3747.123874,2.550000002
3751.364113,2.550000002
3755.614429,2.550000002
3759.874035,2.550000002
3764.142409,2.550000002
3768.419154,2.550000002
3772.703945,2.550000002
3776.996501,2.550000002
3780.169248,2.550000002
3782.487833,2.550000002
3784.599339,2.550000002
3786.865322,2.550000002
3789.358718,2.550000002
3792.089095,2.550000002
3795.048687,2.550000002
3798.225815,2.550000002
3801.608517,2.550000002
3805.18636,2.550000002
3808.95025,2.550000002
3812.892135,2.550000002
3816.965591,2.550000002
3821.079771,2.550000002
3825.204219,2.550000002
3829.3293,2.550000002
3833.45232,2.550000002
3837.572847,2.550000002
3841.691166,2.550000002
3845.810536,2.550000002
3849.932715,2.550000002
3854.058028,2.550000002
3858.186367,2.550000002
3862.317568,2.550000002
3866.451551,2.550000002
3870.588336,2.550000002
3874.728004,2.550000002
3878.87039,2.550000002
3883.015547,2.550000002
3887.163611,2.550000002
3891.314749,2.550000003
3895.469137,2.550000003
3899.626955,2.550000003
3903.788376,2.550000003
3907.960599,2.550000003
3912.143774,2.550000003
3916.337569,2.550000003
3920.54123,2.550000003
3924.753994,2.550000003
3928.975236,2.550000003
3933.204472,2.550000003
3937.441066,2.550000003
3941.684669,2.550000003
3945.935057,2.550000003
3950.192077,2.550000003
3954.455617,2.550000003
3958.725589,2.550000003
3960.99783,2.550000003
3963.087225,2.550000003
3965.312977,2.550000003
3967.78182,2.550000003
3970.501589,2.550000003
3973.455516,2.550000003
3976.622632,2.550000003
3979.983568,2.550000003
3983.521725,2.550000003
3987.223085,2.550000003
3991.075744,2.550000003
3995.06948,2.550000003
3999.179576,2.550000003
4003.327353,2.550000003
4007.48642,2.550000003
4011.648346,2.550000003
4015.810688,2.550000003
4019.972877,2.550000003
4024.134879,2.550000003
4028.294838,2.550000003
4032.453001,2.550000003
4036.609814,2.550000003
4040.765847,2.550000003
4044.921666,2.550000003
4049.077784,2.550000002
4053.234656,2.550000002
4057.392688,2.550000002
4061.552248,2.550000002
4065.71367,2.550000002
4069.87716,2.550000002
4074.042741,2.550000002
4078.210586,2.550000002
4080.306042,2.550000002
4081.738181,2.550000002
4083.061903,2.550000002
4084.479569,2.550000002
4086.032066,2.550000002
4087.725283,2.550000002
4089.555133,2.550000002
4091.515341,2.550000002
4093.600414,2.550000002
4095.805244,2.550000002
4098.1261,2.550000002
4100.559632,2.550000002
4103.10335,2.550000002
4105.755026,2.550000002
4108.512938,2.550000002
4111.375549,2.550000001
4114.341642,2.550000001
4117.410121,2.550000001
4120.580126,2.550000001
4123.850849,2.550000001
4127.2217,2.550000001
4130.685865,2.550000001
4134.1977,2.550000001
4137.741204,2.550000001
4139.985291,2.550000001
4141.407436,2.550000001
4142.738414,2.550000001
4144.198291,2.55
4145.830912,2.55
4147.643292,2.55
4149.632488,2.55
4151.792705,2.55
4154.118914,2.55
4156.60666,2.55
4159.252251,2.55
4162.052548,2.55
4165.004692,2.55
4168.106059,2.549999999
4171.354163,2.549999999
4174.746395,2.549999999
4178.280362,2.549999999
4181.953324,2.549999999
4185.76262,2.549999999
4189.705585,2.549999998
4193.779327,2.549999998
4197.98086,2.549999998
4200.573341,2.549999998
4202.866378,2.549999998
4204.957048,2.549999997
4207.205606,2.549999997
4209.700453,2.549999997
4212.466835,2.549999997
4215.510823,2.549999997
4218.832916,2.549999996
4222.432984,2.549999996
4226.310907,2.549999996
4230.467691,2.549999996
4234.904481,2.549999995
4239.50986,2.549999995
4244.18606,2.549999994
4248.898248,2.549999994
4253.633784,2.549999994
4258.387731,2.549999993
4260.738711,2.549999993
4263.073848,2.549999993
4265.354281,2.549999992
4267.797424,2.549999992
4270.4389,2.549999992
4273.273092,2.549999991
4276.285367,2.549999991
4279.461301,2.549999991
4282.788832,2.54999999
4286.258316,2.54999999
4289.834032,2.549999989
4293.463471,2.549999989
4297.127798,2.549999988
4300.819943,2.549999988
4304.536927,2.549999987
4308.277227,2.549999987
4312.039877,2.549999986
4315.824148,2.549999986
4319.629434,2.549999985
4320.457905,2.549999985
4321.224926,2.549999985
4322.085501,2.549999985
4323.058206,2.549999985
4324.14085,2.549999984
4325.325469,2.549999984
4326.604445,2.549999984
4327.971482,2.549999984
4329.421154,2.549999984
4330.94919,2.549999983
4332.552256,2.549999983
4334.227256,2.549999983
4335.971751,2.549999982
4337.783685,2.549999982
4339.661029,2.549999982
4341.602209,2.549999981
4343.605655,2.549999981
4345.669994,2.549999981
4347.79403,2.54999998
4349.976499,2.54999998
4352.216427,2.549999979
4354.512675,2.549999979
4356.86436,2.549999978
4359.27052,2.549999978
4361.730322,2.549999977
4364.242923,2.549999977
4366.807531,2.549999976
4369.423387,2.549999976
4372.089743,2.549999975
4374.805896,2.549999974
4377.571142,2.549999974
4380.384813,2.549999973
4382.950315,2.549999972
4385.286302,2.549999972
4387.921145,2.549999971
4391.054978,2.54999997
4394.757709,2.549999969
4398.844645,2.549999968
4403.166863,2.549999967
4407.581454,2.549999966
4412.036201,2.549999964
4416.511659,2.549999963
4421.000295,2.549999962
4425.498898,2.54999996
4430.005929,2.549999959
4434.520569,2.549999957
4439.042189,2.549999956
4440.700328,2.549999955
4442.297796,2.549999954
4444.014854,2.549999954
4445.941996,2.549999953
4448.090881,2.549999952
4450.453747,2.549999951
4453.019935,2.54999995
4455.779756,2.549999949
4458.726203,2.549999948
4461.853703,2.549999947
4465.158828,2.549999946
4468.63908,2.549999944
4472.293151,2.549999943
4476.120453,2.549999941
4480.120949,2.549999939
4484.295313,2.549999937
4488.644322,2.549999935
4493.169447,2.549999933
4497.78019,2.549999931
4501.218014,2.549999929
4504.575826,2.549999927
4507.980145,2.549999925
4511.867947,2.549999923
4516.38879,2.549999921
4521.182141,2.549999918
4526.067607,2.549999915
4530.983335,2.549999912
4535.909538,2.549999909
4540.840492,2.549999906
4545.77497,2.549999903
4550.712902,2.5499999
4555.654631,2.549999896
4560.600582,2.549999893
4562.726464,2.549999891
4564.730095,2.54999989
4566.893236,2.549999888
4569.269872,2.549999886
4571.863388,2.549999884
4574.66421,2.549999882
4577.660686,2.54999988
4580.841707,2.549999877
4584.197982,2.549999875
4587.721811,2.549999872
4591.406714,2.549999869
4595.246944,2.549999865
4599.237729,2.549999862
4603.374997,2.549999858
4607.655218,2.549999854
4612.071688,2.54999985
4616.542702,2.549999846
4619.886246,2.549999843
4621.588204,2.549999841
4623.162039,2.54999984
4624.889444,2.549999838
4626.822803,2.549999836
4628.970657,2.549999834
4631.328325,2.549999831
4633.88885,2.549999829
4636.645427,2.549999826
4639.592561,2.549999822
4642.725376,2.549999819
4646.040139,2.549999815
4649.53316,2.549999811
4653.201403,2.549999807
4657.042058,2.549999803
4661.052158,2.549999798
4665.229008,2.549999793
4669.569959,2.549999787
4674.072163,2.549999782
4678.732738,2.549999776
4680.782068,2.549999773
4682.829798,2.54999977
4684.994034,2.549999767
4687.452657,2.549999764
4690.249803,2.54999976
4693.394351,2.549999755
4696.886519,2.54999975
4700.724072,2.549999745
4704.905956,2.549999739
4709.432003,2.549999732
4714.302223,2.549999724
4719.44622,2.549999716
4724.699455,2.549999708
4730.00272,2.549999699
4735.334709,2.54999969
4740.687307,2.54999968
4742.92699,2.549999676
4745.024824,2.549999672
4747.292456,2.549999668
4749.793529,2.549999664
4752.53575,2.549999659
4755.511604,2.549999653
4758.710257,2.549999647
4762.1206,2.54999964
4765.732859,2.549999633
4769.538413,2.549999625
4773.529517,2.549999617
4777.699061,2.549999608
4782.040383,2.549999599
4786.547359,2.549999589
4791.214255,2.549999579
4796.035652,2.549999568
4800.07507,2.549999559
4803.076705,2.549999552
4805.886297,2.549999545
4808.848199,2.549999538
4812.011481,2.54999953
4815.366909,2.549999522
4818.89432,2.549999513
4822.574914,2.549999503
4826.393523,2.549999493
4830.338164,2.549999483
4834.399477,2.549999472
4838.570023,2.549999461
4842.843729,2.549999449
4847.215512,2.549999436
4851.681029,2.549999423
4856.236502,2.54999941
4859.465464,2.5499994
4860.594167,2.549999396
4861.646285,2.549999393
4862.839452,2.54999939
4864.2008,2.549999385
4865.728121,2.549999381
4867.412311,2.549999375
4869.2442,2.549999369
4871.215653,2.549999363
4873.320687,2.549999356
4875.554262,2.549999349
4877.912665,2.549999342
4880.392814,2.549999333
4882.992261,2.549999325
4885.709014,2.549999315
4888.541372,2.549999306
4891.487973,2.549999296
4894.547598,2.549999285
4897.719262,2.549999274
4901.002084,2.549999262
4904.395297,2.549999249
4907.898283,2.549999236
4911.510391,2.549999223
4915.231221,2.549999209
4919.060167,2.549999194
4920.217033,2.549999189
4921.284179,2.549999185
4922.256093,2.549999181
4923.287425,2.549999177
4924.410977,2.549999173
4925.631333,2.549999168
4926.945704,2.549999162
4928.349704,2.549999157
4929.838603,2.549999151
4931.408544,2.549999144
4933.056354,2.549999137
4934.778978,2.54999913
4936.574053,2.549999123
4938.439432,2.549999115
4940.373121,2.549999107
4942.373522,2.549999098
4944.438873,2.549999089
4946.567796,2.54999908
4948.758873,2.54999907
4951.010835,2.54999906
4953.322476,2.54999905
4955.69261,2.549999039
4958.120171,2.549999028
4960.604053,2.549999016
4963.143284,2.549999005
4965.736835,2.549998992
4968.383793,2.54999898
4971.083213,2.549998967
4973.834216,2.549998953
4976.635944,2.54999894
4979.487531,2.549998925
4981.09197,2.549998917
4982.58826,2.54999891
4984.32047,2.549998901
4986.367134,2.549998891
4988.769079,2.549998878
4991.56341,2.549998864
4994.797108,2.549998846
4998.535516,2.549998826
5002.85548,2.549998803
5007.558601,2.549998777
5012.413071,2.549998749
5017.332882,2.549998721
5022.28663,2.549998692
5027.262106,2.549998662
5032.254008,2.549998632
5037.259694,2.549998601
5040.635539,2.549998579
5043.746919,2.549998559
5046.605276,2.549998541
5049.656592,2.549998521
5053.000812,2.549998499
5056.660834,2.549998474
5060.638883,2.549998447
5064.933626,2.549998417
5069.545334,2.549998385
5074.477764,2.549998349
5079.613506,2.549998312
5084.834626,2.549998273
5090.099193,2.549998233
5095.391904,2.549998192
5098.938888,2.549998164
5100.508311,2.549998151
5101.976892,2.54999814
5103.377517,2.549998128
5104.869522,2.549998116
5106.484109,2.549998103
5108.222063,2.549998089
5110.076018,2.549998074
5112.03772,2.549998057
5114.099699,2.54999804
5116.255675,2.549998022
5118.500539,2.549998003
5120.829872,2.549997983
5123.240203,2.549997962
5125.728288,2.549997941
5128.291583,2.549997918
5130.927763,2.549997895
5133.634835,2.54999787
5136.411092,2.549997845
5139.254897,2.549997819
5142.16496,2.549997792
5145.139935,2.549997764
5148.178756,2.549997736
5151.280403,2.549997706
5154.443936,2.549997675
5157.668583,2.549997644
5159.736375,2.549997623
5160.784566,2.549997613
5161.737734,2.549997604
5162.789808,2.549997593
5163.971803,2.549997581
5165.286679,2.549997568
5166.729731,2.549997553
5168.2955,2.549997537
5169.979054,2.54999752
5171.776289,2.549997502
5173.684296,2.549997482
5175.700629,2.549997461
5177.823364,2.549997438
5180.05119,2.549997415
5182.382672,2.54999739
5184.816888,2.549997364
5187.352966,2.549997336
5189.990092,2.549997307
5192.727675,2.549997277
5195.564919,2.549997245
5198.501353,2.549997212
5201.536175,2.549997177
5204.668925,2.549997141
5207.898787,2.549997103
5211.225238,2.549997064
5214.647458,2.549997023
5218.164804,2.54999698
5221.776472,2.549996936
5225.044828,2.549996896
5228.358184,2.549996854
5231.779341,2.549996811
5235.313267,2.549996765
5238.953937,2.549996718
5242.694434,2.549996669
5246.529253,2.549996618
5250.454193,2.549996564
5254.465999,2.54999651
5258.56203,2.549996453
5262.74003,2.549996394
5266.998078,2.549996333
5271.334466,2.54999627
5275.747633,2.549996205
5280.23612,2.549996138
5281.724512,2.549996116
5283.078701,2.549996095
5284.531126,2.549996073
5286.128862,2.549996049
5287.880107,2.549996022
5289.78189,2.549995992
5291.828584,2.54999596
5294.015303,2.549995926
5296.337455,2.549995889
5298.791854,2.54999585
5301.375697,2.549995809
5304.087009,2.549995765
5306.924064,2.549995718
5309.885619,2.54999567
5312.970572,2.549995618
5316.178142,2.549995564
5319.507582,2.549995507
5322.958435,2.549995448
5326.530143,2.549995386
5330.222494,2.54999532
5334.035014,2.549995252
5337.967577,2.549995181
5339.992961,2.549995144
5341.304171,2.54999512
5342.519654,2.549995098
5343.840989,2.549995073
5345.307259,2.549995046
5346.923299,2.549995016
5348.68487,2.549994983
5350.585304,2.549994947
5352.618636,2.549994908
5354.779662,2.549994867
5357.063885,2.549994823
5359.467593,2.549994776
5361.987325,2.549994727
5364.620169,2.549994675
5367.363287,2.54999462
5370.214142,2.549994563
5373.170308,2.549994503
5376.229388,2.549994441
5379.389258,2.549994375
5382.647576,2.549994307
5386.002249,2.549994236
5389.451283,2.549994163
5392.992498,2.549994086
5396.623913,2.549994007
5400.343624,2.549993925
5401.535493,2.549993899
5402.625373,2.549993874
5403.790346,2.549993848
5405.066348,2.54999382
5406.458519,2.549993788
5407.963887,2.549993754
5409.57754,2.549993717
5411.294673,2.549993678
5413.111478,2.549993636
5415.024496,2.549993592
5417.030996,2.549993545
5419.128741,2.549993496
5421.315597,2.549993444
5423.589979,2.54999339
5425.950185,2.549993334
5428.394934,2.549993275
5430.922915,2.549993213
5433.533012,2.549993149
5436.224155,2.549993083
5438.995351,2.549993014
5441.845683,2.549992942
5444.774269,2.549992868
5447.780283,2.549992791
5450.862947,2.549992711
5454.021491,2.549992629
5457.255239,2.549992544
5460.022322,2.54999247
5461.250746,2.549992438
5462.383091,2.549992407
5463.611922,2.549992374
5464.976612,2.549992337
5466.483442,2.549992296
5468.130009,2.549992251
5469.911931,2.549992203
5471.824682,2.54999215
5473.864866,2.549992093
5476.02952,2.549992033
5478.316284,2.549991969
5480.723361,2.549991901
5483.248911,2.549991829
5485.891676,2.549991753
5488.650108,2.549991673
5491.523125,2.549991589
5494.509355,2.549991501
5497.607771,2.549991409
5500.816997,2.549991312
5504.135956,2.549991212
5507.563301,2.549991107
5511.097803,2.549990998
5514.738203,2.549990884
5518.483064,2.549990766
5522.331075,2.549990643
5525.965952,2.549990525
5530.555474,2.549990375
5535.859075,2.549990199
5541.472126,2.54999001
5547.200027,2.549989814
5552.9732,2.549989613
5558.766883,2.549989408
5564.571859,2.549989199
5570.384358,2.549988986
5576.202602,2.549988769
5582.025614,2.549988549
5587.851657,2.549988325
5593.678982,2.549988097
5599.506823,2.549987865
5605.334958,2.549987629
5611.163525,2.54998739
5616.99281,2.549987146
5622.823141,2.549986898
5628.65485,2.549986647
5634.488258,2.549986391
5640.323679,2.549986131
5642.26774,2.549986043
5644.049614,2.549985962
5645.960552,2.549985875
5648.057765,2.549985779
5650.348294,2.549985674
5652.825756,2.549985559
5655.480635,2.549985435
5658.304543,2.549985302
5661.290202,2.549985161
5664.431665,2.549985011
5667.724254,2.549984852
5671.163804,2.549984684
5674.747,2.549984508
5678.471157,2.549984323
5682.333735,2.54998413
5686.332684,2.549983927
5690.466327,2.549983715
5694.733054,2.549983494
5699.131476,2.549983264
5700.469788,2.549983193
5701.806885,2.549983122
5703.161863,2.54998305
5704.658586,2.54998297
5706.320783,2.549982881
5708.148659,2.549982782
5710.135866,2.549982675
5712.275335,2.549982558
5714.560876,2.549982433
5716.987065,2.549982299
5719.549534,2.549982157
5722.244351,2.549982007
5725.068205,2.549981848
5728.018071,2.54998168
5731.091131,2.549981505
5734.284936,2.549981321
5737.59685,2.549981128
5741.024601,2.549980927
5744.565953,2.549980717
5748.218584,2.549980499
5751.98037,2.549980272
5755.849252,2.549980036
5759.823007,2.549979792
5763.89955,2.549979538
5767.689437,2.5499793
5771.633164,2.54997905
5775.798277,2.549978782
5780.113501,2.549978503
5784.543258,2.549978212
5789.073036,2.549977912
5793.696049,2.549977601
5798.408387,2.549977281
5803.207266,2.549976951
5808.09038,2.549976611
5813.055657,2.549976261
5818.10116,2.549975901
5820.67647,2.549975716
5823.403072,2.549975518
5825.90889,2.549975335
5828.615494,2.549975136
5831.632986,2.549974913
5834.998396,2.549974661
5838.728396,2.549974381
5842.835201,2.549974068
5847.332623,2.549973723
5852.237944,2.549973341
5857.533306,2.549972924
5863.082992,2.549972481
5868.829375,2.549972016
5874.744976,2.549971531
5878.213362,2.549971243
5880.314327,2.549971067
5881.496336,2.549970968
5882.586658,2.549970876
5883.742963,2.549970778
5884.995061,2.549970672
5886.345055,2.549970558
5887.787806,2.549970435
5889.316603,2.549970304
5890.925726,2.549970166
5892.610014,2.549970021
5894.365393,2.549969869
5896.18834,2.54996971
5898.075922,2.549969545
5900.025634,2.549969374
5902.035257,2.549969197
5904.102931,2.549969014
5906.226908,2.549968825
5908.405756,2.54996863
5910.638053,2.549968429
5912.922665,2.549968222
5915.25841,2.54996801
5917.644366,2.549967791
5920.079534,2.549967567
5922.563146,2.549967337
5925.094347,2.549967101
5927.672487,2.54996686
5930.296821,2.549966612
5932.966789,2.549966359
5935.681739,2.5499661
5938.441179,2.549965834
5940.062041,2.549965678
5941.173964,2.54996557
5942.215993,2.549965469
5943.355163,2.549965358
5944.626602,2.549965234
5946.036618,2.549965095
5947.584046,2.549964943
5949.266466,2.549964777
5951.081569,2.549964597
5953.027846,2.549964403
5955.104837,2.549964195
5957.312526,2.549963973
5959.651339,2.549963737
5962.122349,2.549963485
5964.726668,2.549963219
5967.465706,2.549962937
5970.341268,2.549962639
5973.354828,2.549962325
5976.508322,2.549961993
5979.803587,2.549961644
5983.24248,2.549961277
5986.826961,2.549960892
5990.558755,2.549960487
5994.439777,2.549960062
5998.471595,2.549959616
6000.95335,2.54995934
6003.36767,2.54995907
6005.849602,2.54995879
6008.513433,2.549958489
6011.363464,2.549958164
6014.383111,2.549957818
6017.555074,2.549957451
6020.865571,2.549957066
6024.304344,2.549956662
6027.86383,2.549956241
6031.538372,2.549955803
6035.323636,2.549955348
6039.216212,2.549954876
6043.213336,2.549954387
6047.31256,2.549953881
6051.511849,2.549953357
6055.809459,2.549952816
6060.203841,2.549952258
6062.576757,2.549951954
6064.753476,2.549951674
6067.036597,2.549951378
6069.475,2.549951061
6072.065614,2.549950722
6074.793891,2.549950363
6077.645037,2.549949986
6080.606676,2.549949592
6083.668953,2.549949181
6086.824071,2.549948755
6090.065787,2.549948314
6093.38901,2.549947859
6096.789544,2.549947389
6100.263868,2.549946906
6103.80899,2.549946409
6107.422329,2.549945899
6111.101635,2.549945375
6114.844925,2.549944838
6118.650433,2.549944287
6120.127051,2.549944072
6121.029477,2.549943941
6121.881397,2.549943816
6122.803389,2.549943681
6123.818007,2.549943532
6124.926302,2.549943369
6126.123898,2.549943192
6127.405883,2.549943003
6128.767762,2.549942801
6130.205616,2.549942587
6131.716459,2.549942361
6133.297793,2.549942124
6134.947369,2.549941877
6136.663491,2.549941618
6138.444616,2.549941348
6140.289342,2.549941068
6142.196609,2.549940777
6144.165293,2.549940475
6146.194479,2.549940163
6148.283419,2.54993984
6150.431234,2.549939506
6152.637315,2.549939162
6154.900986,2.549938807
6157.221655,2.549938441
6159.598835,2.549938065
6162.031924,2.549937678
6164.520531,2.54993728
6167.064108,2.54993687
6169.662275,2.54993645
6172.314597,2.549936019
6175.020679,2.549935576
6177.780165,2.549935122
6180.015083,2.549934753
6181.134749,2.549934567
6182.174314,2.549934394
6183.30815,2.549934205
6184.572652,2.549933993
6185.974283,2.549933758
6187.511593,2.5499335
6189.181663,2.549933218
6190.981492,2.549932913
6192.908846,2.549932586
6194.962417,2.549932235
6197.141094,2.549931862
6199.444288,2.549931465
6201.871877,2.549931044
6204.423465,2.5499306
6207.099152,2.549930132
6209.898888,2.549929639
6212.822692,2.549929122
6215.870587,2.549928579
6219.042433,2.54992801
6222.338143,2.549927415
6225.75741,2.549926793
6229.299913,2.549926145
6232.965205,2.549925468
6236.752651,2.549924764
6240.661684,2.549924032
6244.948386,2.549923222
6249.869981,2.549922283
6255.382886,2.54992122
6261.438876,2.549920038
6267.807553,2.54991878
6274.285773,2.549917483
6280.802198,2.549916161
6287.332295,2.549914819
6293.867581,2.549913458
6300.405063,2.549912079
6303.075046,2.549911511
6305.593443,2.549910971
6308.295448,2.54991039
6311.233466,2.549909754
6314.401043,2.549909065
6317.778016,2.549908325
6321.343762,2.549907538
6325.080499,2.549906708
6328.973562,2.549905836
6333.010919,2.549904925
6337.182613,2.549903976
6341.480291,2.54990299
6345.896795,2.549901968
6350.42592,2.54990091
6355.062317,2.549899818
6359.801303,2.549898692
6364.638722,2.549897531
6369.935253,2.549896248
6375.590961,2.549894863
6381.546355,2.549893388
6387.690112,2.549891849
6393.902376,2.549890274
6400.141366,2.549888673
6406.392369,2.54988705
6412.649947,2.549885406
6418.912109,2.549883741
6424.455864,2.54988225
6429.673977,2.549880833
6435.261332,2.549879299
6441.2929,2.549877626
6447.487997,2.549875887
6453.740637,2.549874112
6460.014768,2.549872309
6466.298437,2.549870483
6472.587817,2.549868633
6478.881663,2.549866761
6480.188805,2.549866369
6481.193027,2.549866068
6482.134173,2.549865785
6483.143259,2.549865481
6484.244985,2.549865148
6485.440213,2.549864787
6486.724158,2.549864397
6488.091104,2.549863982
6489.535613,2.549863542
6491.053385,2.549863078
6492.640673,2.549862591
6494.294361,2.549862083
6496.011963,2.549861553
6497.791057,2.549861003
6499.629798,2.549860433
6501.526417,2.549859842
6503.479403,2.549859232
6505.487444,2.549858602
6507.549242,2.549857953
6509.663799,2.549857285
6511.829972,2.549856598
6514.04693,2.549855892
6516.313748,2.549855167
6518.629689,2.549854423
6520.993995,2.549853661
6523.405998,2.549852879
6525.865069,2.54985208
6528.370594,2.549851261
6530.922044,2.549850423
6533.518853,2.549849567
6536.160569,2.549848692
6538.846668,2.549847797
6540.20997,2.549847342
6541.135558,2.549847032
6541.990017,2.549846745
6542.905039,2.549846438
6543.908575,2.5498461
6545.005031,2.549845731
6546.192247,2.54984533
6547.466942,2.549844898
6548.826076,2.549844437
6550.266735,2.549843947
6551.786773,2.549843428
6553.384595,2.549842882
6555.058744,2.549842308
6556.808018,2.549841706
6558.631578,2.549841076
6560.528609,2.549840419
6562.498357,2.549839735
6564.540335,2.549839023
6566.653958,2.549838283
6568.838721,2.549837515
6571.094307,2.549836719
6573.420153,2.549835896
6575.81592,2.549835043
6578.281242,2.549834163
6580.815678,2.549833254
6583.418962,2.549832315
6586.090561,2.549831348
6588.830179,2.549830351
6591.637345,2.549829325
6594.511696,2.549828269
6597.452776,2.549827183
6600.460172,2.549826066
6603.671641,2.549824868
6607.223188,2.549823534
6611.081744,2.549822076
6615.222228,2.549820501
6619.616519,2.549818816
6624.233792,2.549817033
6629.041905,2.54981516
6634.010499,2.549813208
6639.112892,2.549811187
6644.327181,2.549809102
6649.637243,2.549806961
6655.032215,2.549804765
6660.505344,2.549802516
6662.705582,2.549801606
6664.738696,2.549800763
6666.938732,2.549799846
6669.378851,2.549798826
6672.075109,2.549797694
6675.028304,2.549796447
6678.235182,2.549795087
6681.693751,2.549793612
6685.403095,2.54979202
6689.364042,2.549790309
6693.578734,2.549788476
6698.050186,2.549786517
6702.782677,2.549784428
6707.780815,2.549782204
6713.050168,2.549779839
6718.59695,2.549777326
6721.046202,2.54977621
6723.434651,2.549775117
6725.99343,2.54977394
6728.810791,2.54977264
6731.880753,2.549771216
6735.179516,2.549769677
6738.684168,2.549768034
6742.37654,2.549766292
6746.242982,2.549764456
6750.273334,2.549762531
6754.459967,2.549760517
6758.797069,2.549758417
6763.280145,2.54975623
6767.905664,2.549753957
6772.670714,2.549751597
6777.572974,2.549749151
6779.82482,2.549748021
6781.104654,2.549747376
6782.265365,2.549746791
6783.527763,2.549746153
6784.928892,2.549745443
6786.471736,2.54974466
6788.150582,2.549743806
6789.957665,2.549742883
6791.886276,2.549741896
6793.930651,2.549740846
6796.086023,2.549739736
6798.348473,2.549738566
6800.714568,2.549737338
6803.181449,2.549736052
6805.746498,2.54973471
6808.407442,2.549733313
6811.162192,2.549731859
6814.008794,2.549730351
6816.94554,2.549728787
6819.970638,2.549727169
6823.082604,2.549725497
6826.279832,2.54972377
6829.560885,2.549721988
6832.924435,2.549720152
6836.36901,2.549718262
6839.893336,2.549716318
6840.760697,2.549715837
6841.576646,2.549715385
6842.475789,2.549714886
6843.479169,2.549714328
6844.58667,2.549713711
6845.792578,2.549713039
6847.091048,2.549712313
6848.47706,2.549711536
6849.946095,2.549710712
6851.494766,2.54970984
6853.120343,2.549708923
6854.820251,2.549707962
6856.592552,2.549706957
6858.435504,2.549705908
6860.347478,2.549704818
6862.327223,2.549703685
6864.373369,2.549702511
6866.484831,2.549701295
6868.66059,2.549700038
6870.899624,2.54969874
6873.201136,2.549697401
6875.564147,2.549696022
6877.987963,2.549694602
6880.471729,2.549693141
6883.014789,2.549691639
6885.616399,2.549690097
6888.275934,2.549688514
6890.992722,2.54968689
6893.766172,2.549685225
6896.595661,2.54968352
6899.48064,2.549681773
6900.464681,2.549681175
6901.41067,2.5496806
6902.481135,2.549679948
6903.714071,2.549679196
6905.114365,2.54967834
6906.677886,2.549677382
6908.400054,2.549676324
6910.277387,2.549675167
6912.307208,2.549673913
6914.488428,2.549672561
6916.82076,2.549671111
6919.304303,2.549669561
6921.939971,2.549667909
6924.728638,2.549666154
6927.671596,2.549664295
6930.770256,2.549662328
6934.025954,2.549660251
6937.440249,2.549658062
6941.014394,2.549655759
6944.749836,2.549653338
6948.647683,2.549650798
6952.709087,2.549648135
6956.934991,2.549645347
6961.3261,2.549642432
6966.22735,2.549639155
6971.764417,2.549635424
6977.844886,2.549631292
6984.346459,2.549626833
6991.156024,2.549622116
6998.204405,2.549617183
7005.462925,2.549612051
7012.880229,2.549606749
7019.345957,2.549602081
7021.613022,2.549600433
7023.665093,2.549598938
7025.900736,2.549597303
7028.369874,2.549595492
7031.065732,2.549593506
7033.968003,2.549591361
7037.056362,2.549589067
7040.313562,2.549586637
7043.72557,2.54958408
7047.281008,2.549581401
7050.970555,2.549578608
7054.786465,2.549575702
7058.722204,2.549572689
7062.772184,2.549569571
7066.931564,2.54956635
7071.196106,2.549563027
7075.562062,2.549559605
7080.026083,2.549556084
7081.753172,2.549554715
7083.340155,2.549553455
7085.064501,2.549552083
7086.983499,2.549550551
7089.109057,2.54954885
7091.439062,2.549546979
7093.969052,2.549544941
7096.694443,2.549542738
7099.612049,2.549540369
7102.719363,2.549537836
7106.015127,2.549535137
7109.498289,2.549532272
7113.16875,2.549529237
7117.026391,2.54952603
7121.071643,2.549522649
7125.305115,2.54951909
7129.727418,2.54951535
7134.339522,2.549511425
7139.142294,2.549507311
7141.701297,2.549505108
7144.070007,2.549503062
7146.794688,2.5495007
7149.981723,2.549497926
7153.667079,2.549494703
7157.864074,2.549491013
7162.577938,2.549486843
7167.811236,2.549482182
7173.563711,2.54947702
7179.831386,2.549471349
7186.605879,2.549465166
7193.874016,2.549458469
7201.319158,2.54945154
7207.558412,2.54944568
7213.181604,2.549440357
7219.336021,2.549434484
7226.164996,2.549427911
7233.508437,2.549420776
7241.05008,2.549413376
7248.675893,2.549405818
7256.345678,2.549398139
7259.16669,2.549395296
7260.423943,2.549394025
7261.67411,2.549392759
7262.917442,2.549391498
7264.271136,2.549390123
7265.755392,2.549388612
7267.368244,2.549386968
7269.101651,2.549385196
7270.947475,2.549383305
7272.898345,2.549381302
7274.948199,2.549379191
7277.091779,2.549376978
7279.324812,2.549374666
7281.643389,2.549372258
7284.04436,2.549369757
7286.524653,2.549367166
7289.081741,2.549364485
7291.713256,2.549361717
7294.417022,2.549358863
7297.191178,2.549355924
7300.033778,2.549352902
7302.943185,2.549349798
7305.91787,2.549346612
7308.956285,2.549343344
7312.057099,2.549339997
7315.219017,2.54933657
7318.44075,2.549333064
7320.097952,2.549331255
7321.19819,2.549330051
7322.220887,2.549328931
7323.32851,2.549327717
7324.553993,2.549326371
7325.901687,2.549324888
7327.368778,2.549323272
7328.951124,2.549321524
7330.644352,2.549319651
7332.445261,2.549317654
7334.351407,2.549315535
7336.360575,2.549313296
7338.471336,2.549310938
7340.682436,2.549308461
7342.992867,2.549305865
7345.40203,2.54930315
7347.909111,2.549300316
7350.513753,2.549297362
7353.215488,2.549294288
7356.014033,2.549291093
7358.909136,2.549287775
7361.900547,2.549284335
7364.988136,2.54928077
7368.171678,2.54927708
7371.451104,2.549273263
7374.826216,2.549269319
7378.296959,2.549265245
7380.17593,2.549263033
7381.466409,2.54926151
7382.680332,2.549260075
7384.001838,2.549258511
7385.468295,2.549256772
7387.085173,2.549254852
7388.849391,2.549252751
7390.755441,2.549250477
7392.798472,2.549248033
7394.974252,2.549245424
7397.279113,2.549242652
7399.710103,2.54923972
7402.264357,2.54923663
7404.939543,2.549233383
7407.733237,2.54922998
7410.64332,2.549226424
7413.667637,2.549222714
7416.804066,2.549218852
7420.050665,2.549214839
7423.405193,2.549210676
7426.865643,2.549206363
7430.430052,2.549201901
7434.096216,2.549197292
7437.862095,2.549192536
7439.772188,2.549190115
7440.856167,2.549188739
7441.840915,2.549187487
7442.920909,2.549186112
7444.127317,2.549184575
7445.462121,2.549182871
7446.919933,2.549181007
7448.494461,2.54917899
7450.179503,2.549176827
7451.970315,2.549174523
7453.862969,2.549172083
7455.854092,2.54916951
7457.941149,2.549166806
7460.121572,2.549163975
7462.39349,2.549161016
7464.755026,2.549157932
7467.20466,2.549154724
7469.740916,2.549151392
7472.36251,2.549147938
7475.068209,2.549144361
7477.856914,2.549140663
7480.727542,2.549136842
7483.679152,2.549132901
7486.710746,2.549128838
7489.821532,2.549124654
7493.010556,2.549120348
7496.27712,2.54911592
7499.620361,2.549111371
7500.954687,2.549109551
7502.1673,2.549107894
7503.519232,2.549106043
7505.054623,2.549103938
7506.780838,2.549101567
7508.695707,2.549098931
7510.795049,2.549096034
7513.075157,2.54909288
7515.533834,2.549089469
7518.169176,2.549085802
7520.980585,2.549081877
7523.967507,2.549077694
7527.130032,2.549073248
7530.468082,2.549068537
7533.98196,2.549063559
7537.671529,2.549058309
7541.536927,2.549052785
7545.57788,2.549046983
7549.794026,2.549040901
7554.184929,2.549034535
7558.7497,2.549027882
7563.487286,2.54902094
7567.912814,2.549014421
7572.431827,2.54900773
7577.117635,2.549000754
7581.979441,2.548993477
7587.01254,2.548985901
7592.209823,2.548978032
7597.565005,2.548969875
7603.0728,2.548961433
7608.728696,2.548952708
7614.528708,2.548943704
7620.469205,2.548934419
7625.115254,2.548927115
7629.456739,2.548920254
7634.392268,2.548912414
7640.236254,2.548903074
7647.010521,2.548892171
7654.358415,2.548880251
7661.926149,2.548867872
7669.584995,2.548855238
7677.289003,2.548842421
7680.332914,2.548837327
7681.967591,2.548834584
7683.441262,2.548832107
7684.996971,2.548829488
7686.682947,2.548826644
7688.505293,2.548823565
7690.458228,2.548820258
7692.5338,2.548816735
7694.724537,2.548813009
7697.023938,2.548809088
7699.426793,2.548804979
7701.928416,2.548800691
7704.525128,2.548796227
7707.21363,2.548791592
7709.991097,2.54878679
7712.855177,2.548781822
7715.803547,2.548776692
7718.834336,2.548771402
7721.945814,2.548765952
7725.136348,2.548760345
7728.404578,2.548754582
7731.74914,2.548748662
7735.168813,2.548742588
7738.662556,2.548736359
7740.211034,2.54873359
7741.344182,2.548731561
7742.388699,2.548729689
7743.508401,2.54872768
7744.737353,2.548725472
7746.080517,2.548723055
7747.535218,2.548720434
7749.097001,2.548717615
7750.76136,2.548714605
7752.524781,2.548711411
7754.384183,2.548708037
7756.337029,2.548704485
7758.381409,2.54870076
7760.515327,2.548696862
7762.737374,2.548692794
7765.046136,2.548688557
7767.440417,2.548684152
7769.919145,2.54867958
7772.481241,2.548674841
7775.125825,2.548669937
7777.851901,2.548664866
7780.658689,2.548659631
7783.545263,2.54865423
7786.510879,2.548648664
7789.554678,2.548642934
7792.675909,2.548637038
7795.873789,2.548630978
7799.147524,2.548624752
7800.193407,2.548622759
7801.165656,2.548620904
7802.049546,2.548619216
7802.987337,2.548617423
7804.009474,2.548615467
7805.120529,2.548613339
7806.318155,2.548611042
7807.598571,2.548608583
7808.957876,2.548605969
7810.392632,2.548603205
7811.90014,2.548600297
7813.478005,2.548597249
7815.124119,2.548594063
7816.836841,2.548590743
7818.61455,2.54858729
7820.455855,2.548583707
7822.35964,2.548579995
7824.324597,2.548576156
7826.349762,2.548572192
7828.434143,2.548568103
7830.576803,2.54856389
7832.776958,2.548559554
7835.033683,2.548555097
7837.346305,2.548550519
7839.713967,2.54854582
7842.136029,2.548541001
7844.611743,2.548536063
7847.140484,2.548531007
7849.721576,2.548525832
7852.354418,2.548520539
7855.038379,2.548515128
7857.772892,2.548509601
7859.825804,2.548505441
7860.733109,2.548503599
7861.558109,2.548501924
7862.46311,2.548500084
7863.475306,2.548498024
7864.597823,2.548495737
7865.826741,2.54849323
7867.157518,2.548490512
7868.586253,2.54848759
7870.109476,2.54848447
7871.724602,2.548481156
7873.429784,2.548477652
7875.223364,2.548473959
7877.104054,2.54847008
7879.070991,2.548466015
7881.123225,2.548461765
7883.260073,2.548457331
7885.481077,2.548452711
7887.785543,2.548447907
7890.173108,2.548442918
7892.643321,2.548437744
7895.195768,2.548432383
7897.830153,2.548426836
7900.545992,2.548421102
7903.343059,2.548415181
7906.220825,2.548409071
7909.179041,2.548402771
7912.217211,2.548396282
7915.335051,2.548389602
7918.532047,2.548382731
7921.8079,2.548375668
7925.420088,2.548367852
7929.335793,2.548359348
7933.520335,2.548350224
7937.931887,2.548340563
7942.527441,2.548330454
7947.269087,2.548319976
7952.128116,2.548309187
7957.085988,2.548298125
7962.132718,2.54828681
7967.263733,2.548275247
7972.477469,2.548263439
7977.773727,2.548251381
7980.430516,2.548245309
7982.195755,2.548241266
7983.829122,2.548237519
7985.582391,2.54823349
7987.509315,2.548229054
7989.619616,2.548224187
7991.910112,2.548218892
7994.375203,2.548213181
7997.009334,2.548207063
7999.808081,2.548200545
8002.767933,2.548193633
8005.886147,2.54818633
8009.16076,2.548178637
8012.590002,2.548170554
8016.172784,2.548162081
8019.907986,2.548153217
8023.794857,2.548143958
8027.832868,2.548134303
8032.021326,2.548124249
8036.359845,2.548113792
8039.217745,2.54810688
8040.334704,2.548104173
8041.475485,2.548101406
8042.570782,2.548098746
8043.752706,2.548095873
8045.048222,2.54809272
8046.459443,2.548089281
8047.982001,2.548085565
8049.609799,2.548081586
8051.337539,2.548077357
8053.160607,2.548072887
8055.074985,2.548068184
8057.077447,2.548063256
8059.1649,2.548058109
8061.334951,2.548052747
8063.585095,2.548047176
8065.913412,2.548041399
8068.317822,2.54803542
8070.796704,2.548029241
8073.348252,2.548022866
8075.971022,2.548016298
8078.663462,2.548009537
8081.424221,2.548002588
8084.251973,2.547995451
8087.14541,2.547988129
8090.103413,2.547980623
8093.124685,2.547972935
8096.208155,2.547965066
8099.352755,2.547957018
8100.239887,2.547954743
8101.006343,2.547952777
8101.732223,2.547950913
8102.50942,2.547948916
8103.357072,2.547946736
8104.276977,2.547944368
8105.266039,2.54794182
8106.320609,2.547939101
8107.437394,2.547936219
8108.613424,2.54793318
8109.846183,2.547929991
8111.133712,2.547926657
8112.474378,2.54792318
8113.866535,2.547919566
8115.308935,2.547915817
8116.800554,2.547911934
8118.340245,2.54790792
8119.92712,2.547903777
8121.56045,2.547899507
8123.239371,2.547895111
8124.963205,2.54789059
8126.731405,2.547885945
8128.543244,2.547881178
8130.3982,2.547876289
8132.295794,2.54787128
8134.235444,2.54786615
8136.216737,2.5478609
8138.239196,2.547855532
8140.302373,2.547850045
8142.405932,2.54784444
8144.549371,2.547838718
8146.73236,2.547832878
8148.954519,2.547826922
8151.215476,2.54782085
8153.514942,2.547814661
8155.852502,2.547808356
8158.227896,2.547801935
8159.771369,2.547797756
8160.508595,2.547795758
8161.175473,2.547793949
8161.911412,2.547791951
8162.73776,2.547789707
8163.656336,2.54778721
8164.663417,2.547784471
8165.754425,2.5477815
8166.925622,2.547778307
8168.174121,2.5477749
8169.497525,2.547771284
8170.893889,2.547767465
8172.361857,2.547763444
8173.900432,2.547759224
8175.508528,2.547754807
8177.185429,2.547750195
8178.930648,2.547745387
8180.743613,2.547740384
8182.623862,2.547735187
8184.571129,2.547729795
8186.585042,2.547724209
8188.665272,2.547718429
8190.811656,2.547712453
8193.023848,2.547706282
8195.301615,2.547699915
8197.644808,2.547693351
8200.053055,2.547686591
8202.526194,2.547679634
8205.063937,2.547672479
8207.666021,2.547665126
8210.332228,2.547657573
8213.0622,2.547649822
8215.855749,2.54764187
8218.712444,2.547633718
8220.37788,2.547628956
8221.767547,2.547624977
8223.031137,2.547621355
8224.380611,2.547617482
8225.865913,2.547613214
8227.499821,2.547608512
8229.284189,2.54760337
8231.217395,2.54759779
8233.297691,2.547591774
8235.523886,2.547585324
8237.894716,2.547578441
8240.409741,2.547571124
8243.068499,2.54756337
8245.870787,2.547555179
8248.816451,2.547546547
8251.905277,2.547537471
8255.13707,2.547527948
8258.511516,2.547517977
8262.028182,2.547507554
8265.686654,2.547496676
8269.486144,2.547485342
8273.425993,2.54747355
8277.505319,2.547461298
8279.417326,2.54745554
8280.31823,2.547452824
8281.214582,2.547450119
8282.120825,2.547447383
8283.115194,2.547444378
8284.211609,2.547441061
8285.40786,2.547437439
8286.698493,2.547433526
8288.077946,2.54742934
8289.540938,2.547424895
8291.083374,2.547420202
8292.701773,2.547415271
8294.393053,2.547410111
8296.154802,2.547404728
8297.984641,2.547399128
8299.88065,2.547393317
8301.841059,2.547387298
8303.864215,2.547381075
8305.948721,2.547374653
8308.093113,2.547368034
8310.296245,2.547361221
8312.556798,2.547354217
8314.873784,2.547347024
8317.246034,2.547339645
8319.672669,2.547332081
8322.152635,2.547324335
8324.685146,2.547316407
8327.269233,2.547308301
8329.904167,2.547300016
8332.589085,2.547291555
8335.323289,2.547282919
8338.106017,2.547274109
8339.769792,2.547268832
8340.644708,2.547266053
8341.440122,2.547263526
8342.317521,2.547260736
8343.302309,2.547257602
8344.396851,2.547254116
8345.596667,2.54725029
8346.896873,2.54724614
8348.293353,2.547241678
8349.782564,2.547236914
8351.361784,2.547231855
8353.029099,2.547226507
8354.782878,2.547220873
8356.621789,2.547214957
8358.544965,2.547208759
8360.551559,2.547202283
8362.640894,2.547195527
8364.81259,2.547188493
8367.066075,2.54718118
8369.401037,2.547173588
8371.817237,2.547165716
8374.314311,2.547157564
8376.892156,2.547149131
8379.55044,2.547140415
8382.28904,2.547131416
8385.107752,2.547122131
8388.006398,2.547112561
8390.984838,2.547102703
8394.042847,2.547092557
8397.180308,2.547082119
8400.396972,2.54707139
8402.72744,2.547063599
8404.865778,2.547056437
8407.229547,2.547048506
8409.937443,2.5470394
8413.047642,2.547028917
8416.601879,2.547016903
8420.642756,2.547003202
8425.218476,2.546987633
8430.38521,2.546969982
8436.208533,2.546949998
8442.763081,2.546927391
8450.132897,2.546901826
8458.410355,2.54687293
8460.544214,2.546865449
8462.32686,2.54685919
8463.996443,2.546853319
8465.778697,2.546847043
8467.72069,2.546840195
8469.826931,2.546832755
8472.090696,2.546824745
8474.502399,2.546816195
8477.053216,2.546807134
8479.735498,2.546797585
8482.542323,2.546787572
8485.467943,2.54677711
8488.507408,2.546766215
8491.656179,2.5467549
8494.91026,2.546743177
8498.266147,2.546731055
8501.720703,2.546718542
8505.270988,2.546705647
8508.914306,2.546692376
8512.648259,2.546678735
8516.470665,2.546664728
8520.379522,2.546650361
8521.606864,2.546645841
8522.731825,2.546641693
8523.935029,2.546637254
8525.252889,2.546632386
8526.690747,2.546627069
8528.245622,2.546621313
8529.912271,2.546615135
8531.686028,2.546608552
8533.562983,2.546601575
8535.539682,2.546594216
8537.613588,2.546586483
8539.782231,2.546578383
8542.043787,2.546569922
8544.396527,2.546561103
8546.839005,2.546551931
8549.36992,2.546542408
8551.988063,2.546532537
8554.692382,2.546522319
8557.48184,2.546511758
8560.35552,2.546500853
8563.312525,2.546489607
8566.352003,2.546478019
8569.473174,2.546466092
8572.675201,2.546453826
8575.957418,2.546441221
8579.318962,2.546428277
8582.287784,2.546416818
8584.979243,2.546406407
8588.16852,2.546394041
8592.152965,2.54637855
8596.962338,2.546359788
8602.403469,2.546338478
8608.39319,2.546314916
8614.891133,2.546289231
8621.868175,2.546261511
8629.294753,2.546231842
8637.137308,2.546200329
8641.222892,2.546183837
8645.324823,2.546167228
8649.280371,2.546151163
8653.502641,2.546133962
8658.054305,2.546115357
8662.917411,2.546095409
8668.056326,2.54607425
8673.436433,2.54605201
8679.028812,2.546028798
8684.810365,2.546004698
8690.762857,2.545979777
8696.871861,2.545954086
8700.332541,2.54593948
8702.856988,2.545928803
8705.228462,2.545918753
8707.82293,2.545907739
8710.72347,2.545895401
8713.948783,2.54588165
8717.499195,2.545866474
8721.371636,2.545849878
8725.563478,2.545831858
8730.073641,2.545812409
8734.903069,2.545791511
8740.054289,2.54576914
8745.53071,2.545745263
8751.336988,2.545719844
8757.478797,2.545692839
8760.94142,2.545677561
8764.426943,2.545662143
8767.734372,2.545647477
8771.227527,2.545631949
8774.972723,2.545615258
8778.969728,2.545597394
8783.203127,2.545578418
8787.656712,2.545558392
8792.317063,2.545537368
8797.173856,2.545515382
8802.219224,2.545492462
8807.44713,2.545468626
8812.852881,2.545443885
8818.432774,2.545418247
8820.989555,2.545406466
8823.352269,2.545395559
8825.772204,2.54538437
8828.471474,2.545371866
8831.505982,2.545357781
8834.887781,2.545342049
8838.615793,2.545324662
8842.686864,2.545305623
8847.098209,2.545284931
8851.847472,2.545262582
8856.932978,2.545238568
8862.353433,2.545212879
8868.107489,2.545185502
8874.193475,2.545156425
8878.919853,2.54513376
8880.647575,2.545125456
8882.343581,2.545117294
8884.090997,2.545108876
8886.005739,2.545099639
8888.101458,2.545089516
8890.367897,2.545078551
8892.790285,2.545066813
8895.355322,2.545054362
8898.052021,2.545041248
8900.87136,2.545027512
8903.805913,2.545013186
8906.849662,2.544998296
8909.997595,2.544982864
8913.245453,2.544966907
8916.589407,2.544950441
8920.026175,2.544933479
8923.552898,2.544916031
8927.16703,2.544898107
8930.866277,2.544879715
8934.648439,2.544860863
8938.511547,2.544841557
8940.098972,2.54483361
8940.907061,2.54482956
8941.657957,2.544825796
8942.46491,2.544821748
8943.349253,2.54481731
8944.312425,2.544812472
8945.350477,2.544807256
8946.458938,2.544801681
8947.633839,2.544795768
8948.871488,2.544789534
8950.169026,2.544782992
8951.524178,2.544776154
8952.934803,2.544769029
8954.399151,2.544761626
8955.915823,2.544753951
8957.483385,2.54474601
8959.100664,2.544737808
8960.766709,2.544729349
8962.480422,2.544720639
8964.240975,2.54471168
8966.047615,2.544702475
8967.899516,2.544693029
8969.796064,2.544683342
8971.736571,2.544673418
8973.720431,2.544663259
8975.747142,2.544652866
8977.816074,2.544642243
8979.92679,2.54463139
8982.078756,2.544620309
8984.271525,2.544609001
8986.504679,2.544597468
8988.777748,2.544585712
8991.0904,2.544573732
8993.442149,2.544561531
8995.832681,2.544549109
8998.261579,2.544536467
9000.114593,2.544526809
9001.282691,2.544520715
9002.382552,2.544514973
9003.592616,2.54450865
9004.953695,2.544501532
9006.476434,2.544493561
9008.163886,2.544484718
9010.017948,2.544474991
9012.040907,2.544464365
9014.236229,2.544452816
9016.608952,2.544440316
9019.165267,2.544426827
9021.912169,2.544412306
9024.858093,2.544396704
9028.012597,2.544379965
9031.385884,2.544362025
9034.989665,2.544342816
9038.836822,2.54432226
9042.941122,2.544300272
9047.318052,2.544276759
9051.984319,2.544251618
9056.95815,2.544224735
9059.117543,2.544213037
9060.3218,2.544206506
9061.499532,2.544200114
9062.568064,2.54419431
9063.68703,2.544188228
9064.889508,2.544181688
9066.179805,2.544174663
9067.554075,2.544167176
9069.006671,2.544159254
9070.532583,2.544150925
9072.127108,2.544142212
9073.786651,2.544133134
9075.507999,2.544123708
9077.288572,2.544113947
9079.126106,2.544103861
9081.018659,2.544093461
9082.964574,2.544082755
9084.962322,2.54407175
9087.010653,2.544060451
9089.108319,2.544048864
9091.254352,2.544036995
9093.447705,2.544024846
9095.687613,2.544012423
9097.973172,2.543999727
9100.303754,2.543986763
9102.678588,2.543973532
9105.097134,2.543960037
9107.558731,2.543946281
9110.062903,2.543932264
9112.60907,2.543917989
9115.19681,2.543903458
9117.825603,2.543888671
9119.846774,2.543877286
9120.710053,2.543872419
9121.494656,2.543867992
9122.353651,2.543863144
9123.313005,2.543857726
9124.375865,2.54385172
9125.538566,2.543845145
9126.79689,2.543838023
9128.147245,2.543830375
9129.586583,2.543822215
9131.112512,2.543813557
9132.723409,2.543804407
9134.418029,2.543794771
9136.195231,2.543784655
9138.054358,2.54377406
9139.99494,2.543762988
9142.016419,2.54375144
9144.118586,2.543739416
9146.301257,2.543726914
9148.564192,2.543713934
9150.907401,2.543700474
9153.33074,2.543686533
9155.834171,2.543672109
9158.417753,2.5436572
9161.081339,2.543641804
9163.825024,2.543625917
9166.64868,2.54360954
9169.552332,2.543592668
9172.53591,2.5435753
9175.599357,2.543557433
9178.74261,2.543539066
9180.251291,2.543530237
9181.399803,2.54352351
9182.473851,2.543517216
9183.632862,2.543510418
9184.910509,2.543502919
9186.311941,2.543494687
9187.834733,2.543485734
9189.474554,2.543476083
9191.227091,2.543465758
9193.088948,2.543454777
9195.056933,2.543443156
9197.128541,2.543430907
9199.301597,2.543418043
9201.574037,2.543404571
9203.944195,2.5433905
9206.410233,2.543375838
9208.970718,2.54336059
9211.623958,2.543344765
9214.368592,2.543328368
9217.203055,2.543311405
9220.125972,2.543293882
9223.135912,2.543275805
9226.231434,2.543257178
9229.411252,2.543238008
9232.673844,2.5432183
9236.017884,2.543198059
9239.442088,2.54317729
9240.340314,2.543171835
9241.213029,2.543166532
9242.110999,2.543161072
9243.103507,2.543155034
9244.202942,2.543148342
9245.406972,2.543141008
9246.710494,2.543133061
9248.108477,2.543124532
9249.596139,2.543115448
9251.169822,2.543105829
9252.826632,2.543095693
9254.563818,2.543085054
9256.379349,2.543073923
9258.271396,2.54306231
9260.238292,2.543050223
9262.278771,2.543037669
9264.391382,2.543024655
9266.575071,2.543011186
9268.828738,2.542997266
9271.151419,2.542982901
9273.542231,2.542968093
9276.00027,2.542952846
9278.524798,2.542937164
9281.114967,2.542921049
9283.770131,2.542904504
9286.489501,2.542887531
9289.272486,2.542870133
9292.118363,2.542852312
9295.026568,2.542834069
9297.996444,2.542815406
9299.785321,2.542804149
9300.752718,2.542798056
9301.635519,2.542792494
9302.608603,2.542786358
9303.700384,2.54277947
9304.913549,2.542771811
9306.243714,2.542763407
9307.685816,2.542754289
9309.235305,2.542744482
9310.888275,2.542734011
9312.641931,2.542722891
9314.493952,2.542711134
9316.442379,2.542698752
9318.485848,2.54268575
9320.622923,2.542672136
9322.852554,2.542657913
9325.173816,2.542643087
9327.585748,2.542627659
9330.087687,2.542611633
9332.678698,2.542595011
9335.358204,2.542577795
9338.125347,2.542559987
9340.97956,2.542541589
9343.920016,2.542522602
9346.946153,2.542503028
9350.057117,2.542482869
9353.252307,2.542462126
9356.530904,2.542440801
9359.892218,2.542418896
9361.084153,2.542411118
9362.16864,2.542404037
9363.349924,2.542396318
9364.66597,2.542387712
9366.122087,2.542378183
9367.715121,2.542367749
9369.44002,2.54235644
9371.291821,2.542344286
9373.266753,2.54233131
9375.361377,2.542317531
9377.573128,2.542302964
9379.899796,2.542287619
9382.339447,2.542271507
9384.890493,2.542254636
9387.551343,2.542237011
9390.320695,2.542218639
9393.197173,2.542199525
9396.179577,2.542179674
9399.266698,2.542159089
9402.457331,2.542137777
9405.750422,2.542115738
9409.144699,2.542092979
9412.639121,2.542069503
9416.232553,2.542045312
9419.923847,2.54202041
9422.479563,2.542003138
9424.825374,2.541987263
9427.456949,2.541969429
9430.510821,2.541948699
9434.057888,2.541924576
9438.153946,2.541896659
9442.860492,2.5418645
9448.250843,2.541827565
9454.418416,2.541785165
9461.480972,2.541736431
9469.591211,2.541680229
9478.773949,2.541616285
9487.401923,2.541555904
9495.477832,2.541499123
9504.2433,2.541437205
9514.008524,2.54136787
9524.245329,2.541294784
9534.633086,2.541220198
9537.79076,2.541197441
9540.252642,2.541179671
9541.438476,2.541171103
9542.562516,2.541162977
9543.774342,2.54115421
9545.099394,2.541144617
9546.537296,2.5411342
9548.081028,2.541123007
9549.722796,2.541111093
9551.455876,2.541098504
9553.274424,2.541085282
9555.173796,2.541071458
9557.149898,2.54105706
9559.199426,2.541042112
9561.319396,2.541026631
9563.507304,2.541010636
9565.760889,2.540994142
9568.078142,2.54097716
9570.45731,2.540959702
9572.896703,2.540941779
9575.394943,2.540923399
9577.950552,2.540904571
9580.562361,2.540885302
9583.229171,2.540865599
9585.949924,2.540845469
9588.723654,2.540824917
9591.549367,2.540803947
9594.426253,2.540782565
9597.353416,2.540760776
9599.743236,2.540742961
9600.383049,2.540738188
9600.977873,2.540733749
9601.644012,2.540728775
9602.39602,2.540723159
9603.232534,2.540716909
9604.148135,2.540710065
9605.137036,2.540702669
9606.194613,2.540694755
9607.317245,2.54068635
9608.501905,2.540677474
9609.746056,2.540668147
9611.047779,2.540658382
9612.405536,2.540648189
9613.817726,2.54063758
9615.283174,2.540626562
9616.800934,2.540615141
9618.369969,2.540603325
9619.989449,2.540591119
9621.658725,2.540578527
9623.377036,2.540565552
9625.143763,2.5405522
9626.958433,2.540538473
9628.820412,2.540524374
9630.729234,2.540509906
9632.684511,2.54049507
9634.685702,2.540479871
9636.732452,2.540464308
9638.824365,2.540448385
9640.961029,2.540432103
9643.142166,2.540415463
9645.367326,2.540398467
9647.636218,2.540381117
9649.948514,2.540363414
9652.303868,2.540345358
9654.702035,2.540326952
9657.142622,2.540308196
9659.625398,2.540289091
9660.316688,2.540283767
9660.944587,2.54027893
9661.621496,2.540273713
9662.378772,2.540267875
9663.220598,2.540261382
9664.143948,2.540254257
9665.144074,2.540246536
9666.216946,2.540238249
9667.359348,2.540229419
9668.568685,2.540220067
9669.842617,2.540210208
9671.179443,2.540199856
9672.577843,2.540189019
9674.036534,2.540177706
9675.554437,2.540165925
9677.130742,2.540153681
9678.764682,2.540140978
9680.455456,2.540127823
9682.202501,2.540114217
9684.005264,2.540100164
9685.863111,2.540085668
9687.775608,2.540070732
9689.742264,2.540055356
9691.762567,2.540039545
9693.836161,2.5400233
9695.962525,2.540006622
9698.141257,2.539989516
9700.371984,2.53997198
9702.654216,2.539954019
9704.987629,2.539935634
9707.37173,2.539916826
9709.806159,2.539897597
9712.290495,2.539877949
9714.824329,2.539857883
9717.407284,2.539837402
9720.038914,2.539816506
9721.937052,2.539801417
9723.693801,2.539787439
9725.669385,2.539771705
9727.973502,2.539753333
9730.673378,2.539731779
9733.836411,2.539706489
9737.551183,2.539676735
9741.830798,2.539642387
9746.537018,2.539604529
9751.613707,2.539563588
9757.036469,2.53951974
9762.790693,2.539473079
9768.863508,2.539423686
9775.240956,2.539371653
9778.231389,2.539347196
9780.112389,2.539331794
9781.286223,2.539322175
9782.391036,2.539313116
9783.584463,2.539303325
9784.89404,2.539292574
9786.320193,2.539280858
9787.856567,2.539268228
9789.495611,2.539254742
9791.231091,2.539240451
9793.057405,2.539225399
9794.970338,2.539209618
9796.966159,2.539193137
9799.041971,2.539175978
9801.195166,2.53915816
9803.423652,2.539139699
9805.725506,2.539120609
9808.099155,2.5391009
9810.543114,2.539080584
9813.056165,2.539059666
9815.637112,2.539038157
9818.284994,2.539016061
9820.998807,2.538993384
9823.777785,2.538970132
9826.621052,2.538946308
9829.527995,2.538921916
9832.49782,2.53889696
9835.529992,2.538871442
9838.623847,2.538845366
9840.405441,2.538830331
9841.874804,2.538817922
9843.209997,2.538806638
9844.635182,2.538794585
9846.203017,2.538781316
9847.927349,2.538766711
9849.810328,2.538750748
9851.850486,2.538733436
9854.046585,2.538714781
9856.397604,2.538694787
9858.903116,2.538673455
9861.563377,2.538650776
9864.378614,2.538626743
9867.349753,2.538601344
9870.477382,2.538574567
9873.762624,2.538546397
9877.206202,2.538516821
9880.809226,2.538485821
9884.572272,2.538453387
9888.496179,2.538419504
9892.581455,2.538384158
9896.828488,2.538347338
9899.460884,2.538324478
9900.541964,2.538315082
9901.551554,2.538306302
9902.699888,2.538296311
9904.012671,2.538284882
9905.48716,2.538272037
9907.113996,2.538257854
9908.883486,2.538242414
9910.787068,2.53822579
9912.818047,2.538208036
9914.97052,2.538189202
9917.239944,2.538169323
9919.622053,2.538148433
9922.113433,2.53812656
9924.710801,2.538103728
9927.411315,2.53807996
9930.212357,2.538055274
9933.111379,2.53802969
9936.106183,2.538003223
9939.19451,2.53797589
9942.374303,2.537947705
9945.6437,2.537918682
9949.000767,2.537888833
9952.443724,2.537858171
9955.970942,2.537826707
9959.580823,2.537794451
9961.13935,2.537780507
9962.564385,2.537767749
9964.162412,2.537753432
9965.987546,2.537737067
9968.05231,2.537718537
9970.35776,2.537697825
9972.902248,2.537674939
9975.685798,2.537649871
9978.709233,2.537622606
9981.975383,2.537593109
9985.487689,2.537561338
9989.250965,2.537527239
9993.270187,2.537490754
9997.55138,2.537451815
10002.10043,2.537410355
10006.92389,2.537366297
10012.02848,2.537319564
10017.42084,2.537270076
10019.97996,2.537246546
10021.50235,2.537232535
10022.90656,2.537219603
10024.41095,2.537205739
10026.05194,2.537190605
10027.82942,2.5371742
10029.73401,2.537156606
10031.75535,2.537137917
10033.88464,2.537118211
10036.11426,2.537097556
10038.43827,2.537076003
10040.8518,2.537053596
10043.35064,2.537030371
10045.93144,2.537006356
10048.59123,2.536981576
10051.32743,2.536956052
10054.13793,2.536929803
10057.0207,2.536902843
10059.974,2.536875186
10062.99637,2.536846844
10066.08631,2.536817828
10069.24257,2.536788147
10072.46405,2.536757808
10075.74956,2.536726821
10079.09816,2.536695191
10080.17527,2.536685006
10081.07612,2.536676485
10081.92739,2.536668429
10082.84646,2.536659728
10083.85666,2.53665016
10084.95978,2.536639707
10086.15225,2.536628401
10087.42975,2.536616283
10088.78814,2.53660339
10090.22391,2.536589753
10091.73438,2.536575398
10093.31718,2.536560344
10094.97031,2.53654461
10096.69226,2.536528209
10098.48151,2.536511153
10100.33683,2.536493452
10102.25725,2.536475115
10104.24164,2.536456151
10106.2892,2.536436565
10108.3991,2.536416364
10110.57059,2.536395553
10112.80306,2.536374136
10115.09575,2.53635212
10117.44814,2.536329506
10119.85957,2.536306301
10122.32954,2.536282505
10124.85748,2.536258125
10127.44289,2.536233161
10130.08527,2.536207617
10132.78414,2.536181497
10135.53901,2.536154801
10138.34942,2.536127534
10139.77019,2.536113737
10140.53785,2.536106278
10141.23062,2.536099545
10141.99224,2.53609214
10142.84436,2.536083852
10143.78834,2.536074668
10144.8196,2.536064629
10145.93305,2.536053786
10147.1244,2.536042178
10148.39013,2.536029838
10149.7271,2.536016797
10151.133,2.536003074
10152.60603,2.535988687
10154.14435,2.535973653
10155.74659,2.535957983
10157.41164,2.535941687
10159.13828,2.535924775
10160.92556,2.535907256
10162.77271,2.535889135
10164.67876,2.535870421
10166.64306,2.535851119
10168.66488,2.535831234
10170.74351,2.535810772
10172.87844,2.535789736
10175.0689,2.535768132
10177.31439,2.535745964
10179.6143,2.535723236
10181.96808,2.535699952
10184.37522,2.535676115
10186.83514,2.53565173
10189.34738,2.535626799
10191.91134,2.535601326
10194.52662,2.535575314
10197.19261,2.535548766
10199.90891,2.535521686
10200.98086,2.535510991
10201.96472,2.53550117
10203.04276,2.535490404
10204.25013,2.53547834
10205.59291,2.535464916
10207.06945,2.535450146
10208.67682,2.535434056
10210.41216,2.535416673
10212.27343,2.535398013
10214.25958,2.535378085
10216.36984,2.535356893
10218.60399,2.535334435
10220.96238,2.535310705
10223.44509,2.535285698
10226.05279,2.535259403
10228.78608,2.53523181
10231.64565,2.535202907
10234.63233,2.53517268
10237.74674,2.53514112
10240.98977,2.535108212
10244.36195,2.535073944
10247.86412,2.535038302
10251.49672,2.535001277
10255.26042,2.534962854
10259.15565,2.534923023
10260.59629,2.534908275
10261.98941,2.534894005
10263.48466,2.534878679
10265.17772,2.534861313
10267.08677,2.534841718
10269.21082,2.534819896
10271.54303,2.534795913
10274.07711,2.534769828
10276.80677,2.534741697
10279.72714,2.534711565
10282.83358,2.534679472
10286.12193,2.534645454
10289.58843,2.534609541
10293.229,2.534571768
10297.0398,2.534532166
10301.01702,2.534490767
10305.1568,2.534447602
10309.45523,2.534402703
10313.90827,2.534356103
10318.51195,2.534307834
10320.05787,2.534291605
10321.0804,2.534280864
10322.02047,2.534270986
10323.02968,2.534260377
10324.13707,2.53424873
10325.34501,2.53423602
10326.64929,2.534222288
10328.04442,2.534207592
10329.52504,2.534191986
10331.08688,2.534175514
10332.7262,2.534158213
10334.4399,2.534140114
10336.22546,2.534121242
10338.08044,2.534101622
10340.003,2.534081271
10341.99123,2.534060208
10344.04362,2.534038446
10346.15872,2.534016
10348.33521,2.533992883
10350.57192,2.533969103
10352.86769,2.533944673
10355.22154,2.533919601
10357.63245,2.533893895
10360.09956,2.533867564
10362.62198,2.533840614
10365.19892,2.533813053
10367.82962,2.533784887
10370.51334,2.533756121
10373.2494,2.533726761
10376.03712,2.533696814
10378.87592,2.533666282
10380.18778,2.53365216
10380.99636,2.533643452
10381.73681,2.533635476
10382.52483,2.533626984
10383.38442,2.533617718
10384.31896,2.53360764
10385.32595,2.533596777
10386.40198,2.533585164
10387.54391,2.533572834
10388.74885,2.533559818
10390.01441,2.533546139
10391.33875,2.533531818
10392.72032,2.53351687
10394.15757,2.53350131
10395.64939,2.53348515
10397.19484,2.533468398
10398.79283,2.533451066
10400.44259,2.53343316
10402.14346,2.533414687
10403.89462,2.533395655
10405.6955,2.533376067
10407.54557,2.53335593
10409.44417,2.533335249
10411.39086,2.533314027
10413.38514,2.533292269
10415.4265,2.53326998
10417.51459,2.53324716
10419.64887,2.533223816
10421.82897,2.53319995
10424.05448,2.533175565
10426.32499,2.533150664
10428.64017,2.53312525
10430.99957,2.533099326
10433.40288,2.533072893
10435.84969,2.533045957
10438.33967,2.533018517
10440.28314,2.532997081
10441.85944,2.532979682
10443.30405,2.532963727
10444.88244,2.532946284
10446.66448,2.532926577
10448.67848,2.532904288
10450.94206,2.532879215
10453.47183,2.532851167
10456.28691,2.532819922
10459.41151,2.5327852
10462.87589,2.532746652
10466.71696,2.53270385
10470.98132,2.532656253
10475.72813,2.532603177
10481.03357,2.532543735
10486.97429,2.532477027
10493.4076,2.532404609
10499.1262,2.532340082
10500.5248,2.532324278
10501.85961,2.532309187
10503.21738,2.532293828
10504.70157,2.53227703
10506.32826,2.532258608
10508.09279,2.532238611
10509.98584,2.532217142
10511.99849,2.5321943
10514.12323,2.532170165
10516.35388,2.532144806
10518.68566,2.532118273
10521.11437,2.532090612
10523.63687,2.532061854
10526.25028,2.53203203
10528.95236,2.532001162
10531.74111,2.53196927
10534.61479,2.531936369
10537.57203,2.531902474
10540.61137,2.531867597
10543.73173,2.531831747
10546.93206,2.531794933
10550.2114,2.531757162
10553.56899,2.531718441
10557.00394,2.531678775
10560.1197,2.531642749
10562.45651,2.531615701
10564.67891,2.531589955
10567.01461,2.531562872
10569.49114,2.531534129
10572.09836,2.531503841
10574.82044,2.531472185
10577.64382,2.531439316
10580.55807,2.531405351
10583.5554,2.531370379
10586.62994,2.531334464
10589.77718,2.531297655
10592.9936,2.531259992
10596.27637,2.531221504
10599.62317,2.531182215
10603.03209,2.531142145
10606.50147,2.531101311
10610.02984,2.531059727
10613.61598,2.531017405
10617.25883,2.530974354
10619.76944,2.53094465
10621.02675,2.530929763
10622.17574,2.530916153
10623.44224,2.530901143
10624.86486,2.530884276
10626.44863,2.530865486
10628.19011,2.530844813
10630.08405,2.530822314
10632.12606,2.530798038
10634.31314,2.530772016
10636.64291,2.530744274
10639.11434,2.530714817
10641.72668,2.530683652
10644.47994,2.530650771
10647.37446,2.530616168
10650.41089,2.530579827
10653.59021,2.530541731
10656.91346,2.530501862
10660.38202,2.530460197
10663.99721,2.530416713
10667.76062,2.530371383
10671.67378,2.530324183
10675.73837,2.530275082
10679.95605,2.530224054
10683.86924,2.530176637
10687.60035,2.530131363
10691.45105,2.530084572
10695.47224,2.530035638
10699.66584,2.529984528
10704.02457,2.529931321
10708.54124,2.529876096
10713.21058,2.529818908
10718.02894,2.529759792
10722.99377,2.529698769
10728.10335,2.52963585
10733.35649,2.529571042
10738.75237,2.529504342
10740.81487,2.529478812
10742.84999,2.529453603
10745.01938,2.529426709
10747.48108,2.529396166
10750.27153,2.529361511
10753.39509,2.529322678
10756.84864,2.529279691
10760.62881,2.529232576
10764.73287,2.529181351
10769.15978,2.529126012
10773.90956,2.529066538
10778.98278,2.529002902
10784.37984,2.528935075
10790.10123,2.528863029
10796.14713,2.528786736
10801.173,2.528723188
10806.14516,2.528660208
10810.73603,2.528601957
10815.80483,2.528537532
10821.59268,2.528463825
10828.19384,2.528379576
10835.64993,2.528284178
10843.98022,2.528177298
10853.19092,2.528058755
10857.45971,2.528003685
10860.11022,2.52796945
10861.86357,2.527946785
10863.51118,2.527925475
10865.2902,2.527902451
10867.2416,2.52787718
10869.3647,2.527849666
10871.64886,2.527820041
10874.08215,2.527788456
10876.65389,2.527755045
10879.35536,2.527719917
10882.17935,2.527683159
10885.11959,2.52764485
10888.17093,2.527605052
10891.32901,2.527563818
10894.59003,2.527521191
10897.95049,2.527477214
10901.40737,2.527431922
10904.95798,2.527385346
10908.59992,2.527337511
10912.33097,2.527288444
10916.149,2.527238168
10920.05212,2.527186702
10924.06999,2.527133651
10928.22689,2.527078687
10932.98836,2.527015632
10938.20247,2.526946465
10943.79634,2.526872123
10949.72628,2.526793159
10955.95966,2.526709982
10962.46768,2.52662295
10969.22316,2.526532406
10976.20024,2.526438673
10978.90456,2.526402282
10980.38646,2.526382327
10981.68097,2.526364887
10982.90629,2.526348372
10984.21871,2.526330675
10985.64932,2.526311376
10987.20097,2.526290433
10988.86825,2.526267918
10990.6447,2.526243914
10992.52427,2.526218502
10994.50191,2.526191746
10996.57341,2.526163701
10998.73527,2.526134411
11000.98452,2.526103915
11003.31869,2.526072244
11005.73558,2.526039423
11008.23337,2.526005477
11010.81034,2.525970424
11013.46512,2.525934281
11016.19629,2.525897064
11019.0028,2.525858786
11021.88344,2.525819458
11024.83733,2.525779092
11027.86351,2.525737696
11030.96117,2.525695279
11034.12956,2.525651849
11037.36792,2.525607411
11040.2683,2.525567571
11041.81736,2.525546277
11043.2654,2.525526362
11044.84872,2.525504576
11046.62003,2.525480188
11048.59331,2.525453004
11050.77103,2.525422982
11053.15293,2.525390121
11055.73951,2.525354406
11058.5314,2.525315823
11061.53075,2.525274332
11064.73991,2.525229894
11068.16213,2.525182453
11071.8006,2.525131956
11075.65904,2.52507834
11079.7408,2.525021547
11084.04957,2.524961512
11088.58855,2.524898178
11093.36088,2.524831486
11098.36951,2.52476138
11100.91008,2.524725775
11103.36321,2.524691368
11105.83376,2.524656689
11108.49357,2.524619322
11111.36385,2.524578962
11114.43259,2.524535769
11117.68249,2.52448998
11121.09814,2.524441803
11124.66729,2.524391404
11128.38043,2.52433891
11132.23013,2.524284418
11136.2105,2.524228006
11140.31672,2.524169734
11144.54481,2.524109652
11148.89135,2.524047801
11153.3534,2.523984217
11157.92833,2.52391893
11161.77197,2.523864004
11165.34017,2.523812954
11169.07008,2.523759528
11173.08371,2.523701967
11177.37484,2.523640345
11181.91017,2.523575124
11186.65615,2.523506774
11191.58501,2.52343568
11196.67502,2.523362145
11201.90925,2.523286403
11207.27442,2.523208636
11212.75997,2.523128988
11218.35732,2.523047575
11219.97314,2.523024046
11220.98146,2.523009358
11221.89991,2.522995974
11222.88574,2.522981604
11223.9678,2.522965827
11225.14806,2.522948611
11226.42196,2.522930023
11227.78377,2.522910144
11229.22795,2.522889052
11230.75016,2.522866812
11232.34659,2.522843475
11234.01412,2.522819086
11235.75026,2.52279368
11237.55262,2.522767291
11239.41942,2.522739943
11241.34884,2.52271166
11243.33945,2.522682463
11245.38992,2.522652369
11247.49903,2.522621394
11249.66574,2.522589551
11251.889,2.522556856
11254.16798,2.522523317
11256.50175,2.522488948
11258.88962,2.522453756
11261.33079,2.522417752
11263.82465,2.522380942
11266.37049,2.522343336
11268.96779,2.522304939
11271.61588,2.522265759
11274.31432,2.522225802
11277.06251,2.522185074
11279.86004,2.522143578
11280.74742,2.522130409
11281.54631,2.522118549
11282.4152,2.522105647
11283.38162,2.522091293
11284.44908,2.522075433
11285.61407,2.522058118
11286.87233,2.522039409
11288.22009,2.522019363
11289.65388,2.521998027
11291.17116,2.521975438
11292.77007,2.521951623
11294.44883,2.521926606
11296.20611,2.521900405
11298.04099,2.521873032
11299.95238,2.521844502
11301.93955,2.521814822
11304.00192,2.521784
11306.13875,2.521752045
11308.3496,2.521718961
11310.63392,2.521684754
11312.99126,2.521649429
11315.42123,2.521612989
11317.92332,2.521575438
11320.49724,2.521536781
11323.14243,2.521497021
11325.85859,2.521456161
11328.64521,2.521414206
11331.50196,2.521371158
11334.42833,2.521327023
11337.42398,2.521281802
11339.67765,2.521247755
11340.40981,2.521236689
11341.09283,2.521226363
11341.86334,2.521214712
11342.73838,2.521201478
11343.71659,2.521186679
11344.79153,2.521170411
11345.95684,2.52115277
11347.20734,2.521133832
11348.53875,2.521113661
11349.94748,2.52109231
11351.43086,2.521069817
11352.98661,2.521046217
11354.61266,2.521021538
11356.30744,2.520995803
11358.06943,2.520969034
11359.89729,2.520941249
11361.78996,2.520912463
11363.74619,2.520882693
11365.76505,2.520851952
11367.84558,2.520820252
11369.98688,2.520787605
11372.18818,2.520754022
11374.44857,2.520719514
11376.76741,2.52068409
11379.14381,2.520647761
11381.57715,2.520610535
11384.06664,2.520572422
11386.61169,2.520533429
11389.21156,2.520493565
11391.86567,2.520452839
11394.57331,2.520411257
11397.33397,2.520368827
11400.14693,2.520325558
11400.98753,2.520312621
11401.74709,2.520300928
11402.55606,2.520288471
11403.44089,2.520274844
11404.40548,2.520259983
11405.44729,2.520243929
11406.5628,2.520226733
11407.74875,2.520208445
11409.00206,2.520189111
11410.32032,2.520168767
11411.70165,2.520147442
11413.14438,2.52012516
11414.64701,2.520101942
11416.20842,2.520077806
11417.82758,2.520052765
11419.50345,2.520026834
11421.23528,2.520000024
11423.02229,2.519972345
11424.86375,2.519943808
11426.7591,2.519914419
11428.70766,2.519884189
11430.70888,2.519853123
11432.76231,2.519821228
11434.86732,2.519788512
11437.02352,2.519754979
11439.23039,2.519720637
11441.48748,2.51968549
11443.7944,2.519649543
11446.15065,2.519612802
11448.55592,2.519575271
11451.00969,2.519536956
11453.51164,2.519497861
11456.06131,2.519457991
11458.65837,2.519417349
11460.42556,2.519389676
11462.13996,2.519362816
11463.73843,2.519337761
11465.49432,2.519310225
11467.48513,2.519278988
11469.74629,2.519243487
11472.30308,2.519203316
11475.18077,2.519158068
11478.41022,2.519107244
11482.03074,2.51905021
11486.09229,2.518986157
11490.65917,2.518914045
11495.81672,2.518832492
11501.64729,2.518740152
11508.00791,2.518639241
11514.84632,2.518530545
11517.74316,2.518484436
11519.86559,2.518450629
11520.82659,2.518435316
11521.73113,2.518420898
11522.72396,2.518405068
11523.8251,2.518387506
11525.03151,2.518368259
11526.33557,2.518347447
11527.72944,2.518325193
11529.20634,2.518301603
11530.76099,2.518276761
11532.38875,2.51825074
11534.08612,2.518223592
11535.84999,2.518195367
11537.67786,2.518166103
11539.56752,2.518135834
11541.51709,2.518104588
11543.52494,2.518072391
11545.58956,2.518039263
11547.7097,2.518005225
11549.88414,2.517970294
11552.11189,2.517934484
11554.39191,2.517897811
11556.72341,2.517860285
11559.10549,2.51782192
11561.53749,2.517782724
11564.01865,2.517742709
11566.54838,2.517701881
11569.12602,2.51766025
11571.75105,2.517617823
11574.42289,2.517574607
11577.14108,2.517530609
11579.90509,2.517485834
11580.60727,2.517474454
11581.26858,2.517463734
11581.99839,2.517451901
11582.81367,2.51743868
11583.71452,2.517424068
11584.69631,2.517408139
11585.75425,2.517390969
11586.88438,2.517372622
11588.08353,2.517353148
11589.34881,2.517332593
11590.67813,2.51731099
11592.06986,2.517288364
11593.52248,2.517264739
11595.0347,2.517240135
11596.60559,2.517214565
11598.23419,2.517188043
11599.91964,2.517160584
11601.66133,2.517132194
11603.45856,2.517102885
11605.31071,2.517072665
11607.21735,2.51704154
11609.17788,2.517009517
11611.19184,2.516976604
11613.25888,2.516942805
11615.37846,2.516908126
11617.55024,2.516872572
11619.7738,2.516836148
11622.04877,2.51679886
11624.37481,2.516760709
11626.75149,2.516721703
11629.17854,2.516681844
11631.65551,2.516641138
11634.18211,2.516599587
11636.75796,2.516557197
11639.38272,2.516513971
11640.49169,2.516495698
11641.5493,2.516478267
11642.71515,2.516459046
11644.0539,2.516436966
11645.58129,2.516411766
11647.30027,2.516383392
11649.21195,2.516351821
11651.31811,2.51631702
11653.62175,2.516278933
11656.12783,2.516237471
11658.84245,2.516192527
11661.77279,2.516143974
11664.92742,2.516091662
11668.3153,2.516035432
11671.94659,2.515975104
11675.83209,2.515910487
11679.98315,2.515841378
11684.41203,2.515767559
11689.13114,2.515688805
11694.15383,2.515604874
11699.49354,2.515515521
11700.93539,2.515491372
11702.29154,2.515468649
11703.80126,2.515443344
11705.48715,2.515415073
11707.34027,2.515383984
11709.34471,2.515350338
11711.48597,2.515314376
11713.75244,2.515276288
11716.13469,2.51523623
11718.62549,2.515194319
11721.2192,2.515150647
11723.91102,2.515105291
11726.6971,2.515058313
11729.57437,2.51500976
11732.53998,2.514959677
11735.59162,2.514908101
11738.72732,2.51485506
11741.94525,2.514800582
11745.24379,2.514744691
11748.62159,2.514687406
11752.07734,2.514628747
11755.60982,2.514568729
11759.21801,2.514507368
11762.90092,2.514444675
11766.97015,2.514375335
11771.3727,2.514300232
11776.08017,2.514219831
11781.06749,2.514134542
11786.30796,2.514044804
11791.77423,2.513951067
11797.43909,2.513853784
11803.27687,2.513753381
11809.26459,2.51365024
11815.35428,2.513545178
11818.12208,2.513497373
11820.02843,2.513464426
11821.05168,2.513446734
11821.97477,2.513430771
11822.95726,2.513413776
11824.02995,2.513395216
11825.19592,2.513375036
11826.45129,2.513353302
11827.7907,2.513330105
11829.20894,2.513305534
11830.70188,2.513279659
11832.26584,2.513252543
11833.89786,2.513224235
11835.59551,2.513194776
11837.35654,2.513164204
11839.17921,2.513132547
11841.06178,2.513099834
11843.00289,2.513066087
11845.00124,2.513031327
11847.05568,2.512995573
11849.16523,2.512958841
11851.32886,2.512921146
11853.5458,2.512882501
11855.81516,2.512842919
11858.13629,2.51280241
11860.5084,2.512760987
11862.93093,2.512718658
11865.4032,2.512675432
11867.92471,2.512631317
11870.49485,2.512586323
11873.11318,2.512540454
11875.77913,2.51249372
11878.4923,2.512446125
11880.12454,2.512417477
11881.29821,2.51239687
11882.40271,2.512377471
11883.61246,2.512356218
11884.96549,2.51233244
11886.4699,2.512305992
11888.1261,2.512276864
11889.93291,2.512245073
11891.88912,2.512210637
11893.99479,2.512173551
11896.25077,2.512133796
11898.65833,2.512091344
11901.21966,2.512046153
11903.93714,2.511998175
11906.81355,2.511947355
11909.85211,2.511893631
11913.05588,2.51183694
11916.4285,2.511777213
11919.9733,2.511714382
11923.69404,2.511648372
11927.59423,2.511579113
11931.67761,2.511506528
11935.94766,2.511430546
11939.5588,2.511366225
11941.17115,2.511337488
11942.65667,2.511311001
11944.2771,2.511282097
11946.06175,2.51125025
11948.00314,2.511215591
11950.08647,2.511178379
11952.2976,2.511138863
11954.62492,2.511097247
11957.05953,2.511053687
11959.59449,2.511008303
11962.22408,2.510961195
11964.94385,2.51091244
11967.75021,2.510862098
11970.64009,2.510810221
11973.61088,2.510756853
11976.66043,2.51070203
11979.78688,2.510645781
11982.98848,2.510588135
11986.26379,2.510529115
11989.61157,2.510468741
11993.03052,2.510407031
11996.5196,2.510344003
12000.07788,2.510279668
12003.21841,2.510222841
12006.06954,2.510171212
12009.31036,2.510112483
12013.19523,2.510042021
12017.68585,2.509960489
12022.58413,2.509871454
12027.7866,2.509776774
12033.23354,2.509677517
12038.88599,2.509574376
12044.71594,2.509467849
12050.70076,2.509358335
12056.81766,2.509246241
12059.26136,2.509201414
12060.40349,2.509180454
12061.53279,2.509159723
12062.67333,2.50913878
12063.92162,2.509115853
12065.29313,2.509090654
12066.78502,2.509063234
12068.38968,2.50903373
12070.09966,2.509002277
12071.90851,2.508968992
12073.81089,2.50893397
12075.80247,2.508897289
12077.8796,2.508859014
12080.03929,2.508819197
12082.27893,2.508777885
12084.59633,2.508735115
12086.98957,2.50869092
12089.45694,2.50864533
12091.99697,2.50859837
12094.60826,2.508550062
12097.2897,2.508500425
12100.04008,2.50844948
12102.85852,2.508397239
12105.74397,2.50834372
12108.69567,2.508288934
12111.71278,2.508232895
12114.79457,2.508175613
12117.94039,2.508117098
12121.14951,2.50805736
12124.58253,2.507993405
12128.25505,2.50792493
12132.14278,2.507852379
12136.22072,2.507776206
12140.46206,2.507696904
12144.84125,2.507614942
12149.33569,2.507530735
12153.92709,2.507444619
12158.60175,2.507356848
12163.35037,2.50726759
12168.16719,2.507176949
12173.04891,2.507084982
12177.99387,2.506991719
12180.89716,2.506936912
12183.8919,2.50688034
12186.81901,2.506825007
12190.09606,2.506763015
12193.85865,2.506691781
12198.18274,2.506609839
12203.13834,2.506515829
12208.81302,2.506408047
12215.28142,2.506285017
12222.27477,2.506151797
12229.68785,2.506010348
12237.48007,2.505861407
12240.13651,2.505810571
12241.98182,2.505775239
12243.72443,2.50574186
12245.61111,2.505705707
12247.68542,2.50566594
12249.94732,2.505622555
12252.38662,2.505575743
12254.99219,2.505525711
12257.75388,2.505472649
12260.66376,2.505416704
12263.71559,2.50535799
12266.90418,2.505296602
12270.22538,2.505232613
12273.67594,2.505166081
12277.25316,2.505097053
12280.95464,2.505025567
12284.77853,2.504951656
12288.72332,2.50487534
12292.78756,2.504796643
12296.97007,2.50471558
12300.41797,2.504648699
12303.02005,2.50459819
12305.36955,2.504552558
12307.91961,2.504503004
12310.785,2.504447289
12314.0053,2.504384631
12317.59846,2.504314664
12321.57589,2.504237149
12325.94819,2.504151859
12330.72671,2.504058551
12335.92257,2.503956981
12341.54714,2.503846898
12347.61121,2.50372806
12354.1243,2.503600244
12358.11588,2.503521821
12360.06921,2.503483419
12361.35983,2.503458036
12362.54943,2.503434634
12363.82842,2.503409467
12365.23204,2.503381838
12366.76336,2.503351687
12368.41638,2.503319128
12370.18354,2.503284307
12372.05794,2.503247359
12374.03355,2.503208399
12376.10539,2.503167524
12378.26916,2.503124815
12380.52116,2.503080343
12382.85825,2.503034167
12385.27748,2.502986344
12387.77642,2.502936919
12390.35267,2.502885936
12393.00419,2.502833433
12395.72911,2.502779446
12398.52558,2.502724008
12401.39205,2.502667147
12404.32698,2.502608891
12407.32893,2.502549267
12410.39664,2.502488297
12413.52884,2.502426003
12416.72433,2.502362407
12419.98207,2.502297526
12420.91872,2.502278864
12421.7624,2.50226205
12422.6661,2.502244037
12423.65984,2.502224226
12424.74768,2.502202533
12425.92668,2.502179017
12427.1927,2.502153759
12428.54164,2.502126838
12429.96995,2.502098325
12431.47494,2.502068272
12433.05425,2.502036725
12434.7059,2.502003721
12436.42838,2.501969289
12438.22021,2.501933457
12440.08021,2.501896247
12442.00743,2.501857677
12444.00078,2.501817767
12446.05952,2.50177653
12448.18285,2.501733979
12450.37006,2.501690129
12452.62058,2.501644988
12454.9337,2.501598568
12457.30898,2.501550878
12459.74575,2.501501928
12462.24358,2.501451724
12464.80191,2.501400277
12467.42033,2.501347593
12470.09833,2.501293679
12472.8355,2.501238543
12475.63137,2.501182191
12478.48554,2.50112463
12480.01285,2.501093814
12481.02167,2.501073453
12481.96031,2.501054506
12482.98199,2.501033877
12484.11754,2.501010945
12485.37115,2.500985621
12486.74021,2.500957958
12488.22092,2.50092803
12489.80937,2.500895914
12491.50255,2.500861669
12493.2983,2.500825335
12495.19453,2.500786954
12497.18985,2.500746551
12499.28315,2.500704145
12501.47332,2.500659757
12503.7597,2.500613397
12506.14139,2.500565081
12508.61783,2.500514818
12511.18833,2.500462617
12513.85234,2.500408488
12516.60928,2.50035244
12519.45855,2.500294479
12522.39957,2.500234617
12525.43175,2.50017286
12528.55443,2.50010922
12531.76706,2.500043703
12535.06885,2.499976322
12538.45924,2.499907085
12541.93744,2.499836004
12545.16358,2.499770028
12548.73649,2.49969691
12552.67694,2.499616207
12556.94116,2.499528799
12561.47819,2.499435714
12566.24473,2.499337827
12571.20695,2.49923582
12576.33889,2.499130214
12581.62051,2.499021412
12587.03615,2.498909727
12592.57329,2.498795408
12598.2218,2.498678657
12600.57178,2.498630045
12603.04388,2.498578882
12605.2747,2.49853269
12607.63697,2.498483753
12610.21617,2.498430296
12613.03113,2.49837192
12616.08048,2.498308646
12619.35819,2.498240591
12622.8582,2.498167869
12626.57529,2.498090581
12630.5053,2.498008803
12634.64523,2.497922586
12638.99294,2.497831965
12643.54671,2.497736964
12648.30518,2.497637599
12653.26746,2.497533878
12658.43292,2.4974258
12660.60347,2.497380352
12662.7711,2.497334946
12664.81072,2.497292203
12666.96673,2.497247002
12669.28465,2.497198384
12671.76453,2.497146345
12674.39519,2.497091114
12677.16436,2.497032944
12680.06134,2.496972054
12683.07736,2.496908625
12686.2053,2.496842803
12689.43931,2.496774705
12692.77455,2.49670443
12696.20703,2.496632058
12699.73337,2.496557655
12703.35068,2.49648128
12707.05645,2.49640298
12710.84849,2.496322798
12714.72473,2.496240774
12718.68339,2.496156941
12720.09578,2.496127015
12721.0427,2.496106947
12721.93202,2.496088096
12722.89458,2.496067689
12723.95512,2.4960452
12725.1149,2.496020602
12726.36969,2.495993982
12727.71451,2.495965445
12729.14432,2.495935096
12730.65528,2.495903016
12732.24422,2.495869269
12733.90832,2.495833915
12735.64544,2.495796998
12737.45358,2.495758558
12739.33109,2.495718628
12741.27659,2.495677238
12743.28868,2.495634414
12745.36636,2.495590176
12747.50842,2.495544549
12749.71401,2.495497549
12751.98221,2.495449194
12754.31222,2.495399498
12756.70327,2.495348478
12759.15466,2.495296145
12761.66572,2.495242513
12764.23577,2.495187593
12766.86425,2.495131397
12769.55052,2.495073936
12772.29404,2.495015219
12775.09425,2.494955256
12777.95062,2.494894058
12780.05035,2.49484905
12781.32565,2.494821704
12782.5201,2.494796086
12783.83226,2.494767937
12785.30523,2.494736329
12786.94898,2.494701046
12788.7647,2.494662059
12790.75137,2.494619386
12792.90837,2.494573035
12795.23633,2.494522989
12797.73621,2.494469222
12800.4101,2.494411685
12803.26055,2.494350315
12806.29044,2.494285045
12809.50318,2.494215795
12812.90202,2.494142488
12816.49078,2.494065032
12820.27289,2.493983346
12824.25222,2.493897336
12828.43226,2.493806918
12832.81665,2.493712002
12837.40888,2.493612503
12842.21217,2.493508337
12847.07213,2.493402845
12852.55389,2.49328374
12858.6833,2.493150417
12865.38903,2.493004382
12872.59228,2.492847305
12880.2266,2.492680597
12888.23486,2.492505465
12896.56049,2.492323115
12899.51894,2.49225825
12900.61313,2.49223425
12901.6206,2.492212148
12902.7455,2.492187465
12904.01121,2.492159686
12905.41308,2.492128912
12906.94064,2.492095368
12908.58287,2.492059296
12910.33082,2.49202089
12912.17686,2.491980315
12914.1151,2.491937699
12916.14034,2.491893153
12918.24853,2.491846765
12920.43594,2.491798614
12922.69955,2.491748766
12925.03661,2.491697278
12927.4447,2.491644202
12929.92176,2.491589581
12932.46573,2.491533459
12935.07492,2.49147587
12937.74772,2.491416849
12940.48264,2.491356425
12943.27839,2.491294626
12946.13367,2.491231479
12949.04731,2.491167006
12952.01831,2.491101229
12955.04556,2.491034169
12958.12816,2.490965845
12960.14125,2.490921205
12961.56359,2.490889655
12962.90435,2.490859907
12964.37953,2.490827168
12966.03733,2.490790365
12967.89061,2.49074921
12969.94257,2.490703626
12972.19383,2.490653596
12974.64635,2.490599069
12977.30323,2.490539971
12980.1688,2.490476199
12983.24903,2.490407612
12986.55033,2.49033406
12990.08075,2.490255355
12993.84896,2.490171292
12997.86473,2.490081643
13002.13874,2.489986158
13006.68252,2.489884564
13011.50875,2.489776563
13016.63084,2.489661838
13018.88566,2.489611301
13020.16576,2.489582601
13021.21004,2.489559183
13022.19195,2.48953716
13023.24434,2.489513552
13024.39045,2.489487836
13025.6301,2.489460015
13026.95743,2.48943022
13028.36551,2.489398604
13029.84862,2.489365295
13031.40168,2.489330405
13033.02074,2.489294022
13034.70238,2.489256222
13036.44379,2.489217066
13038.24257,2.489176608
13040.09664,2.489134892
13042.00422,2.489091957
13043.96371,2.489047839
13045.97373,2.489002567
13048.03301,2.488956169
13050.14046,2.488908667
13052.29504,2.488860085
13054.49586,2.48881044
13056.74205,2.488759753
13059.03288,2.488708036
13061.3676,2.488655307
13063.74558,2.488601579
13066.1662,2.488546863
13068.62891,2.488491172
13071.13316,2.488434517
13073.67846,2.488376906
13076.26433,2.488318351
13078.89033,2.48825886
13080.17443,2.488229759
13081.02226,2.488210541
13081.79761,2.488192963
13082.6247,2.48817421
13083.52977,2.488153686
13084.51695,2.488131296
13085.58421,2.488107085
13086.72844,2.488081123
13087.94678,2.488053474
13089.23646,2.488024199
13090.59543,2.487993345
13092.02215,2.487960944
13093.51525,2.487927027
13095.07355,2.487891618
13096.69626,2.487854737
13098.38264,2.487816396
13100.13196,2.487776613
13101.94378,2.487735395
13103.81765,2.487692752
13105.75308,2.487648693
13107.74982,2.487603223
13109.80751,2.487556348
13111.92584,2.487508074
13114.10466,2.487458402
13116.34359,2.48740734
13118.64245,2.487354891
13121.00103,2.487301056
13123.41908,2.487245842
13125.89648,2.487189247
13128.43289,2.487131279
13131.02819,2.487071939
13133.6821,2.487011231
13136.39443,2.486949157
13139.16495,2.48688572
13140.72419,2.486850005
13142.2211,2.486815708
13143.9472,2.48677615
13146.01102,2.486728835
13148.46843,2.486672475
13151.37094,2.486605876
13154.78358,2.486527528
13158.79655,2.486435338
13163.5425,2.486326227
13169.01076,2.486200397
13175.10337,2.486060061
13181.79301,2.485905802
13189.07692,2.485737636
13196.95509,2.485555513
13200.26682,2.485478881
13202.61443,2.485424532
13204.73439,2.485375434
13206.98731,2.485323237
13209.44666,2.485266235
13212.12392,2.485204154
13215.01296,2.485137132
13218.10423,2.48506538
13221.38902,2.484989096
13224.86014,2.484908437
13228.51165,2.484823536
13232.33884,2.484734493
13236.33805,2.484641386
13240.50629,2.484544276
13244.84102,2.484443215
13249.33997,2.484338247
13254.00122,2.484229407
13258.82311,2.484116726
13263.80414,2.484000231
13269.00526,2.483878483
13274.56553,2.48374821
13280.36299,2.483612251
13286.34143,2.483471909
13292.47996,2.483327663
13298.77184,2.483179659
13305.2155,2.483027924
13311.81051,2.482872457
13318.55677,2.482713248
13321.54647,2.482642635
13324.32218,2.482577045
13327.39207,2.482504469
13330.79174,2.482424053
13334.49157,2.482336485
13338.45175,2.482242696
13342.63784,2.482143491
13347.02268,2.482039502
13351.58572,2.481931208
13356.31093,2.481818978
13361.18606,2.481703097
13366.20114,2.481583793
13371.34828,2.481461246
13376.62088,2.481335604
13378.83814,2.481282737
13380.10582,2.481252502
13381.12183,2.481228265
13382.04467,2.481206248
13383.02671,2.481182814
13384.0981,2.481157244
13385.26215,2.481129457
13386.51533,2.481099537
13387.85257,2.481067603
13389.26894,2.481033772
13390.76051,2.480998136
13392.32372,2.48096078
13393.95574,2.480921769
13395.6542,2.480881159
13397.41691,2.480839001
13399.24218,2.480795334
13401.12827,2.480750198
13403.07385,2.480703624
13405.07761,2.480655643
13407.13839,2.480606279
13409.25519,2.480555557
13411.42698,2.480503499
13413.65296,2.480450123
13415.93221,2.48039545
13418.26406,2.480339494
13420.6477,2.480282274
13423.08255,2.480223802
13425.56788,2.480164094
13428.10316,2.480103161
13430.68776,2.480041018
13433.3212,2.479977674
13436.00288,2.479913141
13438.73237,2.47984743
13440.04009,2.479815938
13440.84695,2.479796503
13441.59094,2.479778581
13442.39281,2.479759262
13443.27638,2.479737972
13444.24457,2.479714639
13445.29435,2.479689337
13446.42197,2.479662153
13447.62406,2.479633168
13448.89754,2.479602456
13450.23999,2.479570075
13451.64958,2.479536066
13453.12469,2.479500468
13454.66389,2.479463315
13456.26616,2.479424629
13457.93053,2.479384434
13459.65606,2.47934275
13461.44211,2.479299593
13463.28797,2.479254977
13465.19301,2.479208917
13467.15678,2.479161423
13469.17864,2.479112508
13471.25815,2.479062182
13473.39491,2.479010453
13475.58841,2.478957333
13477.83832,2.478902827
13480.14415,2.478846946
13482.50555,2.478789698
13484.92211,2.47873109
13487.39346,2.47867113
13489.91925,2.478609825
13492.49906,2.478547184
13495.13258,2.478483212
13497.81938,2.478417919
13499.52675,2.478376413
13500.21262,2.478359736
13500.91066,2.478342762
13501.58693,2.478326315
13502.31814,2.478308531
13503.11999,2.478289025
13503.99345,2.478267775
13504.93528,2.478244859
13505.94196,2.47822036
13507.01038,2.478194355
13508.13782,2.478166909
13509.32192,2.478138078
13510.56084,2.478107907
13511.85315,2.478076429
13513.19731,2.478043681
13514.59215,2.478009692
13516.03676,2.477974482
13517.53009,2.477938075
13519.07131,2.477900493
13520.65975,2.47786175
13522.2946,2.477821864
13523.97523,2.477780851
13525.7011,2.477738723
13527.47153,2.477695495
13529.286,2.477651179
13531.14405,2.477605787
13533.04509,2.47755933
13534.98871,2.477511819
13536.9744,2.477463264
13539.00172,2.477413676
13541.07029,2.477363062
13543.1796,2.477311435
13545.32933,2.477258802
13547.51899,2.477205172
13549.74824,2.477150554
13552.01669,2.477094957
13554.32394,2.477038388
13556.66966,2.476980856
13559.05345,2.476922368
13560.25318,2.476892924
13561.03829,2.476873652
13561.77767,2.476855501
13562.57217,2.476835995
13563.44327,2.476814605
13564.39397,2.476791257
13565.42203,2.476766005
13566.52454,2.47673892
13567.69886,2.476710066
13568.94259,2.476679501
13570.25381,2.476647271
13571.63113,2.47661341
13573.07346,2.476577942
13574.57967,2.476540895
13576.14901,2.476502286
13577.78097,2.476462126
13579.47485,2.476420432
13581.2302,2.476377214
13583.04675,2.476332476
13584.92403,2.47628623
13586.86175,2.47623848
13588.85974,2.476189231
13590.9176,2.47613849
13593.03515,2.476086261
13595.21221,2.476032546
13597.44848,2.475977351
13599.74386,2.475920678
13602.09805,2.475862532
13604.51089,2.475802915
13606.98219,2.475741832
13609.51169,2.475679286
13612.09929,2.475615278
13614.74465,2.475549815
13617.44766,2.475482899
13620.208,2.475414535
13622.22545,2.475364551
13624.08759,2.475318402
13626.1682,2.475266823
13628.57903,2.475207037
13631.38466,2.475137433
13634.64429,2.475056528
13638.42819,2.474962561
13642.83193,2.474853133
13647.99152,2.47472483
13653.94868,2.47457657
13660.60558,2.474410736
13667.75256,2.474232508
13675.27246,2.474044774
13678.29263,2.473969316
13680.08872,2.473924425
13681.34741,2.473892958
13682.53276,2.47386332
13683.8147,2.47383126
13685.22229,2.47379605
13686.75597,2.473757679
13688.40829,2.473716329
13690.17126,2.473672199
13692.03759,2.473625469
13694.00146,2.473576283
13696.05784,2.473524764
13698.20284,2.473471008
13700.43291,2.473415102
13702.74534,2.473357112
13705.13749,2.473297101
13707.60729,2.47323512
13710.15278,2.473171215
13712.77228,2.473105428
13715.46431,2.473037792
13718.22738,2.472968343
13721.06034,2.472897108
13723.96191,2.472824116
13726.93104,2.472749393
13729.96677,2.47267296
13733.06806,2.47259484
13736.23408,2.472515053
13739.46394,2.472433619
13740.78579,2.47240028
13741.98256,2.47237009
13743.33212,2.472336039
13744.88061,2.472296961
13746.63751,2.472252613
13748.60288,2.472202989
13750.77499,2.472148128
13753.15314,2.472088043
13755.73854,2.472022698
13758.53321,2.471952036
13761.54099,2.471875953
13764.76614,2.471794334
13768.21414,2.471707034
13771.89077,2.471613895
13775.8026,2.471514744
13779.9564,2.471409398
13784.35956,2.471297658
13789.01943,2.471179325
13793.94403,2.471054183
13799.14112,2.470922019
13801.11747,2.470871734
13802.9206,2.470825843
13804.90434,2.470775342
13807.10503,2.470719301
13809.51212,2.470657984
13812.10573,2.470591891
13814.86758,2.470521484
13817.78309,2.470447129
13820.84105,2.470369108
13824.03286,2.470287635
13827.35185,2.470202876
13830.79262,2.470114964
13834.35086,2.470024006
13838.02312,2.469930084
13841.80653,2.469833267
13845.69868,2.469733613
13849.69744,2.469631173
13853.80091,2.469525988
13858.00751,2.469418096
13860.54171,2.469353067
13862.64116,2.469299177
13864.60071,2.469248863
13866.65931,2.46919599
13868.85899,2.469139477
13871.19805,2.469079364
13873.6647,2.46901595
13876.24658,2.46894955
13878.93311,2.468880433
13881.71573,2.468808816
13884.58756,2.468734873
13887.54304,2.468658746
13890.57763,2.468580547
13893.68754,2.468500373
13896.86959,2.468418303
13900.12108,2.468334404
13903.43963,2.468248735
13906.82315,2.468161347
13910.26984,2.468072286
13913.77811,2.467981589
13917.34655,2.467889291
13919.46137,2.467834569
13920.36734,2.467811122
13921.23686,2.467788615
13922.15216,2.467764921
13923.17189,2.467738519
13924.30528,2.46770917
13925.54896,2.46767696
13926.89746,2.467642029
13928.34546,2.467604514
13929.8883,2.467564532
13931.52258,2.467522172
13933.24536,2.467477508
13935.05434,2.467430597
13936.94786,2.467381481
13938.92416,2.467330204
13940.98213,2.467276793
13943.12067,2.467221275
13945.33889,2.467163672
13947.63611,2.467103997
13950.01157,2.467042271
13952.46486,2.466978501
13954.9953,2.466912703
13957.60259,2.466844882
13960.28624,2.46677505
13963.04596,2.466703211
13965.88138,2.466629373
13968.79225,2.466553541
13971.77824,2.46647572
13974.83913,2.466395913
13977.97462,2.466314128
13979.93387,2.466263005
13981.13279,2.466231715
13982.24652,2.466202643
13983.46972,2.466170709
13984.83984,2.466134933
13986.36279,2.466095158
13988.03622,2.466051444
13989.85575,2.466003902
13991.81741,2.465952633
13993.91827,2.465897711
13996.15566,2.465839202
13998.52792,2.465777147
14001.03335,2.465711586
14003.67087,2.465642545
14006.43922,2.465570053
14009.33753,2.465494128
14012.36463,2.465414798
14015.51963,2.465332081
14018.80133,2.465246005
14022.20864,2.465156594
14025.74042,2.465063873
14029.39526,2.464967875
14033.17182,2.46486863
14037.06877,2.464766168
14039.96814,2.464689901
14041.59546,2.464647082
14043.10948,2.464607235
14044.77233,2.464563462
14046.63716,2.464514361
14048.71512,2.464459634
14051.00404,2.464399332
14053.4997,2.464333563
14056.19739,2.464262446
14059.09382,2.46418606
14062.18591,2.464104482
14065.47158,2.46401776
14068.94907,2.463925933
14072.61678,2.463829038
14076.47348,2.463727098
14080.51794,2.46362014
14084.74887,2.463508188
14089.16515,2.463391266
14093.76571,2.463269391
14098.54944,2.463142586
14100.86845,2.463081086
14103.06441,2.463022831
14105.28692,2.462963855
14107.68292,2.462900256
14110.26908,2.462831587
14113.033,2.462758172
14115.95772,2.462680457
14119.02817,2.462598837
14122.23226,2.46251363
14125.56055,2.462425082
14129.00558,2.462333387
14132.56141,2.4622387
14136.2232,2.462141145
14139.98695,2.462040824
14143.8493,2.461937825
14147.80737,2.461832219
14151.85861,2.46172407
14156.0008,2.461613435
14160.23201,2.46150036
14161.60544,2.461463643
14162.85131,2.46143033
14164.18544,2.461394652
14165.65148,2.461355439
14167.25718,2.461312482
14168.99969,2.461265854
14170.87381,2.461215693
14172.8748,2.461162123
14174.99833,2.461105257
14177.24127,2.461045177
14179.60068,2.460981957
14182.07458,2.460915649
14184.66094,2.460846304
14187.35841,2.460773956
14190.16552,2.46069864
14193.08125,2.46062038
14196.10451,2.460539204
14199.23444,2.46045513
14202.47021,2.460368177
14205.81101,2.460278364
14209.25622,2.460185703
14212.80498,2.460090214
14216.45668,2.45999191
14220.21071,2.459890804
14221.09407,2.459867005
14221.92729,2.459844555
14222.82989,2.459820233
14223.82373,2.459793449
14224.9094,2.459764186
14226.08251,2.459732561
14227.33817,2.459698707
14228.67157,2.45966275
14230.07892,2.459624792
14231.55721,2.459584914
14233.10355,2.459543191
14234.71579,2.459499682
14236.39199,2.459454438
14238.13038,2.459407504
14239.92956,2.459358919
14241.78801,2.459308721
14243.70456,2.459256941
14245.67802,2.45920361
14247.70733,2.459148756
14249.79153,2.459092404
14251.92963,2.459034578
14254.12081,2.458975301
14256.36416,2.458914595
14258.65896,2.45885248
14261.00435,2.458788975
14263.39969,2.458724099
14265.84419,2.458657871
14268.33725,2.458590307
14270.87814,2.458521424
14273.46629,2.458451237
14276.10104,2.458379762
14278.78182,2.458307015
14280.29846,2.458265847
14281.43196,2.458235074
14282.49961,2.458206085
14283.65735,2.458174645
14284.94033,2.458139799
14286.35596,2.458101344
14287.9043,2.458059275
14289.58368,2.458013637
14291.39233,2.457964475
14293.32954,2.457911806
14295.39513,2.457855633
14297.58936,2.457795945
14299.91322,2.457732713
14302.36779,2.457665904
14304.95455,2.457595475
14307.67536,2.457521371
14310.5319,2.457443544
14313.52637,2.457361928
14316.66079,2.457276465
14319.93747,2.457187087
14323.35871,2.457093727
14326.92688,2.456996315
14330.64441,2.456894778
14334.51371,2.456789047
14338.53726,2.456679046
14340.14863,2.456634976
14341.37613,2.4566014
14342.51406,2.456570269
14343.72542,2.456537123
14345.03822,2.456501197
14346.45278,2.45646248
14347.96173,2.456421171
14349.55752,2.456377477
14351.23304,2.45633159
14352.98283,2.456283659
14354.80214,2.456233812
14356.68724,2.456182151
14358.63495,2.456128762
14360.64263,2.456073715
14362.70803,2.456017071
14364.82918,2.455958884
14367.00445,2.455899195
14369.23225,2.455838049
14371.5114,2.455775476
14373.8406,2.45571151
14376.21889,2.455646177
14378.64527,2.455579503
14381.11893,2.45551151
14383.63907,2.455442217
14386.20498,2.455371644
14388.81604,2.455299806
14391.47159,2.455226721
14394.17115,2.455152399
14396.9141,2.455076858
14399.70001,2.455000108
14400.85007,2.454968417
14401.89958,2.454939492
14403.07097,2.454907204
14404.40364,2.454870466
14405.90561,2.454829052
14407.57693,2.45478296
14409.41674,2.454732211
14411.42447,2.454676817
14413.60134,2.454616741
14415.9501,2.454551902
14418.47408,2.454482207
14421.17809,2.454407516
14424.06783,2.454327667
14427.14957,2.454242483
14430.43073,2.45415175
14433.9192,2.454055246
14437.62374,2.453952718
14441.55405,2.453843893
14445.7202,2.45372848
14450.13351,2.453606156
14454.80565,2.453476588
14459.7495,2.453339405
14464.97854,2.453194219
14470.50737,2.453040609
14476.35131,2.452878134
14482.5269,2.452706314
14489.05137,2.45252465
14495.94341,2.452332597
14503.2223,2.452129592
14510.90881,2.451915028
14519.02485,2.451688262
14527.59328,2.45144862
14536.63843,2.451195381
14546.18596,2.450927785
14556.26248,2.450645037
14566.89602,2.450346297
14578.11597,2.450030682
14589.95301,2.449697262
14602.43908,2.449345065
14615.60732,2.448973076
14629.45529,2.448581279
14643.65062,2.448179008
14658.06119,2.447769971
14672.6287,2.447355799
14687.32153,2.44693737
14702.11747,2.446515304
14716.99911,2.446090084
14731.95196,2.445662114
14746.95196,2.445232077
14761.95196,2.44480132
14776.95196,2.444369846
14791.95196,2.443937656
14806.95196,2.44350475
14821.95196,2.44307113
14836.95196,2.442636798
14851.95196,2.442201755
14866.95196,2.441766001
14881.95196,2.441329538
14896.95196,2.440892367
14911.95196,2.44045449
14926.95196,2.440015908
14941.95196,2.439576623
14956.95196,2.439136635
14971.95196,2.438695946
14986.95196,2.438254558
15001.95196,2.437812472
15016.95196,2.437369689
15031.95196,2.436926212
15046.95196,2.43648204
15061.95196,2.436037177
15076.95196,2.435591623
15091.95196,2.435145381
15106.95196,2.434698451
15121.95196,2.434250835
15136.95196,2.433802535
15151.95196,2.433353552
15166.95196,2.432903889
15181.95196,2.432453547
15196.95196,2.432002527
15211.95196,2.43155083
15226.95196,2.43109846
15241.95196,2.430645417
15256.95196,2.430191704
15271.95196,2.429737321
15286.95196,2.429282271
15301.95196,2.428826555
15316.95196,2.428370175
15331.95196,2.427913133
15346.95196,2.427455431
15361.95196,2.42699707
15376.95196,2.426538051
15391.95196,2.426078378
15406.95196,2.425618051
15421.95196,2.425157073
15436.95196,2.424695445
15451.95196,2.424233168
15466.95196,2.423770245
15481.95196,2.423306678
15496.95196,2.422842468
15511.95196,2.422377617
15526.95196,2.421912127
15541.95196,2.421446
15556.95196,2.420979236
15571.95196,2.42051184
15586.95196,2.420043811
15601.95196,2.419575152
15616.95196,2.419105865
15631.95196,2.418635951
15646.95196,2.418165412
15661.95196,2.417694251
15676.95196,2.417222468
15691.95196,2.416750066
15706.95196,2.416277047
15721.95196,2.415803411
15736.95196,2.415329162
15751.95196,2.414854301
15766.95196,2.41437883
15781.95196,2.41390275
15796.95196,2.413426063
15811.95196,2.412948772
15826.95196,2.412470877
15841.95196,2.411992382
15856.95196,2.411513286
15871.95196,2.411033594
15886.95196,2.410553305
15901.95196,2.410072422
15916.95196,2.409590947
15931.95196,2.409108882
15946.95196,2.408626228
15961.95196,2.408142987
15976.95196,2.407659161
15991.95196,2.407174752
16006.95196,2.406689762
16021.95196,2.406204192
16036.95196,2.405718044
16051.95196,2.405231319
16066.95196,2.404744021
16081.95196,2.40425615
16096.95196,2.403767708
16111.95196,2.403278698
16126.95196,2.40278912
16141.95196,2.402298977
16156.95196,2.40180827
16171.95196,2.401317002
16186.95196,2.400825173
16201.95196,2.400332786
16216.95196,2.399839843
16231.95196,2.399346345
16246.95196,2.398852293
16261.95196,2.398357691
16276.95196,2.397862539
16291.95196,2.39736684
16306.95196,2.396870594
16321.95196,2.396373805
16336.95196,2.395876473
16351.95196,2.3953786
16366.95196,2.394880188
16381.95196,2.394381239
16396.95196,2.393881755
16411.95196,2.393381737
16426.95196,2.392881187
16441.95196,2.392380107
16456.95196,2.391878498
16471.95196,2.391376363
16486.95196,2.390873702
16501.95196,2.390370519
16516.95196,2.389866813
16531.95196,2.389362588
16546.95196,2.388857845
16561.95196,2.388352585
16576.95196,2.387846811
16591.95196,2.387340524
16606.95196,2.386833725
16621.95196,2.386326417
16636.95196,2.385818601
16651.95196,2.385310278
16666.95196,2.384801452
16681.95196,2.384292122
16696.95196,2.383782292
16711.95196,2.383271962
16726.95196,2.382761135
16741.95196,2.382249811
16756.95196,2.381737994
16771.95196,2.381225683
16786.95196,2.380712882
16801.95196,2.380199591
16816.95196,2.379685813
16831.95196,2.379171549
16846.95196,2.378656801
16861.95196,2.37814157
16876.95196,2.377625858
16891.95196,2.377109667
16906.95196,2.376592999
16921.95196,2.376075854
16936.95196,2.375558235
16951.95196,2.375040144
16966.95196,2.374521582
16981.95196,2.37400255
16996.95196,2.37348305
17011.95196,2.372963085
17026.95196,2.372442655
17041.95196,2.371921763
17056.95196,2.371400409
17071.95196,2.370878596
17086.95196,2.370356325
17101.95196,2.369833597
17116.95196,2.369310415
17131.95196,2.36878678
17146.95196,2.368262694
17161.95196,2.367738157
17176.95196,2.367213173
17191.95196,2.366687742
17206.95196,2.366161866
17221.95196,2.365635547
17236.95196,2.365108786
17251.95196,2.364581585
17266.95196,2.364053945
17281.95196,2.363525868
17296.95196,2.362997356
17311.95196,2.36246841
17326.95196,2.361939031
17341.95196,2.361409223
17356.95196,2.360878985
17371.95196,2.360348319
17386.95196,2.359817228
17401.95196,2.359285712
17416.95196,2.358753774
17431.95196,2.358221414
17446.95196,2.357688634
17461.95196,2.357155437
17476.95196,2.356621823
17491.95196,2.356087794
17506.95196,2.355553351
17521.95196,2.355018496
17536.95196,2.354483232
17551.95196,2.353947558
17566.95196,2.353411477
17581.95196,2.35287499
17596.95196,2.352338099
17611.95196,2.351800805
17626.95196,2.35126311
17641.95196,2.350725016
17656.95196,2.350186523
17671.95196,2.349647634
17686.95196,2.349108349
17701.95196,2.348568671
17716.95196,2.348028601
17731.95196,2.34748814
17746.95196,2.34694729
17761.95196,2.346406053
17776.95196,2.345864429
17791.95196,2.345322421
17806.95196,2.34478003
17821.95196,2.344237257
17836.95196,2.343694104
17851.95196,2.343150573
17866.95196,2.342606664
17881.95196,2.342062379
17896.95196,2.341517721
17911.95196,2.340972689
17926.95196,2.340427286
17941.95196,2.339881514
17956.95196,2.339335373
17971.95196,2.338788865
17986.95196,2.338241992
18001.95196,2.337694754
18016.95196,2.337147154
18031.95196,2.336599193
18046.95196,2.336050873
18061.95196,2.335502194
18076.95196,2.334953158
18091.95196,2.334403767
18106.95196,2.333854022
18121.95196,2.333303925
18136.95196,2.332753477
18151.95196,2.332202679
18166.95196,2.331651532
18181.95196,2.331100039
18196.95196,2.330548201
18211.95196,2.329996019
18226.95196,2.329443494
18241.95196,2.328890628
18256.95196,2.328337422
18271.95196,2.327783878
18286.95196,2.327229996
18301.95196,2.32667578
18316.95196,2.326121229
18331.95196,2.325566345
18346.95196,2.32501113
18361.95196,2.324455585
18376.95196,2.323899712
18391.95196,2.323343511
18406.95196,2.322786984
18421.95196,2.322230133
18436.95196,2.321672959
18451.95196,2.321115463
18466.95196,2.320557646
18481.95196,2.31999951
18496.95196,2.319441057
18511.95196,2.318882288
18526.95196,2.318323203
18541.95196,2.317763805
18556.95196,2.317204094
18571.95196,2.316644073
18586.95196,2.316083742
18601.95196,2.315523103
18616.95196,2.314962157
18631.95196,2.314400905
18646.95196,2.313839349
18661.95196,2.31327749
18676.95196,2.312715329
18691.95196,2.312152868
18706.95196,2.311590108
18721.95196,2.311027051
18736.95196,2.310463697
18751.95196,2.309900048
18766.95196,2.309336105
18781.95196,2.30877187
18796.95196,2.308207344
18811.95196,2.307642527
18826.95196,2.307077423
18841.95196,2.306512031
18856.95196,2.305946353
18871.95196,2.30538039
18886.95196,2.304814144
18901.95196,2.304247616
18916.95196,2.303680807
18931.95196,2.303113719
18946.95196,2.302546352
18961.95196,2.301978708
18976.95196,2.301410789
18991.95196,2.300842595
19006.95196,2.300274127
19021.95196,2.299705388
19036.95196,2.299136378
19051.95196,2.298567099
19066.95196,2.297997551
19081.95196,2.297427737
19096.95196,2.296857656
19111.95196,2.296287311
19126.95196,2.295716703
19141.95196,2.295145833
19156.95196,2.294574703
19171.95196,2.294003312
19186.95196,2.293431663
19201.95196,2.292859758
19216.95196,2.292287596
19231.95196,2.29171518
19246.95196,2.29114251
19261.95196,2.290569588
19276.95196,2.289996415
19291.95196,2.289422992
19306.95196,2.288849321
19321.95196,2.288275402
19336.95196,2.287701237
19351.95196,2.287126828
19366.95196,2.286552174
19381.95196,2.285977278
19396.95196,2.28540214
19411.95196,2.284826762
19426.95196,2.284251145
19441.95196,2.28367529
19456.95196,2.283099199
19471.95196,2.282522872
19486.95196,2.28194631
19501.95196,2.281369516
19516.95196,2.280792489
19531.95196,2.280215232
19546.95196,2.279637745
19561.95196,2.279060029
19576.95196,2.278482086
19591.95196,2.277903917
19606.95196,2.277325523
19621.95196,2.276746905
19636.95196,2.276168064
19651.95196,2.275589002
19666.95196,2.275009719
19681.95196,2.274430217
19696.95196,2.273850497
19711.95196,2.273270559
19726.95196,2.272690406
19741.95196,2.272110038
19756.95196,2.271529456
19771.95196,2.270948662
19786.95196,2.270367656
19801.95196,2.26978644
19816.95196,2.269205015
19831.95196,2.268623381
19846.95196,2.268041541
19861.95196,2.267459495
19876.95196,2.266877244
19891.95196,2.266294789
19906.95196,2.265712132
19921.95196,2.265129273
19936.95196,2.264546214
19951.95196,2.263962956
19966.95196,2.2633795
19981.95196,2.262795846
19996.95196,2.262211996
20011.95196,2.261627952
20026.95196,2.261043713
20041.95196,2.260459282
20056.95196,2.259874659
20071.95196,2.259289846
20086.95196,2.258704843
20101.95196,2.258119651
20116.95196,2.257534272
20131.95196,2.256948707
20146.95196,2.256362956
20161.95196,2.255777021
20176.95196,2.255190903
20191.95196,2.254604603
20206.95196,2.254018121
20221.95196,2.25343146
20236.95196,2.252844619
20251.95196,2.252257601
20266.95196,2.251670406
20281.95196,2.251083034
20296.95196,2.250495488
20311.95196,2.249907768
20326.95196,2.249319875
20341.95196,2.248731811
20356.95196,2.248143575
20371.95196,2.24755517
20386.95196,2.246966596
20401.95196,2.246377855
20416.95196,2.245788947
20431.95196,2.245199873
20446.95196,2.244610634
20461.95196,2.244021232
20476.95196,2.243431667
20491.95196,2.242841941
20506.95196,2.242252053
20521.95196,2.241662007
20536.95196,2.241071801
20551.95196,2.240481438
20566.95196,2.239890918
20581.95196,2.239300242
20596.95196,2.238709412
20611.95196,2.238118428
20626.95196,2.237527291
20641.95196,2.236936003
20656.95196,2.236344564
20671.95196,2.235752974
20686.95196,2.235161236
20701.95196,2.234569351
20716.95196,2.233977318
20731.95196,2.233385139
20746.95196,2.232792815
20761.95196,2.232200348
20776.95196,2.231607737
20791.95196,2.231014984
20806.95196,2.23042209
20821.95196,2.229829055
20836.95196,2.229235882
20851.95196,2.22864257
20866.95196,2.22804912
20881.95196,2.227455534
20896.95196,2.226861813
20911.95196,2.226267957
20926.95196,2.225673968
20941.95196,2.225079845
20956.95196,2.224485591
20971.95196,2.223891206
20986.95196,2.223296692
21001.95196,2.222702048
21016.95196,2.222107276
21031.95196,2.221512377
21046.95196,2.220917351
21061.95196,2.220322201
21076.95196,2.219726925
21091.95196,2.219131527
21106.95196,2.218536005
21121.95196,2.217940362
21136.95196,2.217344598
21151.95196,2.216748715
21166.95196,2.216152712
21181.95196,2.215556591
21196.95196,2.214960353
21211.95196,2.214363998
21226.95196,2.213767528
21241.95196,2.213170944
21256.95196,2.212574245
21271.95196,2.211977434
21286.95196,2.211380511
21301.95196,2.210783477
21316.95196,2.210186333
21331.95196,2.209589079
21346.95196,2.208991717
21361.95196,2.208394248
21376.95196,2.207796672
21391.95196,2.20719899
21406.95196,2.206601202
21421.95196,2.206003311
21436.95196,2.205405317
21451.95196,2.20480722
21466.95196,2.204209022
21481.95196,2.203610722
21496.95196,2.203012323
21511.95196,2.202413825
21526.95196,2.201815229
21541.95196,2.201216536
21556.95196,2.200617746
21571.95196,2.20001886
21586.95196,2.19941988
21601.95196,2.198820805
21616.95196,2.198221638
21631.95196,2.197622378
21646.95196,2.197023027
21661.95196,2.196423585
21676.95196,2.195824053
21691.95196,2.195224432
21706.95196,2.194624723
21721.95196,2.194024926
21736.95196,2.193425043
21751.95196,2.192825074
21766.95196,2.192225021
21781.95196,2.191624883
21796.95196,2.191024661
21811.95196,2.190424358
21826.95196,2.189823972
21841.95196,2.189223506
21856.95196,2.188622959
21871.95196,2.188022333
21886.95196,2.187421629
21901.95196,2.186820847
21916.95196,2.186219988
21931.95196,2.185619052
21946.95196,2.185018042
21961.95196,2.184416957
21976.95196,2.183815797
21991.95196,2.183214565
22006.95196,2.182613261
22021.95196,2.182011885
22036.95196,2.181410439
22051.95196,2.180808922
22066.95196,2.180207336
22081.95196,2.179605682
22096.95196,2.179003961
22111.95196,2.178402172
22126.95196,2.177800317
22141.95196,2.177198397
22156.95196,2.176596413
22171.95196,2.175994364
22186.95196,2.175392253
22201.95196,2.174790079
22216.95196,2.174187843
22231.95196,2.173585547
22246.95196,2.172983191
22261.95196,2.172380775
22276.95196,2.171778301
22291.95196,2.171175768
22306.95196,2.170573179
22321.95196,2.169970533
22336.95196,2.169367832
22351.95196,2.168765076
22366.95196,2.168162266
22381.95196,2.167559402
22396.95196,2.166956485
22411.95196,2.166353516
22426.95196,2.165750497
22441.95196,2.165147426
22456.95196,2.164544306
22471.95196,2.163941136
22486.95196,2.163337919
22501.95196,2.162734653
22516.95196,2.162131341
22531.95196,2.161527982
22546.95196,2.160924578
22561.95196,2.160321128
22576.95196,2.159717635
22591.95196,2.159114098
22606.95196,2.158510519
22621.95196,2.157906897
22636.95196,2.157303234
22651.95196,2.156699531
22666.95196,2.156095787
22681.95196,2.155492004
22696.95196,2.154888183
22711.95196,2.154284324
22726.95196,2.153680427
22741.95196,2.153076494
22756.95196,2.152472525
22771.95196,2.151868521
22786.95196,2.151264483
22801.95196,2.15066041
22816.95196,2.150056305
22831.95196,2.149452167
22846.95196,2.148847997
22861.95196,2.148243797
22876.95196,2.147639565
22891.95196,2.147035304
22906.95196,2.146431014
22921.95196,2.145826696
22936.95196,2.145222349
22951.95196,2.144617976
22966.95196,2.144013576
22981.95196,2.14340915
22996.95196,2.142804699
23011.95196,2.142200223
23026.95196,2.141595724
23041.95196,2.140991202
23056.95196,2.140386656
23071.95196,2.139782089
23086.95196,2.139177501
23101.95196,2.138572892
23116.95196,2.137968263
23131.95196,2.137363615
23146.95196,2.136758948
23161.95196,2.136154263
23176.95196,2.13554956
23191.95196,2.134944841
23206.95196,2.134340105
23221.95196,2.133735354
23236.95196,2.133130588
23251.95196,2.132525808
23266.95196,2.131921014
23281.95196,2.131316206
23296.95196,2.130711387
23311.95196,2.130106555
23326.95196,2.129501713
23341.95196,2.12889686
23356.95196,2.128291997
23371.95196,2.127687124
23386.95196,2.127082243
23401.95196,2.126477353
23416.95196,2.125872456
23431.95196,2.125267552
23446.95196,2.124662642
23461.95196,2.124057726
23476.95196,2.123452805
23491.95196,2.122847879
23506.95196,2.122242949
23521.95196,2.121638016
23536.95196,2.121033081
23551.95196,2.120428143
23566.95196,2.119823203
23581.95196,2.119218263
23596.95196,2.118613322
23611.95196,2.118008381
23626.95196,2.117403442
23641.95196,2.116798503
23656.95196,2.116193567
23671.95196,2.115588633
23686.95196,2.114983702
23701.95196,2.114378774
23716.95196,2.113773851
23731.95196,2.113168933
23746.95196,2.11256402
23761.95196,2.111959113
23776.95196,2.111354213
23791.95196,2.11074932
23806.95196,2.110144434
23821.95196,2.109539557
23836.95196,2.108934688
23851.95196,2.108329829
23866.95196,2.10772498
23881.95196,2.107120141
23896.95196,2.106515313
23911.95196,2.105910497
23926.95196,2.105305693
23941.95196,2.104700902
23956.95196,2.104096123
23971.95196,2.103491359
23986.95196,2.102886609
24001.95196,2.102281874
24016.95196,2.101677154
24031.95196,2.10107245
24046.95196,2.100467763
24061.95196,2.099863092
24076.95196,2.09925844
24091.95196,2.098653805
24106.95196,2.098049189
24121.95196,2.097444592
24136.95196,2.096840015
24151.95196,2.096235458
24166.95196,2.095630922
24181.95196,2.095026408
24196.95196,2.094421915
24211.95196,2.093817444
24226.95196,2.093212996
24241.95196,2.092608572
24256.95196,2.092004171
24271.95196,2.091399795
24286.95196,2.090795444
24301.95196,2.090191119
24316.95196,2.089586819
24331.95196,2.088982546
24346.95196,2.0883783
24361.95196,2.087774081
24376.95196,2.087169891
24391.95196,2.086565729
24406.95196,2.085961596
24421.95196,2.085357492
24436.95196,2.084753419
24451.95196,2.084149376
24466.95196,2.083545364
24481.95196,2.082941384
24496.95196,2.082337436
24511.95196,2.08173352
24526.95196,2.081129637
24541.95196,2.080525788
24556.95196,2.079921973
24571.95196,2.079318193
24586.95196,2.078714447
24601.95196,2.078110737
24616.95196,2.077507063
24631.95196,2.076903425
24646.95196,2.076299824
24661.95196,2.075696261
24676.95196,2.075092736
24691.95196,2.074489249
24706.95196,2.0738858
24721.95196,2.073282392
24736.95196,2.072679023
24751.95196,2.072075694
24766.95196,2.071472406
24781.95196,2.070869159
24796.95196,2.070265954
24811.95196,2.069662791
24826.95196,2.069059671
24841.95196,2.068456594
24856.95196,2.067853561
24871.95196,2.067250571
24886.95196,2.066647626
24901.95196,2.066044726
24916.95196,2.065441871
24931.95196,2.064839063
24946.95196,2.0642363
24961.95196,2.063633585
24976.95196,2.063030916
24991.95196,2.062428296
25006.95196,2.061825723
25021.95196,2.061223199
25036.95196,2.060620725
25051.95196,2.060018299
25066.95196,2.059415924
25081.95196,2.058813599
25096.95196,2.058211325
25111.95196,2.057609102
25126.95196,2.057006931
25141.95196,2.056404812
25156.95196,2.055802745
25171.95196,2.055200732
25186.95196,2.054598772
25201.95196,2.053996866
25216.95196,2.053395014
25231.95196,2.052793217
25246.95196,2.052191476
25261.95196,2.05158979
25276.95196,2.05098816
25291.95196,2.050386586
25306.95196,2.04978507
25321.95196,2.04918361
25336.95196,2.048582209
25351.95196,2.047980866
25366.95196,2.047379581
25381.95196,2.046778356
25396.95196,2.04617719
25411.95196,2.045576083
25426.95196,2.044975037
25441.95196,2.044374052
25456.95196,2.043773128
25471.95196,2.043172265
25486.95196,2.042571465
25501.95196,2.041970727
25516.95196,2.041370051
25531.95196,2.040769439
25546.95196,2.04016889
25561.95196,2.039568405
25576.95196,2.038967985
25591.95196,2.038367629
25606.95196,2.037767339
25621.95196,2.037167114
25636.95196,2.036566956
25651.95196,2.035966863
25666.95196,2.035366838
25681.95196,2.034766879
25696.95196,2.034166989
25711.95196,2.033567166
25726.95196,2.032967412
25741.95196,2.032367726
25756.95196,2.03176811
25771.95196,2.031168563
25786.95196,2.030569086
25801.95196,2.029969679
25816.95196,2.029370344
25831.95196,2.028771079
25846.95196,2.028171886
25861.95196,2.027572764
25876.95196,2.026973715
25891.95196,2.026374739
25906.95196,2.025775835
25921.95196,2.025177005
25936.95196,2.024578249
25951.95196,2.023979567
25966.95196,2.023380959
25981.95196,2.022782426
25996.95196,2.022183969
26011.95196,2.021585587
26026.95196,2.020987281
26041.95196,2.020389052
26056.95196,2.019790899
26071.95196,2.019192824
26086.95196,2.018594826
26101.95196,2.017996905
26116.95196,2.017399063
26131.95196,2.0168013
26146.95196,2.016203616
26161.95196,2.01560601
26176.95196,2.015008485
26191.95196,2.01441104
26206.95196,2.013813674
26221.95196,2.01321639
26236.95196,2.012619187
26251.95196,2.012022065
26266.95196,2.011425025
26281.95196,2.010828067
26296.95196,2.010231192
26311.95196,2.0096344
26326.95196,2.00903769
26341.95196,2.008441065
26356.95196,2.007844523
26371.95196,2.007248065
26386.95196,2.006651692
26401.95196,2.006055404
26416.95196,2.005459201
26431.95196,2.004863084
26446.95196,2.004267053
26461.95196,2.003671108
26476.95196,2.00307525
26491.95196,2.002479479
26506.95196,2.001883795
26521.95196,2.001288199
26536.95196,2.000692691
26551.95196,2.000097271
26566.95196,1.99950194
26581.95196,1.998906697
26596.95196,1.998311544
26611.95196,1.997716481
26626.95196,1.997121508
26641.95196,1.996526625
26656.95196,1.995931832
26671.95196,1.995337131
26686.95196,1.994742521
26701.95196,1.994148003
26716.95196,1.993553576
26731.95196,1.992959242
26746.95196,1.992365
26761.95196,1.991770851
26776.95196,1.991176796
26791.95196,1.990582834
26806.95196,1.989988965
26821.95196,1.989395191
26836.95196,1.988801512
26851.95196,1.988207927
26866.95196,1.987614437
26881.95196,1.987021043
26896.95196,1.986427745
26911.95196,1.985834542
26926.95196,1.985241436
26941.95196,1.984648427
26956.95196,1.984055515
26971.95196,1.983462699
26986.95196,1.982869982
27001.95196,1.982277362
27016.95196,1.981684841
27031.95196,1.981092418
27046.95196,1.980500094
27061.95196,1.979907869
27076.95196,1.979315743
27091.95196,1.978723717
27106.95196,1.978131791
27121.95196,1.977539966
27136.95196,1.976948241
27151.95196,1.976356616
27166.95196,1.975765093
27181.95196,1.975173672
27196.95196,1.974582352
27211.95196,1.973991135
27226.95196,1.973400019
27241.95196,1.972809007
27256.95196,1.972218097
27271.95196,1.971627291
27286.95196,1.971036588
27301.95196,1.970445988
27316.95196,1.969855493
27331.95196,1.969265103
27346.95196,1.968674816
27361.95196,1.968084635
27376.95196,1.967494559
27391.95196,1.966904589
27406.95196,1.966314724
27421.95196,1.965724966
27436.95196,1.965135314
27451.95196,1.964545768
27466.95196,1.963956329
27481.95196,1.963366998
27496.95196,1.962777774
27511.95196,1.962188657
27526.95196,1.961599649
27541.95196,1.961010749
27556.95196,1.960421957
27571.95196,1.959833274
27586.95196,1.9592447
27601.95196,1.958656236
27616.95196,1.958067881
27631.95196,1.957479636
27646.95196,1.956891502
27661.95196,1.956303477
27676.95196,1.955715564
27691.95196,1.955127761
27706.95196,1.954540069
27721.95196,1.953952489
27736.95196,1.953365021
27751.95196,1.952777665
27766.95196,1.952190421
27781.95196,1.951603289
27796.95196,1.95101627
27811.95196,1.950429365
27826.95196,1.949842572
27841.95196,1.949255893
27856.95196,1.948669328
27871.95196,1.948082877
27886.95196,1.94749654
27901.95196,1.946910318
27916.95196,1.946324211
27931.95196,1.945738218
27946.95196,1.945152341
27961.95196,1.94456658
27976.95196,1.943980934
27991.95196,1.943395404
28006.95196,1.942809991
28021.95196,1.942224694
28036.95196,1.941639514
28051.95196,1.941054451
28066.95196,1.940469505
28081.95196,1.939884677
28096.95196,1.939299967
28111.95196,1.938715374
28126.95196,1.9381309
28141.95196,1.937546544
28156.95196,1.936962307
28171.95196,1.936378189
28186.95196,1.93579419
28201.95196,1.935210311
28216.95196,1.934626551
28231.95196,1.934042911
28246.95196,1.933459392
28261.95196,1.932875993
28276.95196,1.932292714
28291.95196,1.931709556
28306.95196,1.931126519
28321.95196,1.930543604
28336.95196,1.92996081
28351.95196,1.929378138
28366.95196,1.928795587
28381.95196,1.92821316
28396.95196,1.927630854
28411.95196,1.927048671
28426.95196,1.926466611
28441.95196,1.925884674
28456.95196,1.925302861
28471.95196,1.924721171
28486.95196,1.924139605
28501.95196,1.923558163
28516.95196,1.922976845
28531.95196,1.922395651
28546.95196,1.921814583
28561.95196,1.921233639
28576.95196,1.92065282
28591.95196,1.920072126
28606.95196,1.919491559
28621.95196,1.918911116
28636.95196,1.9183308
28651.95196,1.91775061
28666.95196,1.917170547
28681.95196,1.91659061
28696.95196,1.9160108
28711.95196,1.915431116
28726.95196,1.914851561
28741.95196,1.914272132
28756.95196,1.913692831
28771.95196,1.913113659
28786.95196,1.912534614
28801.95196,1.911955697
28816.95196,1.911376909
28831.95196,1.91079825
28846.95196,1.91021972
28861.95196,1.909641319
28876.95196,1.909063047
28891.95196,1.908484904
28906.95196,1.907906891
28921.95196,1.907329009
28936.95196,1.906751256
28951.95196,1.906173634
28966.95196,1.905596142
28981.95196,1.905018781
28996.95196,1.904441551
29011.95196,1.903864452
29026.95196,1.903287484
29041.95196,1.902710648
29056.95196,1.902133943
29071.95196,1.901557371
29086.95196,1.90098093
29101.95196,1.900404622
29116.95196,1.899828447
29131.95196,1.899252404
29146.95196,1.898676493
29161.95196,1.898100716
29176.95196,1.897525073
29191.95196,1.896949562
29206.95196,1.896374185
29221.95196,1.895798942
29236.95196,1.895223834
29251.95196,1.894648859
29266.95196,1.894074018
29281.95196,1.893499313
29296.95196,1.892924742
29311.95196,1.892350305
29326.95196,1.891776005
29341.95196,1.891201839
29356.95196,1.890627809
29371.95196,1.890053914
29386.95196,1.889480155
29401.95196,1.888906533
29416.95196,1.888333046
29431.95196,1.887759696
29446.95196,1.887186483
29461.95196,1.886613406
29476.95196,1.886040466
29491.95196,1.885467663
29506.95196,1.884894998
29521.95196,1.88432247
29536.95196,1.88375008
29551.95196,1.883177827
29566.95196,1.882605712
29581.95196,1.882033736
29596.95196,1.881461898
29611.95196,1.880890198
29626.95196,1.880318637
29641.95196,1.879747215
29656.95196,1.879175932
29671.95196,1.878604788
29686.95196,1.878033783
29701.95196,1.877462918
29716.95196,1.876892193
29731.95196,1.876321607
29746.95196,1.875751162
29761.95196,1.875180856
29776.95196,1.874610691
29791.95196,1.874040667
29806.95196,1.873470783
29821.95196,1.87290104
29836.95196,1.872331438
29851.95196,1.871761977
29866.95196,1.871192657
29881.95196,1.870623479
29896.95196,1.870054443
29911.95196,1.869485548
29926.95196,1.868916795
29941.95196,1.868348185
29956.95196,1.867779716
29971.95196,1.86721139
29986.95196,1.866643207
30001.95196,1.866075167
30016.95196,1.865507269
30031.95196,1.864939515
30046.95196,1.864371903
30061.95196,1.863804435
30076.95196,1.863237111
30091.95196,1.86266993
30106.95196,1.862102893
30121.95196,1.861536
30136.95196,1.860969251
30151.95196,1.860402647
30166.95196,1.859836187
30181.95196,1.859269871
30196.95196,1.858703701
30211.95196,1.858137675
30226.95196,1.857571794
30241.95196,1.857006058
30256.95196,1.856440468
30271.95196,1.855875023
30286.95196,1.855309724
30301.95196,1.85474457
30316.95196,1.854179563
30331.95196,1.853614701
30346.95196,1.853049986
30361.95196,1.852485417
30376.95196,1.851920994
30391.95196,1.851356718
30406.95196,1.850792589
30421.95196,1.850228607
30436.95196,1.849664772
30451.95196,1.849101084
30466.95196,1.848537543
30481.95196,1.84797415
30496.95196,1.847410904
30511.95196,1.846847806
30526.95196,1.846284856
30541.95196,1.845722054
30556.95196,1.8451594
30571.95196,1.844596895
30586.95196,1.844034538
30601.95196,1.843472329
30616.95196,1.842910269
30631.95196,1.842348358
30646.95196,1.841786596
30661.95196,1.841224983
30676.95196,1.840663519
30691.95196,1.840102205
30706.95196,1.83954104
30721.95196,1.838980024
30736.95196,1.838419159
30751.95196,1.837858443
30766.95196,1.837297877
30781.95196,1.836737461
30796.95196,1.836177196
30811.95196,1.835617081
30826.95196,1.835057117
30841.95196,1.834497303
30856.95196,1.83393764
30871.95196,1.833378127
30886.95196,1.832818766
30901.95196,1.832259556
30916.95196,1.831700498
30931.95196,1.83114159
30946.95196,1.830582834
30961.95196,1.83002423
30976.95196,1.829465778
30991.95196,1.828907477
31006.95196,1.828349328
31021.95196,1.827791332
31036.95196,1.827233488
31051.95196,1.826675796
31066.95196,1.826118256
31081.95196,1.82556087
31096.95196,1.825003635
31111.95196,1.824446554
31126.95196,1.823889626
31141.95196,1.823332851
31156.95196,1.822776228
31171.95196,1.82221976
31186.95196,1.821663444
31201.95196,1.821107283
31216.95196,1.820551274
31231.95196,1.81999542
31246.95196,1.819439719
31261.95196,1.818884173
31276.95196,1.81832878
31291.95196,1.817773542
31306.95196,1.817218458
31321.95196,1.816663528
31336.95196,1.816108753
31351.95196,1.815554133
31366.95196,1.814999667
31381.95196,1.814445357
31396.95196,1.813891201
31411.95196,1.8133372
31426.95196,1.812783355
31441.95196,1.812229665
31456.95196,1.81167613
31471.95196,1.811122751
31486.95196,1.810569527
31501.95196,1.810016459
31516.95196,1.809463547
31531.95196,1.808910791
31546.95196,1.808358191
31561.95196,1.807805747
31576.95196,1.807253459
31591.95196,1.806701328
31606.95196,1.806149353
31621.95196,1.805597535
31636.95196,1.805045873
31651.95196,1.804494368
31666.95196,1.80394302
31681.95196,1.803391829
31696.95196,1.802840795
31711.95196,1.802289918
31726.95196,1.801739199
31741.95196,1.801188636
31756.95196,1.800638231
31771.95196,1.800087984
31786.95196,1.799537895
31801.95196,1.798987963
31816.95196,1.798438189
31831.95196,1.797888573
31846.95196,1.797339115
31861.95196,1.796789815
31876.95196,1.796240673
31891.95196,1.79569169
31906.95196,1.795142865
31921.95196,1.794594199
31936.95196,1.794045691
31951.95196,1.793497342
31966.95196,1.792949151
31981.95196,1.79240112
31996.95196,1.791853247
32011.95196,1.791305534
32026.95196,1.79075798
32041.95196,1.790210585
32056.95196,1.789663349
32071.95196,1.789116273
32086.95196,1.788569356
32101.95196,1.788022599
32116.95196,1.787476001
32131.95196,1.786929564
32146.95196,1.786383286
32161.95196,1.785837168
32176.95196,1.78529121
32191.95196,1.784745412
32206.95196,1.784199775
32221.95196,1.783654298
32236.95196,1.783108981
32251.95196,1.782563824
32266.95196,1.782018829
32281.95196,1.781473993
32296.95196,1.780929319
32311.95196,1.780384805
32326.95196,1.779840453
32341.95196,1.779296261
32356.95196,1.77875223
32371.95196,1.77820836
32386.95196,1.777664652
32401.95196,1.777121105
32416.95196,1.776577719
32431.95196,1.776034495
32446.95196,1.775491432
32461.95196,1.774948531
32476.95196,1.774405791
32491.95196,1.773863213
32506.95196,1.773320797
32521.95196,1.772778543
32536.95196,1.772236451
32551.95196,1.771694522
32566.95196,1.771152754
32581.95196,1.770611148
32596.95196,1.770069705
32611.95196,1.769528424
32626.95196,1.768987306
32641.95196,1.76844635
32656.95196,1.767905557
32671.95196,1.767364926
32686.95196,1.766824458
32701.95196,1.766284153
32716.95196,1.765744011
32731.95196,1.765204032
32746.95196,1.764664216
32761.95196,1.764124563
32776.95196,1.763585073
32791.95196,1.763045747
32806.95196,1.762506584
32821.95196,1.761967584
32836.95196,1.761428748
32851.95196,1.760890075
32866.95196,1.760351566
32881.95196,1.75981322
32896.95196,1.759275039
32911.95196,1.758737021
32926.95196,1.758199167
32941.95196,1.757661477
32956.95196,1.75712395
32971.95196,1.756586588
32986.95196,1.756049391
33001.95196,1.755512357
33016.95196,1.754975488
33031.95196,1.754438783
33046.95196,1.753902242
33061.95196,1.753365866
33076.95196,1.752829654
33091.95196,1.752293608
33106.95196,1.751757725
33121.95196,1.751222008
33136.95196,1.750686455
33151.95196,1.750151067
33166.95196,1.749615844
33181.95196,1.749080786
33196.95196,1.748545893
33211.95196,1.748011165
33226.95196,1.747476603
33241.95196,1.746942205
33256.95196,1.746407973
33271.95196,1.745873906
33286.95196,1.745340005
33301.95196,1.744806269
33316.95196,1.744272699
33331.95196,1.743739294
33346.95196,1.743206055
33361.95196,1.742672981
33376.95196,1.742140074
33391.95196,1.741607332
33406.95196,1.741074756
33421.95196,1.740542346
33436.95196,1.740010102
33451.95196,1.739478024
33466.95196,1.738946112
33481.95196,1.738414366
33496.95196,1.737882786
33511.95196,1.737351373
33526.95196,1.736820126
33541.95196,1.736289046
33556.95196,1.735758131
33571.95196,1.735227384
33586.95196,1.734696803
33601.95196,1.734166388
33616.95196,1.73363614
33631.95196,1.733106059
33646.95196,1.732576144
33661.95196,1.732046397
33676.95196,1.731516816
33691.95196,1.730987402
33706.95196,1.730458155
33721.95196,1.729929075
33736.95196,1.729400162
33751.95196,1.728871416
33766.95196,1.728342838
33781.95196,1.727814426
33796.95196,1.727286182
33811.95196,1.726758105
33826.95196,1.726230196
33841.95196,1.725702453
33856.95196,1.725174879
33871.95196,1.724647472
33886.95196,1.724120232
33901.95196,1.72359316
33916.95196,1.723066255
33931.95196,1.722539518
33946.95196,1.722012949
33961.95196,1.721486548
33976.95196,1.720960315
33991.95196,1.720434249
34006.95196,1.719908351
34021.95196,1.719382621
34036.95196,1.71885706
34051.95196,1.718331666
34066.95196,1.71780644
34081.95196,1.717281383
34096.95196,1.716756493
34111.95196,1.716231772
34126.95196,1.715707219
34141.95196,1.715182835
34156.95196,1.714658618
34171.95196,1.714134571
34186.95196,1.713610691
34201.95196,1.71308698
34216.95196,1.712563438
34231.95196,1.712040064
34246.95196,1.711516858
34261.95196,1.710993822
34276.95196,1.710470953
34291.95196,1.709948254
34306.95196,1.709425723
34321.95196,1.708903362
34336.95196,1.708381168
34351.95196,1.707859144
34366.95196,1.707337289
34381.95196,1.706815603
34396.95196,1.706294085
34411.95196,1.705772737
34426.95196,1.705251558
34441.95196,1.704730547
34456.95196,1.704209706
34471.95196,1.703689034
34486.95196,1.703168531
34501.95196,1.702648198
34516.95196,1.702128033
34531.95196,1.701608038
34546.95196,1.701088213
34561.95196,1.700568556
34576.95196,1.70004907
34591.95196,1.699529752
34606.95196,1.699010604
34621.95196,1.698491626
34636.95196,1.697972817
34651.95196,1.697454177
34666.95196,1.696935707
34681.95196,1.696417407
34696.95196,1.695899277
34711.95196,1.695381316
34726.95196,1.694863525
34741.95196,1.694345903
34756.95196,1.693828452
34771.95196,1.69331117
34786.95196,1.692794058
34801.95196,1.692277116
34816.95196,1.691760344
34831.95196,1.691243742
34846.95196,1.69072731
34861.95196,1.690211048
34876.95196,1.689694956
34891.95196,1.689179034
34906.95196,1.688663282
34921.95196,1.6881477
34936.95196,1.687632288
34951.95196,1.687117047
34966.95196,1.686601975
34981.95196,1.686087074
34996.95196,1.685572343
35011.95196,1.685057783
35026.95196,1.684543392
35041.95196,1.684029172
35056.95196,1.683515123
35071.95196,1.683001244
35086.95196,1.682487535
35101.95196,1.681973997
35116.95196,1.681460629
35131.95196,1.680947431
35146.95196,1.680434404
35161.95196,1.679921548
35176.95196,1.679408862
35191.95196,1.678896347
35206.95196,1.678384003
35221.95196,1.677871829
35236.95196,1.677359825
35251.95196,1.676847993
35266.95196,1.676336331
35281.95196,1.67582484
35296.95196,1.675313519
35311.95196,1.67480237
35326.95196,1.674291391
35341.95196,1.673780583
35356.95196,1.673269946
35371.95196,1.672759479
35386.95196,1.672249184
35401.95196,1.671739059
35416.95196,1.671229105
35431.95196,1.670719323
35446.95196,1.670209711
35461.95196,1.66970027
35476.95196,1.669191
35491.95196,1.668681901
35506.95196,1.668172974
35521.95196,1.667664217
35536.95196,1.667155631
35551.95196,1.666647217
35566.95196,1.666138973
35581.95196,1.665630901
35596.95196,1.665123
35611.95196,1.66461527
35626.95196,1.664107711
35641.95196,1.663600324
35656.95196,1.663093107
35671.95196,1.662586062
35686.95196,1.662079188
35701.95196,1.661572486
35716.95196,1.661065954
35731.95196,1.660559594
35746.95196,1.660053405
35761.95196,1.659547388
35776.95196,1.659041542
35791.95196,1.658535867
35806.95196,1.658030364
35821.95196,1.657525032
35836.95196,1.657019871
35851.95196,1.656514882
35866.95196,1.656010065
35881.95196,1.655505418
35896.95196,1.655000943
35911.95196,1.65449664
35926.95196,1.653992508
35941.95196,1.653488548
35956.95196,1.652984759
35971.95196,1.652481142
35986.95196,1.651977696
36001.95196,1.651474422
36016.95196,1.650971319
36031.95196,1.650468388
36046.95196,1.649965628
36061.95196,1.64946304
36076.95196,1.648960624
36091.95196,1.648458379
36106.95196,1.647956306
36121.95196,1.647454405
36136.95196,1.646952675
36151.95196,1.646451117
36166.95196,1.64594973
36181.95196,1.645448515
36196.95196,1.644947472
36211.95196,1.644446601
36226.95196,1.643945901
36241.95196,1.643445373
36256.95196,1.642945017
36271.95196,1.642444832
36286.95196,1.641944819
36301.95196,1.641444978
36316.95196,1.640945309
36331.95196,1.640445811
36346.95196,1.639946485
36361.95196,1.639447331
36376.95196,1.638948349
36391.95196,1.638449539
36406.95196,1.6379509
36421.95196,1.637452433
36436.95196,1.636954138
36451.95196,1.636456015
36466.95196,1.635958063
36481.95196,1.635460284
36496.95196,1.634962676
36511.95196,1.63446524
36526.95196,1.633967976
36541.95196,1.633470884
36556.95196,1.632973963
36571.95196,1.632477215
36586.95196,1.631980638
36601.95196,1.631484233
36616.95196,1.630988
36631.95196,1.630491939
36646.95196,1.62999605
36661.95196,1.629500333
36676.95196,1.629004787
36691.95196,1.628509414
36706.95196,1.628014212
36721.95196,1.627519182
36736.95196,1.627024325
36751.95196,1.626529639
36766.95196,1.626035125
36781.95196,1.625540782
36796.95196,1.625046612
36811.95196,1.624552614
36826.95196,1.624058787
36841.95196,1.623565133
36856.95196,1.62307165
36871.95196,1.62257834
36886.95196,1.622085201
36901.95196,1.621592234
36916.95196,1.621099439
36931.95196,1.620606816
36946.95196,1.620114365
36961.95196,1.619622086
36976.95196,1.619129978
36991.95196,1.618638043
37006.95196,1.618146279
37021.95196,1.617654688
37036.95196,1.617163268
37051.95196,1.61667202
37066.95196,1.616180945
37081.95196,1.615690041
37096.95196,1.615199309
37111.95196,1.614708749
37126.95196,1.61421836
37141.95196,1.613728144
37156.95196,1.6132381
37171.95196,1.612748227
37186.95196,1.612258526
37201.95196,1.611768998
37216.95196,1.611279641
37231.95196,1.610790456
37246.95196,1.610301443
37261.95196,1.609812602
37276.95196,1.609323932
37291.95196,1.608835435
37306.95196,1.608347109
37321.95196,1.607858956
37336.95196,1.607370974
37351.95196,1.606883164
37366.95196,1.606395526
37381.95196,1.605908059
37396.95196,1.605420765
37411.95196,1.604933642
37426.95196,1.604446691
37441.95196,1.603959912
37456.95196,1.603473305
37471.95196,1.60298687
37486.95196,1.602500606
37501.95196,1.602014514
37516.95196,1.601528595
37531.95196,1.601042846
37546.95196,1.60055727
37561.95196,1.600071865
37576.95196,1.599586633
37591.95196,1.599101571
37606.95196,1.598616682
37621.95196,1.598131965
37636.95196,1.597647419
37651.95196,1.597163045
37666.95196,1.596678842
37681.95196,1.596194812
37696.95196,1.595710953
37711.95196,1.595227266
37726.95196,1.59474375
37741.95196,1.594260406
37756.95196,1.593777234
37771.95196,1.593294233
37786.95196,1.592811405
37801.95196,1.592328747
37816.95196,1.591846262
37831.95196,1.591363948
37846.95196,1.590881806
37861.95196,1.590399835
37876.95196,1.589918036
37891.95196,1.589436408
37906.95196,1.588954952
37921.95196,1.588473668
37936.95196,1.587992555
37951.95196,1.587511614
37966.95196,1.587030844
37981.95196,1.586550246
37996.95196,1.58606982
38011.95196,1.585589565
38026.95196,1.585109481
38041.95196,1.584629569
38056.95196,1.584149828
38071.95196,1.583670259
38086.95196,1.583190861
38101.95196,1.582711635
38116.95196,1.58223258
38131.95196,1.581753697
38146.95196,1.581274985
38161.95196,1.580796444
38176.95196,1.580318075
38191.95196,1.579839877
38206.95196,1.57936185
38221.95196,1.578883995
38236.95196,1.578406311
38251.95196,1.577928798
38266.95196,1.577451457
38281.95196,1.576974287
38296.95196,1.576497288
38311.95196,1.576020461
38326.95196,1.575543805
38341.95196,1.57506732
38356.95196,1.574591006
38371.95196,1.574114863
38386.95196,1.573638892
38401.95196,1.573163092
38416.95196,1.572687463
38431.95196,1.572212005
38446.95196,1.571736718
38461.95196,1.571261602
38476.95196,1.570786658
38491.95196,1.570311884
38506.95196,1.569837282
38521.95196,1.569362851
38536.95196,1.56888859
38551.95196,1.568414501
38566.95196,1.567940583
38581.95196,1.567466835
38596.95196,1.566993259
38611.95196,1.566519854
38626.95196,1.566046619
38641.95196,1.565573556
38656.95196,1.565100663
38671.95196,1.564627941
38686.95196,1.56415539
38701.95196,1.56368301
38716.95196,1.563210801
38731.95196,1.562738763
38746.95196,1.562266895
38761.95196,1.561795199
38776.95196,1.561323673
38791.95196,1.560852317
38806.95196,1.560381133
38821.95196,1.559910119
38836.95196,1.559439276
38851.95196,1.558968604
38866.95196,1.558498102
38881.95196,1.558027771
38896.95196,1.55755761
38911.95196,1.55708762
38926.95196,1.556617801
38941.95196,1.556148152
38956.95196,1.555678674
38971.95196,1.555209366
38986.95196,1.554740229
39001.95196,1.554271262
39016.95196,1.553802466
39031.95196,1.55333384
39046.95196,1.552865385
39061.95196,1.5523971
39076.95196,1.551928985
39091.95196,1.551461041
39106.95196,1.550993267
39121.95196,1.550525663
39136.95196,1.55005823
39151.95196,1.549590967
39166.95196,1.549123875
39181.95196,1.548656952
39196.95196,1.5481902
39211.95196,1.547723618
39226.95196,1.547257206
39241.95196,1.546790964
39256.95196,1.546324893
39271.95196,1.545858991
39286.95196,1.54539326
39301.95196,1.544927698
39316.95196,1.544462307
39331.95196,1.543997086
39346.95196,1.543532035
39361.95196,1.543067153
39376.95196,1.542602442
39391.95196,1.542137901
39406.95196,1.541673529
39421.95196,1.541209328
39436.95196,1.540745296
39451.95196,1.540281434
39466.95196,1.539817742
39481.95196,1.53935422
39496.95196,1.538890867
39511.95196,1.538427684
39526.95196,1.537964671
39541.95196,1.537501828
39556.95196,1.537039154
39571.95196,1.536576651
39586.95196,1.536114316
39601.95196,1.535652151
39616.95196,1.535190156
39631.95196,1.534728331
39646.95196,1.534266675
39661.95196,1.533805188
39676.95196,1.533343871
39691.95196,1.532882723
39706.95196,1.532421745
39721.95196,1.531960937
39736.95196,1.531500297
39751.95196,1.531039827
39766.95196,1.530579526
39781.95196,1.530119395
39796.95196,1.529659433
39811.95196,1.52919964
39826.95196,1.528740017
39841.95196,1.528280562
39856.95196,1.527821277
39871.95196,1.527362161
39886.95196,1.526903214
39901.95196,1.526444436
39916.95196,1.525985828
39931.95196,1.525527388
39946.95196,1.525069117
39961.95196,1.524611016
39976.95196,1.524153083
39991.95196,1.523695319
40006.95196,1.523237724
40021.95196,1.522780298
40036.95196,1.522323041
40051.95196,1.521865953
40066.95196,1.521409034
40081.95196,1.520952283
40096.95196,1.520495701
40111.95196,1.520039288
40126.95196,1.519583044
40141.95196,1.519126968
40156.95196,1.518671061
40171.95196,1.518215322
40186.95196,1.517759752
40201.95196,1.517304351
40216.95196,1.516849118
40231.95196,1.516394054
40246.95196,1.515939158
40261.95196,1.515484431
40276.95196,1.515029872
40291.95196,1.514575481
40306.95196,1.514121259
40321.95196,1.513667205
40336.95196,1.513213319
40351.95196,1.512759602
40366.95196,1.512306053
40381.95196,1.511852672
40396.95196,1.511399459
40411.95196,1.510946415
40426.95196,1.510493538
40441.95196,1.51004083
40456.95196,1.50958829
40471.95196,1.509135918
40486.95196,1.508683714
40501.95196,1.508231678
40516.95196,1.507779809
40531.95196,1.507328109
40546.95196,1.506876577
40561.95196,1.506425212
40576.95196,1.505974015
40591.95196,1.505522986
40606.95196,1.505072125
40621.95196,1.504621432
40636.95196,1.504170906
40651.95196,1.503720548
40666.95196,1.503270358
40681.95196,1.502820335
40696.95196,1.50237048
40711.95196,1.501920792
40726.95196,1.501471272
40741.95196,1.50102192
40756.95196,1.500572735
40771.95196,1.500123717
40786.95196,1.499674866
40801.95196,1.499226184
40816.95196,1.498777668
40831.95196,1.49832932
40846.95196,1.497881139
40861.95196,1.497433125
40876.95196,1.496985278
40891.95196,1.496537599
40906.95196,1.496090087
40921.95196,1.495642741
40936.95196,1.495195563
40951.95196,1.494748552
40966.95196,1.494301708
40981.95196,1.493855031
40996.95196,1.493408521
41011.95196,1.492962178
41026.95196,1.492516002
41041.95196,1.492069992
41056.95196,1.49162415
41071.95196,1.491178474
41086.95196,1.490732965
41101.95196,1.490287622
41116.95196,1.489842447
41131.95196,1.489397438
41146.95196,1.488952595
41161.95196,1.488507919
41176.95196,1.48806341
41191.95196,1.487619067
41206.95196,1.487174891
41221.95196,1.486730881
41236.95196,1.486287038
41251.95196,1.485843361
41266.95196,1.48539985
41281.95196,1.484956506
41296.95196,1.484513328
41311.95196,1.484070316
41326.95196,1.48362747
41341.95196,1.483184791
41356.95196,1.482742278
41371.95196,1.48229993
41386.95196,1.481857749
41401.95196,1.481415734
41416.95196,1.480973885
41431.95196,1.480532202
41446.95196,1.480090685
41461.95196,1.479649334
41476.95196,1.479208148
41491.95196,1.478767129
41506.95196,1.478326275
41521.95196,1.477885587
41536.95196,1.477445065
41551.95196,1.477004708
41566.95196,1.476564517
41581.95196,1.476124492
41596.95196,1.475684632
41611.95196,1.475244938
41626.95196,1.474805409
41641.95196,1.474366046
41656.95196,1.473926848
41671.95196,1.473487816
41686.95196,1.473048949
41701.95196,1.472610247
41716.95196,1.472171711
41731.95196,1.471733339
41746.95196,1.471295134
41761.95196,1.470857093
41776.95196,1.470419217
41791.95196,1.469981507
41806.95196,1.469543961
41821.95196,1.469106581
41836.95196,1.468669366
41851.95196,1.468232315
41866.95196,1.46779543
41881.95196,1.467358709
41896.95196,1.466922154
41911.95196,1.466485763
41926.95196,1.466049537
41941.95196,1.465613476
41956.95196,1.465177579
41971.95196,1.464741847
41986.95196,1.46430628
42001.95196,1.463870877
42016.95196,1.463435639
42031.95196,1.463000565
42046.95196,1.462565656
42061.95196,1.462130911
42076.95196,1.461696331
42091.95196,1.461261915
42106.95196,1.460827663
42121.95196,1.460393576
42136.95196,1.459959653
42151.95196,1.459525894
42166.95196,1.4590923
42181.95196,1.458658869
42196.95196,1.458225603
42211.95196,1.4577925
42226.95196,1.457359562
42241.95196,1.456926788
42256.95196,1.456494177
42271.95196,1.456061731
42286.95196,1.455629448
42301.95196,1.45519733
42316.95196,1.454765375
42331.95196,1.454333583
42346.95196,1.453901956
42361.95196,1.453470492
42376.95196,1.453039192
42391.95196,1.452608055
42406.95196,1.452177082
42421.95196,1.451746273
42436.95196,1.451315627
42451.95196,1.450885144
42466.95196,1.450454825
42481.95196,1.45002467
42496.95196,1.449594677
42511.95196,1.449164848
42526.95196,1.448735182
42541.95196,1.448305679
42556.95196,1.44787634
42571.95196,1.447447163
42586.95196,1.44701815
42601.95196,1.4465893
42616.95196,1.446160613
42631.95196,1.445732088
42646.95196,1.445303727
42661.95196,1.444875529
42676.95196,1.444447493
42691.95196,1.44401962
42706.95196,1.44359191
42721.95196,1.443164363
42736.95196,1.442736978
42751.95196,1.442309756
42766.95196,1.441882697
42781.95196,1.4414558
42796.95196,1.441029066
42811.95196,1.440602494
42826.95196,1.440176085
42841.95196,1.439749838
42856.95196,1.439323754
42871.95196,1.438897831
42886.95196,1.438472072
42901.95196,1.438046474
42916.95196,1.437621038
42931.95196,1.437195765
42946.95196,1.436770654
42961.95196,1.436345705
42976.95196,1.435920918
42991.95196,1.435496293
43006.95196,1.43507183
43021.95196,1.434647528
43036.95196,1.434223389
43051.95196,1.433799412
43066.95196,1.433375596
43081.95196,1.432951942
43096.95196,1.43252845
43111.95196,1.432105119
43126.95196,1.43168195
43141.95196,1.431258943
43156.95196,1.430836097
43171.95196,1.430413413
43186.95196,1.42999089
43201.95196,1.429568528
43216.95196,1.429146328
43231.95196,1.428724289
43246.95196,1.428302412
43261.95196,1.427880696
43276.95196,1.427459141
43291.95196,1.427037747
43306.95196,1.426616514
43321.95196,1.426195442
43336.95196,1.425774532
43351.95196,1.425353782
43366.95196,1.424933194
43381.95196,1.424512766
43396.95196,1.424092499
43411.95196,1.423672393
43426.95196,1.423252448
43441.95196,1.422832663
43456.95196,1.422413039
43471.95196,1.421993576
43486.95196,1.421574273
43501.95196,1.421155131
43516.95196,1.42073615
43531.95196,1.420317329
43546.95196,1.419898668
43561.95196,1.419480168
43576.95196,1.419061828
43591.95196,1.418643649
43606.95196,1.41822563
43621.95196,1.417807771
43636.95196,1.417390072
43651.95196,1.416972533
43666.95196,1.416555154
43681.95196,1.416137936
43696.95196,1.415720877
43711.95196,1.415303979
43726.95196,1.41488724
43741.95196,1.414470661
43756.95196,1.414054242
43771.95196,1.413637983
43786.95196,1.413221884
43801.95196,1.412805944
43816.95196,1.412390164
43831.95196,1.411974544
43846.95196,1.411559083
43861.95196,1.411143781
43876.95196,1.41072864
43891.95196,1.410313657
43906.95196,1.409898834
43921.95196,1.40948417
43936.95196,1.409069666
43951.95196,1.408655321
43966.95196,1.408241135
43981.95196,1.407827108
43996.95196,1.407413241
44011.95196,1.406999532
44026.95196,1.406585983
44041.95196,1.406172593
44056.95196,1.405759361
44071.95196,1.405346288
44086.95196,1.404933375
44101.95196,1.40452062
44116.95196,1.404108024
44131.95196,1.403695586
44146.95196,1.403283308
44161.95196,1.402871188
44176.95196,1.402459226
44191.95196,1.402047423
44206.95196,1.401635779
44221.95196,1.401224293
44236.95196,1.400812965
44251.95196,1.400401796
44266.95196,1.399990786
44281.95196,1.399579933
44296.95196,1.399169239
44311.95196,1.398758703
44326.95196,1.398348325
44341.95196,1.397938105
44356.95196,1.397528043
44371.95196,1.397118139
44386.95196,1.396708393
44401.95196,1.396298806
44416.95196,1.395889376
44431.95196,1.395480103
44446.95196,1.395070989
44461.95196,1.394662032
44476.95196,1.394253233
44491.95196,1.393844592
44506.95196,1.393436109
44521.95196,1.393027782
44536.95196,1.392619614
44551.95196,1.392211603
44566.95196,1.391803749
44581.95196,1.391396053
44596.95196,1.390988514
44611.95196,1.390581132
44626.95196,1.390173907
44641.95196,1.38976684
44656.95196,1.38935993
44671.95196,1.388953177
44686.95196,1.388546581
44701.95196,1.388140142
44716.95196,1.38773386
44731.95196,1.387327735
44746.95196,1.386921767
44761.95196,1.386515955
44776.95196,1.386110301
44791.95196,1.385704803
44806.95196,1.385299462
44821.95196,1.384894277
44836.95196,1.384489249
44851.95196,1.384084378
44866.95196,1.383679663
44881.95196,1.383275104
44896.95196,1.382870702
44911.95196,1.382466457
44926.95196,1.382062367
44941.95196,1.381658434
44956.95196,1.381254657
44971.95196,1.380851037
44986.95196,1.380447572
45001.95196,1.380044264
45016.95196,1.379641111
45031.95196,1.379238115
45046.95196,1.378835275
45061.95196,1.37843259
45076.95196,1.378030061
45091.95196,1.377627688
45106.95196,1.377225471
45121.95196,1.37682341
45136.95196,1.376421504
45151.95196,1.376019754
45166.95196,1.375618159
45181.95196,1.37521672
45196.95196,1.374815437
45211.95196,1.374414308
45226.95196,1.374013336
45241.95196,1.373612518
45256.95196,1.373211856
45271.95196,1.372811349
45286.95196,1.372410997
45301.95196,1.372010801
45316.95196,1.371610759
45331.95196,1.371210873
45346.95196,1.370811142
45361.95196,1.370411565
45376.95196,1.370012144
45391.95196,1.369612877
45406.95196,1.369213765
45421.95196,1.368814808
45436.95196,1.368416006
45451.95196,1.368017358
45466.95196,1.367618865
45481.95196,1.367220526
45496.95196,1.366822342
45511.95196,1.366424313
45526.95196,1.366026438
45541.95196,1.365628717
45556.95196,1.365231151
45571.95196,1.364833739
45586.95196,1.364436481
45601.95196,1.364039378
45616.95196,1.363642428
45631.95196,1.363245633
45646.95196,1.362848992
45661.95196,1.362452505
45676.95196,1.362056171
45691.95196,1.361659992
45706.95196,1.361263966
45721.95196,1.360868095
45736.95196,1.360472377
45751.95196,1.360076813
45766.95196,1.359681402
45781.95196,1.359286145
45796.95196,1.358891042
45811.95196,1.358496092
45826.95196,1.358101296
45841.95196,1.357706653
45856.95196,1.357312164
45871.95196,1.356917827
45886.95196,1.356523645
45901.95196,1.356129615
45916.95196,1.355735738
45931.95196,1.355342015
45946.95196,1.354948445
45961.95196,1.354555028
45976.95196,1.354161764
45991.95196,1.353768652
46006.95196,1.353375694
46021.95196,1.352982889
46036.95196,1.352590236
46051.95196,1.352197736
46066.95196,1.351805389
46081.95196,1.351413195
46096.95196,1.351021153
46111.95196,1.350629263
46126.95196,1.350237526
46141.95196,1.349845942
46156.95196,1.34945451
46171.95196,1.349063231
46186.95196,1.348672103
46201.95196,1.348281128
46216.95196,1.347890306
46231.95196,1.347499635
46246.95196,1.347109117
46261.95196,1.34671875
46276.95196,1.346328536
46291.95196,1.345938474
46306.95196,1.345548563
46321.95196,1.345158805
46336.95196,1.344769198
46351.95196,1.344379743
46366.95196,1.34399044
46381.95196,1.343601288
46396.95196,1.343212288
46411.95196,1.34282344
46426.95196,1.342434743
46441.95196,1.342046198
46456.95196,1.341657804
46471.95196,1.341269562
46486.95196,1.340881471
46501.95196,1.340493531
46516.95196,1.340105742
46531.95196,1.339718105
46546.95196,1.339330619
46561.95196,1.338943284
46576.95196,1.3385561
46591.95196,1.338169067
46606.95196,1.337782184
46621.95196,1.337395453
46636.95196,1.337008873
46651.95196,1.336622443
46666.95196,1.336236165
46681.95196,1.335850037
46696.95196,1.335464059
46711.95196,1.335078232
46726.95196,1.334692556
46741.95196,1.33430703
46756.95196,1.333921655
46771.95196,1.33353643
46786.95196,1.333151356
46801.95196,1.332766431
46816.95196,1.332381657
46831.95196,1.331997034
46846.95196,1.33161256
46861.95196,1.331228237
46876.95196,1.330844063
46891.95196,1.33046004
46906.95196,1.330076166
46921.95196,1.329692443
46936.95196,1.329308869
46951.95196,1.328925445
46966.95196,1.328542171
46981.95196,1.328159047
46996.95196,1.327776072
47011.95196,1.327393247
47026.95196,1.327010572
47041.95196,1.326628046
47056.95196,1.326245669
47071.95196,1.325863442
47086.95196,1.325481364
47101.95196,1.325099436
47116.95196,1.324717657
47131.95196,1.324336027
47146.95196,1.323954546
47161.95196,1.323573214
47176.95196,1.323192032
47191.95196,1.322810998
47206.95196,1.322430114
47221.95196,1.322049378
47236.95196,1.321668791
47251.95196,1.321288353
47266.95196,1.320908064
47281.95196,1.320527924
47296.95196,1.320147932
47311.95196,1.319768089
47326.95196,1.319388394
47341.95196,1.319008848
47356.95196,1.31862945
47371.95196,1.318250201
47386.95196,1.3178711
47401.95196,1.317492148
47416.95196,1.317113344
47431.95196,1.316734688
47446.95196,1.31635618
47461.95196,1.31597782
47476.95196,1.315599608
47491.95196,1.315221545
47506.95196,1.314843629
47521.95196,1.314465861
47536.95196,1.314088242
47551.95196,1.31371077
47566.95196,1.313333445
47581.95196,1.312956269
47596.95196,1.31257924
47611.95196,1.312202359
47626.95196,1.311825625
47641.95196,1.311449039
47656.95196,1.3110726
47671.95196,1.310696309
47686.95196,1.310320165
47701.95196,1.309944168
47716.95196,1.309568319
47731.95196,1.309192617
47746.95196,1.308817062
47761.95196,1.308441654
47776.95196,1.308066393
47791.95196,1.30769128
47806.95196,1.307316313
47821.95196,1.306941493
47836.95196,1.30656682
47851.95196,1.306192294
47866.95196,1.305817914
47881.95196,1.305443682
47896.95196,1.305069596
47911.95196,1.304695656
47926.95196,1.304321863
47941.95196,1.303948217
47956.95196,1.303574717
47971.95196,1.303201364
47986.95196,1.302828157
48001.95196,1.302455096
48016.95196,1.302082181
48031.95196,1.301709413
48046.95196,1.301336791
48061.95196,1.300964315
48076.95196,1.300591985
48091.95196,1.300219801
48106.95196,1.299847763
48121.95196,1.299475871
48136.95196,1.299104124
48151.95196,1.298732524
48166.95196,1.298361069
48181.95196,1.29798976
48196.95196,1.297618597
48211.95196,1.297247579
48226.95196,1.296876707
48241.95196,1.29650598
48256.95196,1.296135399
48271.95196,1.295764963
48286.95196,1.295394672
48301.95196,1.295024527
48316.95196,1.294654527
48331.95196,1.294284673
48346.95196,1.293914963
48361.95196,1.293545398
48376.95196,1.293175979
48391.95196,1.292806705
48406.95196,1.292437575
48421.95196,1.29206859
48436.95196,1.291699751
48451.95196,1.291331056
48466.95196,1.290962505
48481.95196,1.2905941
48496.95196,1.290225839
48511.95196,1.289857723
48526.95196,1.289489751
48541.95196,1.289121923
48556.95196,1.288754241
48571.95196,1.288386702
48586.95196,1.288019308
48601.95196,1.287652058
48616.95196,1.287284952
48631.95196,1.286917991
48646.95196,1.286551174
48661.95196,1.2861845
48676.95196,1.285817971
48691.95196,1.285451586
48706.95196,1.285085345
48721.95196,1.284719247
48736.95196,1.284353294
48751.95196,1.283987484
48766.95196,1.283621818
48781.95196,1.283256295
48796.95196,1.282890916
48811.95196,1.282525681
48826.95196,1.28216059
48841.95196,1.281795641
48856.95196,1.281430836
48871.95196,1.281066175
48886.95196,1.280701657
48901.95196,1.280337282
48916.95196,1.27997305
48931.95196,1.279608962
48946.95196,1.279245016
48961.95196,1.278881214
48976.95196,1.278517555
48991.95196,1.278154038
49006.95196,1.277790665
49021.95196,1.277427434
49036.95196,1.277064347
49051.95196,1.276701402
49066.95196,1.276338599
49081.95196,1.27597594
49096.95196,1.275613423
49111.95196,1.275251048
49126.95196,1.274888816
49141.95196,1.274526727
49156.95196,1.274164779
49171.95196,1.273802975
49186.95196,1.273441312
49201.95196,1.273079792
49216.95196,1.272718414
49231.95196,1.272357178
49246.95196,1.271996084
49261.95196,1.271635132
49276.95196,1.271274322
49291.95196,1.270913654
49306.95196,1.270553128
49321.95196,1.270192744
49336.95196,1.269832502
49351.95196,1.269472401
49366.95196,1.269112442
49381.95196,1.268752625
49396.95196,1.268392949
49411.95196,1.268033415
49426.95196,1.267674022
49441.95196,1.267314771
49456.95196,1.266955661
49471.95196,1.266596693
49486.95196,1.266237865
49501.95196,1.265879179
49516.95196,1.265520634
49531.95196,1.26516223
49546.95196,1.264803968
49561.95196,1.264445846
49576.95196,1.264087865
49591.95196,1.263730025
49606.95196,1.263372327
49621.95196,1.263014768
49636.95196,1.262657351
49651.95196,1.262300074
49666.95196,1.261942938
49681.95196,1.261585943
49696.95196,1.261229088
49711.95196,1.260872374
49726.95196,1.2605158
49741.95196,1.260159366
49756.95196,1.259803073
49771.95196,1.25944692
49786.95196,1.259090908
49801.95196,1.258735035
49816.95196,1.258379303
49831.95196,1.258023711
49846.95196,1.257668259
49861.95196,1.257312947
49876.95196,1.256957775
49891.95196,1.256602742
49906.95196,1.25624785
49921.95196,1.255893097
49936.95196,1.255538484
49951.95196,1.255184011
49966.95196,1.254829678
49981.95196,1.254475484
49996.95196,1.254121429
50011.95196,1.253767514
50026.95196,1.253413739
50041.95196,1.253060103
50056.95196,1.252706606
50071.95196,1.252353248
50086.95196,1.25200003
50101.95196,1.251646951
50116.95196,1.251294011
50131.95196,1.25094121
50146.95196,1.250588548
50161.95196,1.250236025
50176.95196,1.249883641
50191.95196,1.249531396
50206.95196,1.249179289
50221.95196,1.248827322
50236.95196,1.248475493
50251.95196,1.248123803
50266.95196,1.247772251
50281.95196,1.247420838
50296.95196,1.247069564
50311.95196,1.246718427
50326.95196,1.24636743
50341.95196,1.24601657
50356.95196,1.245665849
50371.95196,1.245315267
50386.95196,1.244964822
50401.95196,1.244614516
50416.95196,1.244264347
50431.95196,1.243914317
50446.95196,1.243564425
50461.95196,1.243214671
50476.95196,1.242865054
50491.95196,1.242515576
50506.95196,1.242166235
50521.95196,1.241817032
50536.95196,1.241467966
50551.95196,1.241119039
50566.95196,1.240770248
50581.95196,1.240421596
50596.95196,1.240073081
50611.95196,1.239724703
50626.95196,1.239376463
50641.95196,1.23902836
50656.95196,1.238680394
50671.95196,1.238332566
50686.95196,1.237984874
50701.95196,1.23763732
50716.95196,1.237289903
50731.95196,1.236942623
50746.95196,1.23659548
50761.95196,1.236248474
50776.95196,1.235901604
50791.95196,1.235554872
50806.95196,1.235208276
50821.95196,1.234861817
50836.95196,1.234515495
50851.95196,1.234169309
50866.95196,1.23382326
50881.95196,1.233477347
50896.95196,1.233131571
50911.95196,1.232785931
50926.95196,1.232440428
50941.95196,1.232095061
50956.95196,1.23174983
50971.95196,1.231404735
50986.95196,1.231059776
51001.95196,1.230714954
51016.95196,1.230370268
51031.95196,1.230025717
51046.95196,1.229681303
51061.95196,1.229337024
51076.95196,1.228992882
51091.95196,1.228648875
51106.95196,1.228305004
51121.95196,1.227961268
51136.95196,1.227617668
51151.95196,1.227274204
51166.95196,1.226930875
51181.95196,1.226587682
51196.95196,1.226244624
51211.95196,1.225901702
51226.95196,1.225558915
51241.95196,1.225216263
51256.95196,1.224873747
51271.95196,1.224531365
51286.95196,1.224189119
51301.95196,1.223847008
51316.95196,1.223505032
51331.95196,1.22316319
51346.95196,1.222821484
51361.95196,1.222479913
51376.95196,1.222138476
51391.95196,1.221797174
51406.95196,1.221456007
51421.95196,1.221114975
51436.95196,1.220774077
51451.95196,1.220433314
51466.95196,1.220092685
51481.95196,1.219752191
51496.95196,1.219411831
51511.95196,1.219071606
51526.95196,1.218731515
51541.95196,1.218391558
51556.95196,1.218051735
51571.95196,1.217712046
51586.95196,1.217372492
51601.95196,1.217033072
51616.95196,1.216693785
51631.95196,1.216354633
51646.95196,1.216015614
51661.95196,1.21567673
51676.95196,1.215337979
51691.95196,1.214999362
51706.95196,1.214660878
51721.95196,1.214322528
51736.95196,1.213984312
51751.95196,1.21364623
51766.95196,1.21330828
51781.95196,1.212970465
51796.95196,1.212632782
51811.95196,1.212295233
51826.95196,1.211957818
51841.95196,1.211620535
51856.95196,1.211283386
51871.95196,1.21094637
51886.95196,1.210609487
51901.95196,1.210272737
51916.95196,1.20993612
51931.95196,1.209599636
51946.95196,1.209263284
51961.95196,1.208927066
51976.95196,1.20859098
51991.95196,1.208255028
52006.95196,1.207919207
52021.95196,1.20758352
52036.95196,1.207247965
52051.95196,1.206912542
52066.95196,1.206577252
52081.95196,1.206242095
52096.95196,1.205907069
52111.95196,1.205572176
52126.95196,1.205237416
52141.95196,1.204902787
52156.95196,1.204568291
52171.95196,1.204233927
52186.95196,1.203899695
52201.95196,1.203565595
52216.95196,1.203231627
52231.95196,1.202897791
52246.95196,1.202564086
52261.95196,1.202230514
52276.95196,1.201897073
52291.95196,1.201563764
52306.95196,1.201230586
52321.95196,1.200897541
52336.95196,1.200564626
52351.95196,1.200231844
52366.95196,1.199899192
52381.95196,1.199566673
52396.95196,1.199234284
52411.95196,1.198902027
52426.95196,1.198569901
52441.95196,1.198237906
52456.95196,1.197906042
52471.95196,1.19757431
52486.95196,1.197242708
52501.95196,1.196911238
52516.95196,1.196579898
52531.95196,1.19624869
52546.95196,1.195917612
52561.95196,1.195586665
52576.95196,1.195255849
52591.95196,1.194925163
52606.95196,1.194594608
52621.95196,1.194264184
52636.95196,1.19393389
52651.95196,1.193603727
52666.95196,1.193273694
52681.95196,1.192943791
52696.95196,1.192614019
52711.95196,1.192284377
52726.95196,1.191954866
52741.95196,1.191625484
52756.95196,1.191296233
52771.95196,1.190967112
52786.95196,1.190638121
52801.95196,1.190309259
52816.95196,1.189980528
52831.95196,1.189651927
52846.95196,1.189323455
52861.95196,1.188995113
52876.95196,1.188666901
52891.95196,1.188338819
52906.95196,1.188010866
52921.95196,1.187683043
52936.95196,1.187355349
52951.95196,1.187027785
52966.95196,1.18670035
52981.95196,1.186373045
52996.95196,1.186045869
53011.95196,1.185718822
53026.95196,1.185391904
53041.95196,1.185065116
53056.95196,1.184738457
53071.95196,1.184411926
53086.95196,1.184085525
53101.95196,1.183759253
53116.95196,1.18343311
53131.95196,1.183107095
53146.95196,1.18278121
53161.95196,1.182455453
53176.95196,1.182129825
53191.95196,1.181804325
53206.95196,1.181478954
53221.95196,1.181153712
53236.95196,1.180828598
53251.95196,1.180503613
53266.95196,1.180178756
53281.95196,1.179854028
53296.95196,1.179529427
53311.95196,1.179204955
53326.95196,1.178880612
53341.95196,1.178556396
53356.95196,1.178232309
53371.95196,1.177908349
53386.95196,1.177584518
53401.95196,1.177260814
53416.95196,1.176937239
53431.95196,1.176613791
53446.95196,1.176290471
53461.95196,1.175967279
53476.95196,1.175644215
53491.95196,1.175321278
53506.95196,1.174998469
53521.95196,1.174675787
53536.95196,1.174353233
53551.95196,1.174030807
53566.95196,1.173708507
53581.95196,1.173386336
53596.95196,1.173064291
53611.95196,1.172742374
53626.95196,1.172420584
53641.95196,1.172098921
53656.95196,1.171777385
53671.95196,1.171455976
53686.95196,1.171134694
53701.95196,1.170813539
53716.95196,1.170492512
53731.95196,1.17017161
53746.95196,1.169850836
53761.95196,1.169530189
53776.95196,1.169209668
53791.95196,1.168889274
53806.95196,1.168569006
53821.95196,1.168248865
53836.95196,1.167928851
53851.95196,1.167608963
53866.95196,1.167289201
53881.95196,1.166969566
53896.95196,1.166650057
53911.95196,1.166330674
53926.95196,1.166011417
53941.95196,1.165692287
53956.95196,1.165373283
53971.95196,1.165054405
53986.95196,1.164735652
54001.95196,1.164417026
54016.95196,1.164098526
54031.95196,1.163780151
54046.95196,1.163461902
54061.95196,1.163143779
54076.95196,1.162825782
54091.95196,1.16250791
54106.95196,1.162190164
54121.95196,1.161872544
54136.95196,1.161555049
54151.95196,1.161237679
54166.95196,1.160920435
54181.95196,1.160603317
54196.95196,1.160286323
54211.95196,1.159969455
54226.95196,1.159652712
54241.95196,1.159336094
54256.95196,1.159019601
54271.95196,1.158703234
54286.95196,1.158386991
54301.95196,1.158070873
54316.95196,1.15775488
54331.95196,1.157439012
54346.95196,1.157123269
54361.95196,1.15680765
54376.95196,1.156492157
54391.95196,1.156176788
54406.95196,1.155861543
54421.95196,1.155546423
54436.95196,1.155231428
54451.95196,1.154916557
54466.95196,1.15460181
54481.95196,1.154287188
54496.95196,1.15397269
54511.95196,1.153658316
54526.95196,1.153344067
54541.95196,1.153029942
54556.95196,1.15271594
54571.95196,1.152402063
54586.95196,1.15208831
54601.95196,1.151774681
54616.95196,1.151461176
54631.95196,1.151147794
54646.95196,1.150834537
54661.95196,1.150521403
54676.95196,1.150208393
54691.95196,1.149895506
54706.95196,1.149582743
54721.95196,1.149270104
54736.95196,1.148957588
54751.95196,1.148645196
54766.95196,1.148332927
54781.95196,1.148020781
54796.95196,1.147708759
54811.95196,1.14739686
54826.95196,1.147085084
54841.95196,1.146773431
54856.95196,1.146461902
54871.95196,1.146150495
54886.95196,1.145839212
54901.95196,1.145528051
54916.95196,1.145217014
54931.95196,1.144906099
54946.95196,1.144595307
54961.95196,1.144284638
54976.95196,1.143974092
54991.95196,1.143663668
55006.95196,1.143353367
55021.95196,1.143043188
55036.95196,1.142733132
55051.95196,1.142423199
55066.95196,1.142113388
55081.95196,1.141803699
55096.95196,1.141494132
55111.95196,1.141184688
55126.95196,1.140875366
55141.95196,1.140566167
55156.95196,1.140257089
55171.95196,1.139948133
55186.95196,1.1396393
55201.95196,1.139330588
55216.95196,1.139021999
55231.95196,1.138713531
55246.95196,1.138405185
55261.95196,1.138096961
55276.95196,1.137788858
55291.95196,1.137480878
55306.95196,1.137173019
55321.95196,1.136865281
55336.95196,1.136557665
55351.95196,1.136250171
55366.95196,1.135942798
55381.95196,1.135635546
55396.95196,1.135328416
55411.95196,1.135021407
55426.95196,1.134714519
55441.95196,1.134407752
55456.95196,1.134101107
55471.95196,1.133794582
55486.95196,1.133488179
55501.95196,1.133181897
55516.95196,1.132875735
55531.95196,1.132569695
55546.95196,1.132263775
55561.95196,1.131957976
55576.95196,1.131652298
55591.95196,1.131346741
55606.95196,1.131041304
55621.95196,1.130735988
55636.95196,1.130430792
55651.95196,1.130125717
55666.95196,1.129820763
55681.95196,1.129515928
55696.95196,1.129211215
55711.95196,1.128906621
55726.95196,1.128602148
55741.95196,1.128297795
55756.95196,1.127993562
55771.95196,1.127689449
55786.95196,1.127385456
55801.95196,1.127081583
55816.95196,1.126777831
55831.95196,1.126474198
55846.95196,1.126170685
55861.95196,1.125867292
55876.95196,1.125564018
55891.95196,1.125260865
55906.95196,1.124957831
55921.95196,1.124654916
55936.95196,1.124352122
55951.95196,1.124049446
55966.95196,1.123746891
55981.95196,1.123444454
55996.95196,1.123142137
56011.95196,1.12283994
56026.95196,1.122537861
56041.95196,1.122235902
56056.95196,1.121934062
56071.95196,1.121632342
56086.95196,1.12133074
56101.95196,1.121029257
56116.95196,1.120727894
56131.95196,1.120426649
56146.95196,1.120125523
56161.95196,1.119824516
56176.95196,1.119523628
56191.95196,1.119222859
56206.95196,1.118922208
56221.95196,1.118621676
56236.95196,1.118321263
56251.95196,1.118020968
56266.95196,1.117720791
56281.95196,1.117420733
56296.95196,1.117120794
56311.95196,1.116820973
56326.95196,1.11652127
56341.95196,1.116221685
56356.95196,1.115922219
56371.95196,1.115622871
56386.95196,1.115323641
56401.95196,1.115024529
56416.95196,1.114725535
56431.95196,1.114426659
56446.95196,1.114127901
56461.95196,1.113829261
56476.95196,1.113530739
56491.95196,1.113232334
56506.95196,1.112934047
56521.95196,1.112635878
56536.95196,1.112337827
56551.95196,1.112039893
56566.95196,1.111742076
56581.95196,1.111444378
56596.95196,1.111146796
56611.95196,1.110849332
56626.95196,1.110551985
56641.95196,1.110254756
56656.95196,1.109957644
56671.95196,1.109660649
56686.95196,1.109363771
56701.95196,1.109067011
56716.95196,1.108770367
56731.95196,1.108473841
56746.95196,1.108177431
56761.95196,1.107881138
56776.95196,1.107584963
56791.95196,1.107288904
56806.95196,1.106992961
56821.95196,1.106697136
56836.95196,1.106401427
56851.95196,1.106105835
56866.95196,1.105810359
56881.95196,1.105515
56896.95196,1.105219758
56911.95196,1.104924632
56926.95196,1.104629622
56941.95196,1.104334729
56956.95196,1.104039951
56971.95196,1.103745291
56986.95196,1.103450746
57001.95196,1.103156317
57016.95196,1.102862005
57031.95196,1.102567809
57046.95196,1.102273728
57061.95196,1.101979764
57076.95196,1.101685915
57091.95196,1.101392183
57106.95196,1.101098566
57121.95196,1.100805065
57136.95196,1.10051168
57151.95196,1.10021841
57166.95196,1.099925256
57181.95196,1.099632218
57196.95196,1.099339295
57211.95196,1.099046487
57226.95196,1.098753795
57241.95196,1.098461219
57256.95196,1.098168757
57271.95196,1.097876411
57286.95196,1.097584181
57301.95196,1.097292065
57316.95196,1.097000065
57331.95196,1.09670818
57346.95196,1.096416409
57361.95196,1.096124754
57376.95196,1.095833214
57391.95196,1.095541789
57406.95196,1.095250478
57421.95196,1.094959282
57436.95196,1.094668202
57451.95196,1.094377235
57466.95196,1.094086384
57481.95196,1.093795647
57496.95196,1.093505025
57511.95196,1.093214517
57526.95196,1.092924124
57541.95196,1.092633845
57556.95196,1.09234368
57571.95196,1.09205363
57586.95196,1.091763694
57601.95196,1.091473873
57616.95196,1.091184165
57631.95196,1.090894572
57646.95196,1.090605093
57661.95196,1.090315728
57676.95196,1.090026477
57691.95196,1.08973734
57706.95196,1.089448317
57721.95196,1.089159408
57736.95196,1.088870612
57751.95196,1.08858193
57766.95196,1.088293362
57781.95196,1.088004908
57796.95196,1.087716568
57811.95196,1.087428341
57826.95196,1.087140227
57841.95196,1.086852227
57856.95196,1.08656434
57871.95196,1.086276567
57886.95196,1.085988907
57901.95196,1.085701361
57916.95196,1.085413928
57931.95196,1.085126608
57946.95196,1.084839401
57961.95196,1.084552307
57976.95196,1.084265326
57991.95196,1.083978459
58006.95196,1.083691704
58021.95196,1.083405062
58036.95196,1.083118533
58051.95196,1.082832117
58066.95196,1.082545814
58081.95196,1.082259623
58096.95196,1.081973546
58111.95196,1.08168758
58126.95196,1.081401728
58141.95196,1.081115988
58156.95196,1.08083036
58171.95196,1.080544845
58186.95196,1.080259442
58201.95196,1.079974152
58216.95196,1.079688974
58231.95196,1.079403909
58246.95196,1.079118955
58261.95196,1.078834114
58276.95196,1.078549385
58291.95196,1.078264768
58306.95196,1.077980263
58321.95196,1.07769587
58336.95196,1.077411588
58351.95196,1.077127419
58366.95196,1.076843362
58381.95196,1.076559416
58396.95196,1.076275583
58411.95196,1.075991861
58426.95196,1.07570825
58441.95196,1.075424751
58456.95196,1.075141364
58471.95196,1.074858089
58486.95196,1.074574924
58501.95196,1.074291872
58516.95196,1.07400893
58531.95196,1.0737261
58546.95196,1.073443382
58561.95196,1.073160774
58576.95196,1.072878278
58591.95196,1.072595893
58606.95196,1.072313619
58621.95196,1.072031456
58636.95196,1.071749404
58651.95196,1.071467463
58666.95196,1.071185633
58681.95196,1.070903914
58696.95196,1.070622305
58711.95196,1.070340808
58726.95196,1.070059421
58741.95196,1.069778145
58756.95196,1.06949698
58771.95196,1.069215925
58786.95196,1.06893498
58801.95196,1.068654147
58816.95196,1.068373423
58831.95196,1.06809281
58846.95196,1.067812308
58861.95196,1.067531916
58876.95196,1.067251634
58891.95196,1.066971462
58906.95196,1.0666914
58921.95196,1.066411449
58936.95196,1.066131608
58951.95196,1.065851876
58966.95196,1.065572255
58981.95196,1.065292744
58996.95196,1.065013343
59011.95196,1.064734051
59026.95196,1.064454869
59041.95196,1.064175797
59056.95196,1.063896835
59071.95196,1.063617983
59086.95196,1.06333924
59101.95196,1.063060606
59116.95196,1.062782083
59131.95196,1.062503668
59146.95196,1.062225363
59161.95196,1.061947168
59176.95196,1.061669082
59191.95196,1.061391105
59206.95196,1.061113238
59221.95196,1.060835479
59236.95196,1.06055783
59251.95196,1.06028029
59266.95196,1.060002859
59281.95196,1.059725538
59296.95196,1.059448325
59311.95196,1.059171221
59326.95196,1.058894226
59341.95196,1.05861734
59356.95196,1.058340562
59371.95196,1.058063894
59386.95196,1.057787334
59401.95196,1.057510883
59416.95196,1.05723454
59431.95196,1.056958306
59446.95196,1.056682181
59461.95196,1.056406164
59476.95196,1.056130255
59491.95196,1.055854455
59506.95196,1.055578763
59521.95196,1.05530318
59536.95196,1.055027705
59551.95196,1.054752338
59566.95196,1.054477079
59581.95196,1.054201928
59596.95196,1.053926885
59611.95196,1.053651951
59626.95196,1.053377124
59641.95196,1.053102406
59656.95196,1.052827795
59671.95196,1.052553292
59686.95196,1.052278897
59701.95196,1.052004609
59716.95196,1.05173043
59731.95196,1.051456358
59746.95196,1.051182394
59761.95196,1.050908537
59776.95196,1.050634788
59791.95196,1.050361146
59806.95196,1.050087612
59821.95196,1.049814185
59836.95196,1.049540865
59851.95196,1.049267653
59866.95196,1.048994548
59881.95196,1.04872155
59896.95196,1.04844866
59911.95196,1.048175877
59926.95196,1.0479032
59941.95196,1.047630631
59956.95196,1.047358169
59971.95196,1.047085813
59986.95196,1.046813565
60001.95196,1.046541423
60016.95196,1.046269388
60031.95196,1.04599746
60046.95196,1.045725639
60061.95196,1.045453925
60076.95196,1.045182317
60091.95196,1.044910815
60106.95196,1.04463942
60121.95196,1.044368132
60136.95196,1.04409695
60151.95196,1.043825875
60166.95196,1.043554905
60181.95196,1.043284043
60196.95196,1.043013286
60211.95196,1.042742636
60226.95196,1.042472092
60241.95196,1.042201654
60256.95196,1.041931322
60271.95196,1.041661096
60286.95196,1.041390976
60301.95196,1.041120962
60316.95196,1.040851054
60331.95196,1.040581252
60346.95196,1.040311556
60361.95196,1.040041966
60376.95196,1.039772481
60391.95196,1.039503102
60406.95196,1.039233829
60421.95196,1.038964661
60436.95196,1.038695599
60451.95196,1.038426642
60466.95196,1.038157791
60481.95196,1.037889045
60496.95196,1.037620404
60511.95196,1.037351869
60526.95196,1.037083439
60541.95196,1.036815115
60556.95196,1.036546896
60571.95196,1.036278781
60586.95196,1.036010772
60601.95196,1.035742868
60616.95196,1.035475069
60631.95196,1.035207375
60646.95196,1.034939786
60661.95196,1.034672302
60676.95196,1.034404923
60691.95196,1.034137648
60706.95196,1.033870478
60721.95196,1.033603413
60736.95196,1.033336453
60751.95196,1.033069597
60766.95196,1.032802846
60781.95196,1.032536199
60796.95196,1.032269657
60811.95196,1.032003219
60826.95196,1.031736886
60841.95196,1.031470657
60856.95196,1.031204532
60871.95196,1.030938512
60886.95196,1.030672596
60901.95196,1.030406784
60916.95196,1.030141076
60931.95196,1.029875472
60946.95196,1.029609973
60961.95196,1.029344577
60976.95196,1.029079285
60991.95196,1.028814098
61006.95196,1.028549014
61021.95196,1.028284034
61036.95196,1.028019157
61051.95196,1.027754385
61066.95196,1.027489716
61081.95196,1.027225151
61096.95196,1.026960689
61111.95196,1.026696331
61126.95196,1.026432077
61141.95196,1.026167926
61156.95196,1.025903878
61171.95196,1.025639934
61186.95196,1.025376093
61201.95196,1.025112355
61216.95196,1.024848721
61231.95196,1.02458519
61246.95196,1.024321762
61261.95196,1.024058437
61276.95196,1.023795216
61291.95196,1.023532097
61306.95196,1.023269081
61321.95196,1.023006169
61336.95196,1.022743359
61351.95196,1.022480652
61366.95196,1.022218048
61381.95196,1.021955547
61396.95196,1.021693148
61411.95196,1.021430852
61426.95196,1.021168659
61441.95196,1.020906568
61456.95196,1.02064458
61471.95196,1.020382695
61486.95196,1.020120912
61501.95196,1.019859231
61516.95196,1.019597653
61531.95196,1.019336177
61546.95196,1.019074803
61561.95196,1.018813532
61576.95196,1.018552363
61591.95196,1.018291296
61606.95196,1.018030331
61621.95196,1.017769468
61636.95196,1.017508707
61651.95196,1.017248048
61666.95196,1.016987492
61681.95196,1.016727037
61696.95196,1.016466684
61711.95196,1.016206432
61726.95196,1.015946283
61741.95196,1.015686235
61756.95196,1.015426289
61771.95196,1.015166445
61786.95196,1.014906702
61801.95196,1.014647061
61816.95196,1.014387521
61831.95196,1.014128083
61846.95196,1.013868746
61861.95196,1.013609511
61876.95196,1.013350377
61891.95196,1.013091344
61906.95196,1.012832413
61921.95196,1.012573583
61936.95196,1.012314854
61951.95196,1.012056226
61966.95196,1.011797699
61981.95196,1.011539273
61996.95196,1.011280948
62011.95196,1.011022724
62026.95196,1.010764601
62041.95196,1.010506579
62056.95196,1.010248658
62071.95196,1.009990838
62086.95196,1.009733118
62101.95196,1.009475499
62116.95196,1.009217981
62131.95196,1.008960563
62146.95196,1.008703246
62161.95196,1.008446029
62176.95196,1.008188913
62191.95196,1.007931897
62206.95196,1.007674982
62221.95196,1.007418167
62236.95196,1.007161452
62251.95196,1.006904838
62266.95196,1.006648324
62281.95196,1.00639191
62296.95196,1.006135596
62311.95196,1.005879382
62326.95196,1.005623269
62341.95196,1.005367255
62356.95196,1.005111342
62371.95196,1.004855528
62386.95196,1.004599814
62401.95196,1.0043442
62416.95196,1.004088686
62431.95196,1.003833271
62446.95196,1.003577957
62461.95196,1.003322742
62476.95196,1.003067626
62491.95196,1.00281261
62506.95196,1.002557694
62521.95196,1.002302877
62536.95196,1.00204816
62551.95196,1.001793542
62566.95196,1.001539024
62581.95196,1.001284605
62596.95196,1.001030285
62611.95196,1.000776064
62626.95196,1.000521943
62641.95196,1.00026792
62656.95196,1.000013997
62671.95196,0.9997601733
62686.95196,0.9995064483
62701.95196,0.9992528222
62716.95196,0.9989992952
62731.95196,0.998745867
62746.95196,0.9984925378
62761.95196,0.9982393073
62776.95196,0.9979861757
62791.95196,0.9977331427
62806.95196,0.9974802085
62821.95196,0.9972273729
62836.95196,0.996974636
62851.95196,0.9967219976
62866.95196,0.9964694578
62881.95196,0.9962170164
62896.95196,0.9959646735
62911.95196,0.995712429
62926.95196,0.9954602829
62941.95196,0.9952082351
62956.95196,0.9949562855
62971.95196,0.9947044342
62986.95196,0.9944526811
63001.95196,0.9942010262
63016.95196,0.9939494693
63031.95196,0.9936980105
63046.95196,0.9934466498
63061.95196,0.993195387
63076.95196,0.9929442222
63091.95196,0.9926931553
63106.95196,0.9924421862
63121.95196,0.992191315
63136.95196,0.9919405415
63151.95196,0.9916898658
63166.95196,0.9914392877
63181.95196,0.9911888073
63196.95196,0.9909384246
63211.95196,0.9906881393
63226.95196,0.9904379517
63241.95196,0.9901878614
63256.95196,0.9899378687
63271.95196,0.9896879733
63286.95196,0.9894381753
63301.95196,0.9891884746
63316.95196,0.9889388712
63331.95196,0.988689365
63346.95196,0.988439956
63361.95196,0.9881906441
63376.95196,0.9879414294
63391.95196,0.9876923117
63406.95196,0.9874432911
63421.95196,0.9871943674
63436.95196,0.9869455407
63451.95196,0.9866968109
63466.95196,0.9864481779
63481.95196,0.9861996417
63496.95196,0.9859512024
63511.95196,0.9857028597
63526.95196,0.9854546138
63541.95196,0.9852064645
63556.95196,0.9849584118
63571.95196,0.9847104557
63586.95196,0.9844625961
63601.95196,0.984214833
63616.95196,0.9839671663
63631.95196,0.983719596
63646.95196,0.9834721221
63661.95196,0.9832247445
63676.95196,0.9829774632
63691.95196,0.9827302782
63706.95196,0.9824831893
63721.95196,0.9822361966
63736.95196,0.9819893
63751.95196,0.9817424995
63766.95196,0.981495795
63781.95196,0.9812491865
63796.95196,0.9810026739
63811.95196,0.9807562572
63826.95196,0.9805099365
63841.95196,0.9802637115
63856.95196,0.9800175823
63871.95196,0.9797715489
63886.95196,0.9795256112
63901.95196,0.9792797691
63916.95196,0.9790340226
63931.95196,0.9787883718
63946.95196,0.9785428164
63961.95196,0.9782973566
63976.95196,0.9780519922
63991.95196,0.9778067232
64006.95196,0.9775615496
64021.95196,0.9773164714
64036.95196,0.9770714884
64051.95196,0.9768266007
64066.95196,0.9765818082
64081.95196,0.9763371108
64096.95196,0.9760925086
64111.95196,0.9758480015
64126.95196,0.9756035894
64141.95196,0.9753592723
64156.95196,0.9751150502
64171.95196,0.974870923
64186.95196,0.9746268907
64201.95196,0.9743829533
64216.95196,0.9741391106
64231.95196,0.9738953627
64246.95196,0.9736517096
64261.95196,0.9734081511
64276.95196,0.9731646872
64291.95196,0.9729213179
64306.95196,0.9726780432
64321.95196,0.9724348631
64336.95196,0.9721917773
64351.95196,0.9719487861
64366.95196,0.9717058892
64381.95196,0.9714630867
64396.95196,0.9712203785
64411.95196,0.9709777645
64426.95196,0.9707352448
64441.95196,0.9704928193
64456.95196,0.970250488
64471.95196,0.9700082507
64486.95196,0.9697661075
64501.95196,0.9695240584
64516.95196,0.9692821032
64531.95196,0.969040242
64546.95196,0.9687984747
64561.95196,0.9685568013
64576.95196,0.9683152217
64591.95196,0.9680737359
64606.95196,0.9678323438
64621.95196,0.9675910454
64636.95196,0.9673498408
64651.95196,0.9671087297
64666.95196,0.9668677122
64681.95196,0.9666267883
64696.95196,0.9663859578
64711.95196,0.9661452209
64726.95196,0.9659045773
64741.95196,0.9656640272
64756.95196,0.9654235704
64771.95196,0.9651832069
64786.95196,0.9649429366
64801.95196,0.9647027596
64816.95196,0.9644626758
64831.95196,0.9642226851
64846.95196,0.9639827875
64861.95196,0.963742983
64876.95196,0.9635032715
64891.95196,0.963263653
64906.95196,0.9630241275
64921.95196,0.9627846948
64936.95196,0.962545355
64951.95196,0.962306108
64966.95196,0.9620669538
64981.95196,0.9618278924
64996.95196,0.9615889236
65011.95196,0.9613500476
65026.95196,0.9611112641
65041.95196,0.9608725732
65056.95196,0.9606339749
65071.95196,0.9603954691
65086.95196,0.9601570557
65101.95196,0.9599187348
65116.95196,0.9596805063
65131.95196,0.9594423701
65146.95196,0.9592043262
65161.95196,0.9589663745
65176.95196,0.9587285151
65191.95196,0.9584907479
65206.95196,0.9582530728
65221.95196,0.9580154899
65236.95196,0.957777999
65251.95196,0.9575406001
65266.95196,0.9573032932
65281.95196,0.9570660783
65296.95196,0.9568289552
65311.95196,0.9565919241
65326.95196,0.9563549847
65341.95196,0.9561181372
65356.95196,0.9558813814
65371.95196,0.9556447173
65386.95196,0.9554081449
65401.95196,0.9551716641
65416.95196,0.9549352749
65431.95196,0.9546989773
65446.95196,0.9544627712
65461.95196,0.9542266565
65476.95196,0.9539906333
65491.95196,0.9537547015
65506.95196,0.953518861
65521.95196,0.9532831119
65536.95196,0.953047454
65551.95196,0.9528118873
65566.95196,0.9525764119
65581.95196,0.9523410276
65596.95196,0.9521057345
65611.95196,0.9518705324
65626.95196,0.9516354213
65641.95196,0.9514004013
65656.95196,0.9511654722
65671.95196,0.950930634
65686.95196,0.9506958867
65701.95196,0.9504612303
65716.95196,0.9502266647
65731.95196,0.9499921898
65746.95196,0.9497578057
65761.95196,0.9495235122
65776.95196,0.9492893094
65791.95196,0.9490551972
65806.95196,0.9488211756
65821.95196,0.9485872445
65836.95196,0.9483534039
65851.95196,0.9481196537
65866.95196,0.947885994
65881.95196,0.9476524246
65896.95196,0.9474189456
65911.95196,0.9471855569
65926.95196,0.9469522584
65941.95196,0.9467190501
65956.95196,0.9464859321
65971.95196,0.9462529041
65986.95196,0.9460199663
66001.95196,0.9457871185
66016.95196,0.9455543608
66031.95196,0.945321693
66046.95196,0.9450891152
66061.95196,0.9448566273
66076.95196,0.9446242292
66091.95196,0.944391921
66106.95196,0.9441597026
66121.95196,0.9439275739
66136.95196,0.9436955349
66151.95196,0.9434635857
66166.95196,0.943231726
66181.95196,0.942999956
66196.95196,0.9427682755
66211.95196,0.9425366845
66226.95196,0.942305183
66241.95196,0.9420737709
66256.95196,0.9418424483
66271.95196,0.941611215
66286.95196,0.941380071
66301.95196,0.9411490164
66316.95196,0.9409180509
66331.95196,0.9406871747
66346.95196,0.9404563877
66361.95196,0.9402256898
66376.95196,0.939995081
66391.95196,0.9397645612
66406.95196,0.9395341305
66421.95196,0.9393037887
66436.95196,0.9390735359
66451.95196,0.938843372
66466.95196,0.9386132969
66481.95196,0.9383833107
66496.95196,0.9381534133
66511.95196,0.9379236046
66526.95196,0.9376938846
66541.95196,0.9374642533
66556.95196,0.9372347106
66571.95196,0.9370052565
66586.95196,0.936775891
66601.95196,0.936546614
66616.95196,0.9363174255
66631.95196,0.9360883254
66646.95196,0.9358593137
66661.95196,0.9356303904
66676.95196,0.9354015554
66691.95196,0.9351728087
66706.95196,0.9349441502
66721.95196,0.93471558
66736.95196,0.934487098
66751.95196,0.934258704
66766.95196,0.9340303982
66781.95196,0.9338021804
66796.95196,0.9335740507
66811.95196,0.9333460089
66826.95196,0.9331180551
66841.95196,0.9328901892
66856.95196,0.9326624112
66871.95196,0.932434721
66886.95196,0.9322071186
66901.95196,0.9319796039
66916.95196,0.931752177
66931.95196,0.9315248377
66946.95196,0.9312975861
66961.95196,0.9310704221
66976.95196,0.9308433456
66991.95196,0.9306163567
67006.95196,0.9303894553
67021.95196,0.9301626413
67036.95196,0.9299359148
67051.95196,0.9297092756
67066.95196,0.9294827237
67081.95196,0.9292562592
67096.95196,0.9290298819
67111.95196,0.9288035919
67126.95196,0.928577389
67141.95196,0.9283512733
67156.95196,0.9281252447
67171.95196,0.9278993031
67186.95196,0.9276734487
67201.95196,0.9274476812
67216.95196,0.9272220006
67231.95196,0.926996407
67246.95196,0.9267709003
67261.95196,0.9265454804
67276.95196,0.9263201474
67291.95196,0.9260949011
67306.95196,0.9258697415
67321.95196,0.9256446686
67336.95196,0.9254196824
67351.95196,0.9251947829
67366.95196,0.9249699699
67381.95196,0.9247452434
67396.95196,0.9245206035
67411.95196,0.9242960501
67426.95196,0.924071583
67441.95196,0.9238472024
67456.95196,0.9236229082
67471.95196,0.9233987002
67486.95196,0.9231745786
67501.95196,0.9229505432
67516.95196,0.922726594
67531.95196,0.9225027309
67546.95196,0.9222789541
67561.95196,0.9220552633
67576.95196,0.9218316586
67591.95196,0.9216081399
67606.95196,0.9213847071
67621.95196,0.9211613604
67636.95196,0.9209380995
67651.95196,0.9207149246
67666.95196,0.9204918354
67681.95196,0.9202688321
67696.95196,0.9200459145
67711.95196,0.9198230827
67726.95196,0.9196003365
67741.95196,0.919377676
67756.95196,0.9191551011
67771.95196,0.9189326118
67786.95196,0.9187102081
67801.95196,0.9184878898
67816.95196,0.918265657
67831.95196,0.9180435096
67846.95196,0.9178214477
67861.95196,0.917599471
67876.95196,0.9173775797
67891.95196,0.9171557737
67906.95196,0.9169340529
67921.95196,0.9167124174
67936.95196,0.916490867
67951.95196,0.9162694017
67966.95196,0.9160480216
67981.95196,0.9158267265
67996.95196,0.9156055164
68011.95196,0.9153843913
68026.95196,0.9151633511
68041.95196,0.9149423959
68056.95196,0.9147215256
68071.95196,0.91450074
68086.95196,0.9142800393
68101.95196,0.9140594234
68116.95196,0.9138388922
68131.95196,0.9136184456
68146.95196,0.9133980838
68161.95196,0.9131778065
68176.95196,0.9129576138
68191.95196,0.9127375057
68206.95196,0.9125174821
68221.95196,0.9122975429
68236.95196,0.9120776882
68251.95196,0.9118579179
68266.95196,0.911638232
68281.95196,0.9114186303
68296.95196,0.911199113
68311.95196,0.9109796799
68326.95196,0.910760331
68341.95196,0.9105410663
68356.95196,0.9103218858
68371.95196,0.9101027893
68386.95196,0.909883777
68401.95196,0.9096648486
68416.95196,0.9094460043
68431.95196,0.9092272439
68446.95196,0.9090085674
68461.95196,0.9087899749
68476.95196,0.9085714661
68491.95196,0.9083530412
68506.95196,0.9081347001
68521.95196,0.9079164427
68536.95196,0.907698269
68551.95196,0.907480179
68566.95196,0.9072621726
68581.95196,0.9070442498
68596.95196,0.9068264106
68611.95196,0.9066086549
68626.95196,0.9063909827
68641.95196,0.9061733939
68656.95196,0.9059558886
68671.95196,0.9057384666
68686.95196,0.905521128
68701.95196,0.9053038727
68716.95196,0.9050867006
68731.95196,0.9048696118
68746.95196,0.9046526062
68761.95196,0.9044356837
68776.95196,0.9042188444
68791.95196,0.9040020882
68806.95196,0.903785415
68821.95196,0.9035688248
68836.95196,0.9033523176
68851.95196,0.9031358934
68866.95196,0.9029195521
68881.95196,0.9027032936
68896.95196,0.902487118
68911.95196,0.9022710252
68926.95196,0.9020550151
68941.95196,0.9018390878
68956.95196,0.9016232432
68971.95196,0.9014074812
68986.95196,0.9011918018
69001.95196,0.9009762051
69016.95196,0.9007606909
69031.95196,0.9005452592
69046.95196,0.9003299099
69061.95196,0.9001146432
69076.95196,0.8998994588
69091.95196,0.8996843568
69106.95196,0.8994693371
69121.95196,0.8992543998
69136.95196,0.8990395447
69151.95196,0.8988247718
69166.95196,0.8986100811
69181.95196,0.8983954726
69196.95196,0.8981809462
69211.95196,0.8979665019
69226.95196,0.8977521396
69241.95196,0.8975378593
69256.95196,0.8973236611
69271.95196,0.8971095447
69286.95196,0.8968955103
69301.95196,0.8966815577
69316.95196,0.896467687
69331.95196,0.8962538981
69346.95196,0.8960401909
69361.95196,0.8958265655
69376.95196,0.8956130218
69391.95196,0.8953995597
69406.95196,0.8951861793
69421.95196,0.8949728804
69436.95196,0.8947596631
69451.95196,0.8945465273
69466.95196,0.894333473
69481.95196,0.8941205001
69496.95196,0.8939076087
69511.95196,0.8936947986
69526.95196,0.8934820698
69541.95196,0.8932694224
69556.95196,0.8930568562
69571.95196,0.8928443713
69586.95196,0.8926319676
69601.95196,0.892419645
69616.95196,0.8922074035
69631.95196,0.8919952432
69646.95196,0.8917831639
69661.95196,0.8915711656
69676.95196,0.8913592483
69691.95196,0.891147412
69706.95196,0.8909356565
69721.95196,0.890723982
69736.95196,0.8905123883
69751.95196,0.8903008754
69766.95196,0.8900894433
69781.95196,0.889878092
69796.95196,0.8896668213
69811.95196,0.8894556313
69826.95196,0.8892445219
69841.95196,0.8890334932
69856.95196,0.888822545
69871.95196,0.8886116773
69886.95196,0.8884008902
69901.95196,0.8881901835
69916.95196,0.8879795572
69931.95196,0.8877690113
69946.95196,0.8875585458
69961.95196,0.8873481606
69976.95196,0.8871378556
69991.95196,0.8869276309
70006.95196,0.8867174865
70021.95196,0.8865074222
70036.95196,0.8862974381
70051.95196,0.886087534
70066.95196,0.8858777101
70081.95196,0.8856679662
70096.95196,0.8854583023
70111.95196,0.8852487184
70126.95196,0.8850392144
70141.95196,0.8848297903
70156.95196,0.8846204461
70171.95196,0.8844111817
70186.95196,0.8842019971
70201.95196,0.8839928923
70216.95196,0.8837838672
70231.95196,0.8835749217
70246.95196,0.883366056
70261.95196,0.8831572699
70276.95196,0.8829485634
70291.95196,0.8827399364
70306.95196,0.8825313889
70321.95196,0.882322921
70336.95196,0.8821145324
70351.95196,0.8819062233
70366.95196,0.8816979936
70381.95196,0.8814898433
70396.95196,0.8812817722
70411.95196,0.8810737804
70426.95196,0.8808658679
70441.95196,0.8806580346
70456.95196,0.8804502804
70471.95196,0.8802426054
70486.95196,0.8800350095
70501.95196,0.8798274927
70516.95196,0.8796200549
70531.95196,0.8794126961
70546.95196,0.8792054163
70561.95196,0.8789982155
70576.95196,0.8787910935
70591.95196,0.8785840504
70606.95196,0.8783770861
70621.95196,0.8781702006
70636.95196,0.8779633939
70651.95196,0.8777566659
70666.95196,0.8775500166
70681.95196,0.877343446
70696.95196,0.877136954
70711.95196,0.8769305405
70726.95196,0.8767242057
70741.95196,0.8765179494
70756.95196,0.8763117715
70771.95196,0.8761056721
70786.95196,0.8758996512
70801.95196,0.8756937086
70816.95196,0.8754878443
70831.95196,0.8752820584
70846.95196,0.8750763508
70861.95196,0.8748707214
70876.95196,0.8746651703
70891.95196,0.8744596973
70906.95196,0.8742543025
70921.95196,0.8740489858
70936.95196,0.8738437472
70951.95196,0.8736385866
70966.95196,0.873433504
70981.95196,0.8732284994
70996.95196,0.8730235728
71011.95196,0.8728187241
71026.95196,0.8726139532
71041.95196,0.8724092602
71056.95196,0.872204645
71071.95196,0.8720001076
71086.95196,0.8717956479
71101.95196,0.8715912659
71116.95196,0.8713869616
71131.95196,0.8711827349
71146.95196,0.8709785859
71161.95196,0.8707745144
71176.95196,0.8705705204
71191.95196,0.870366604
71206.95196,0.870162765
71221.95196,0.8699590035
71236.95196,0.8697553194
71251.95196,0.8695517126
71266.95196,0.8693481832
71281.95196,0.8691447311
71296.95196,0.8689413562
71311.95196,0.8687380586
71326.95196,0.8685348382
71341.95196,0.868331695
71356.95196,0.8681286289
71371.95196,0.8679256399
71386.95196,0.8677227279
71401.95196,0.867519893
71416.95196,0.8673171351
71431.95196,0.8671144542
71446.95196,0.8669118502
71461.95196,0.8667093231
71476.95196,0.8665068728
71491.95196,0.8663044994
71506.95196,0.8661022028
71521.95196,0.865899983
71536.95196,0.8656978399
71551.95196,0.8654957735
71566.95196,0.8652937838
71581.95196,0.8650918707
71596.95196,0.8648900342
71611.95196,0.8646882742
71626.95196,0.8644865908
71641.95196,0.8642849839
71656.95196,0.8640834535
71671.95196,0.8638819995
71686.95196,0.8636806219
71701.95196,0.8634793206
71716.95196,0.8632780957
71731.95196,0.8630769471
71746.95196,0.8628758748
71761.95196,0.8626748786
71776.95196,0.8624739587
71791.95196,0.862273115
71806.95196,0.8620723474
71821.95196,0.8618716559
71836.95196,0.8616710404
71851.95196,0.861470501
71866.95196,0.8612700376
71881.95196,0.8610696502
71896.95196,0.8608693387
71911.95196,0.8606691031
71926.95196,0.8604689434
71941.95196,0.8602688595
71956.95196,0.8600688514
71971.95196,0.8598689191
71986.95196,0.8596690625
72001.95196,0.8594692816
72016.95196,0.8592695764
72031.95196,0.8590699469
72046.95196,0.8588703929
72061.95196,0.8586709145
72076.95196,0.8584715117
72091.95196,0.8582721843
72106.95196,0.8580729324
72121.95196,0.857873756
72136.95196,0.857674655
72151.95196,0.8574756293
72166.95196,0.857276679
72181.95196,0.857077804
72196.95196,0.8568790043
72211.95196,0.8566802799
72226.95196,0.8564816306
72241.95196,0.8562830565
72256.95196,0.8560845576
72271.95196,0.8558861337
72286.95196,0.855687785
72301.95196,0.8554895113
72316.95196,0.8552913126
72331.95196,0.8550931889
72346.95196,0.8548951402
72361.95196,0.8546971663
72376.95196,0.8544992674
72391.95196,0.8543014433
72406.95196,0.854103694
72421.95196,0.8539060195
72436.95196,0.8537084198
72451.95196,0.8535108948
72466.95196,0.8533134444
72481.95196,0.8531160688
72496.95196,0.8529187677
72511.95196,0.8527215413
72526.95196,0.8525243894
72541.95196,0.852327312
72556.95196,0.8521303091
72571.95196,0.8519333807
72586.95196,0.8517365267
72601.95196,0.8515397471
72616.95196,0.8513430419
72631.95196,0.851146411
72646.95196,0.8509498544
72661.95196,0.8507533721
72676.95196,0.850556964
72691.95196,0.8503606301
72706.95196,0.8501643704
72721.95196,0.8499681848
72736.95196,0.8497720733
72751.95196,0.8495760359
72766.95196,0.8493800725
72781.95196,0.8491841832
72796.95196,0.8489883678
72811.95196,0.8487926264
72826.95196,0.8485969588
72841.95196,0.8484013652
72856.95196,0.8482058454
72871.95196,0.8480103994
72886.95196,0.8478150272
72901.95196,0.8476197288
72916.95196,0.8474245041
72931.95196,0.847229353
72946.95196,0.8470342756
72961.95196,0.8468392719
72976.95196,0.8466443417
72991.95196,0.8464494851
73006.95196,0.846254702
73021.95196,0.8460599924
73036.95196,0.8458653563
73051.95196,0.8456707936
73066.95196,0.8454763043
73081.95196,0.8452818884
73096.95196,0.8450875458
73111.95196,0.8448932765
73126.95196,0.8446990805
73141.95196,0.8445049577
73156.95196,0.8443109081
73171.95196,0.8441169317
73186.95196,0.8439230285
73201.95196,0.8437291983
73216.95196,0.8435354412
73231.95196,0.8433417572
73246.95196,0.8431481462
73261.95196,0.8429546082
73276.95196,0.8427611431
73291.95196,0.842567751
73306.95196,0.8423744317
73321.95196,0.8421811853
73336.95196,0.8419880118
73351.95196,0.841794911
73366.95196,0.841601883
73381.95196,0.8414089277
73396.95196,0.8412160451
73411.95196,0.8410232352
73426.95196,0.8408304979
73441.95196,0.8406378332
73456.95196,0.8404452411
73471.95196,0.8402527215
73486.95196,0.8400602745
73501.95196,0.8398678999
73516.95196,0.8396755977
73531.95196,0.839483368
73546.95196,0.8392912107
73561.95196,0.8390991257
73576.95196,0.838907113
73591.95196,0.8387151726
73606.95196,0.8385233045
73621.95196,0.8383315086
73636.95196,0.8381397849
73651.95196,0.8379481333
73666.95196,0.8377565539
73681.95196,0.8375650466
73696.95196,0.8373736114
73711.95196,0.8371822481
73726.95196,0.8369909569
73741.95196,0.8367997377
73756.95196,0.8366085904
73771.95196,0.836417515
73786.95196,0.8362265115
73801.95196,0.8360355799
73816.95196,0.83584472
73831.95196,0.835653932
73846.95196,0.8354632157
73861.95196,0.8352725711
73876.95196,0.8350819982
73891.95196,0.834891497
73906.95196,0.8347010674
73921.95196,0.8345107095
73936.95196,0.834320423
73951.95196,0.8341302081
73966.95196,0.8339400648
73981.95196,0.8337499929
73996.95196,0.8335599924
74011.95196,0.8333700633
74026.95196,0.8331802057
74041.95196,0.8329904193
74056.95196,0.8328007043
74071.95196,0.8326110606
74086.95196,0.8324214882
74101.95196,0.8322319869
74116.95196,0.8320425569
74131.95196,0.831853198
74146.95196,0.8316639102
74161.95196,0.8314746936
74176.95196,0.831285548
74191.95196,0.8310964735
74206.95196,0.83090747
74221.95196,0.8307185374
74236.95196,0.8305296758
74251.95196,0.8303408851
74266.95196,0.8301521653
74281.95196,0.8299635164
74296.95196,0.8297749382
74311.95196,0.8295864309
74326.95196,0.8293979943
74341.95196,0.8292096285
74356.95196,0.8290213333
74371.95196,0.8288331088
74386.95196,0.828644955
74401.95196,0.8284568718
74416.95196,0.8282688591
74431.95196,0.828080917
74446.95196,0.8278930454
74461.95196,0.8277052443
74476.95196,0.8275175136
74491.95196,0.8273298534
74506.95196,0.8271422636
74521.95196,0.8269547441
74536.95196,0.8267672949
74551.95196,0.8265799161
74566.95196,0.8263926075
74581.95196,0.8262053692
74596.95196,0.826018201
74611.95196,0.8258311031
74626.95196,0.8256440753
74641.95196,0.8254571176
74656.95196,0.82527023
74671.95196,0.8250834124
74686.95196,0.8248966649
74701.95196,0.8247099874
74716.95196,0.8245233798
74731.95196,0.8243368422
74746.95196,0.8241503745
74761.95196,0.8239639766
74776.95196,0.8237776486
74791.95196,0.8235913904
74806.95196,0.823405202
74821.95196,0.8232190833
74836.95196,0.8230330344
74851.95196,0.8228470551
74866.95196,0.8226611455
74881.95196,0.8224753056
74896.95196,0.8222895352
74911.95196,0.8221038344
74926.95196,0.8219182031
74941.95196,0.8217326414
74956.95196,0.8215471491
74971.95196,0.8213617263
74986.95196,0.8211763729
75001.95196,0.8209910889
75016.95196,0.8208058742
75031.95196,0.8206207289
75046.95196,0.8204356528
75061.95196,0.8202506461
75076.95196,0.8200657085
75091.95196,0.8198808402
75106.95196,0.8196960411
75121.95196,0.819511311
75136.95196,0.8193266502
75151.95196,0.8191420584
75166.95196,0.8189575356
75181.95196,0.8187730819
75196.95196,0.8185886972
75211.95196,0.8184043814
75226.95196,0.8182201346
75241.95196,0.8180359567
75256.95196,0.8178518476
75271.95196,0.8176678074
75286.95196,0.817483836
75301.95196,0.8172999334
75316.95196,0.8171160996
75331.95196,0.8169323345
75346.95196,0.8167486381
75361.95196,0.8165650103
75376.95196,0.8163814512
75391.95196,0.8161979607
75406.95196,0.8160145387
75421.95196,0.8158311853
75436.95196,0.8156479005
75451.95196,0.8154646841
75466.95196,0.8152815362
75481.95196,0.8150984567
75496.95196,0.8149154456
75511.95196,0.8147325028
75526.95196,0.8145496284
75541.95196,0.8143668223
75556.95196,0.8141840845
75571.95196,0.8140014149
75586.95196,0.8138188136
75601.95196,0.8136362804
75616.95196,0.8134538154
75631.95196,0.8132714186
75646.95196,0.8130890898
75661.95196,0.8129068291
75676.95196,0.8127246365
75691.95196,0.8125425118
75706.95196,0.8123604551
75721.95196,0.8121784664
75736.95196,0.8119965456
75751.95196,0.8118146927
75766.95196,0.8116329077
75781.95196,0.8114511905
75796.95196,0.8112695411
75811.95196,0.8110879595
75826.95196,0.8109064456
75841.95196,0.8107249995
75856.95196,0.810543621
75871.95196,0.8103623102
75886.95196,0.810181067
75901.95196,0.8099998914
75916.95196,0.8098187833
75931.95196,0.8096377429
75946.95196,0.8094567699
75961.95196,0.8092758644
75976.95196,0.8090950263
75991.95196,0.8089142557
76006.95196,0.8087335525
76021.95196,0.8085529166
76036.95196,0.8083723481
76051.95196,0.8081918468
76066.95196,0.8080114129
76081.95196,0.8078310462
76096.95196,0.8076507467
76111.95196,0.8074705144
76126.95196,0.8072903492
76141.95196,0.8071102512
76156.95196,0.8069302203
76171.95196,0.8067502564
76186.95196,0.8065703596
76201.95196,0.8063905298
76216.95196,0.806210767
76231.95196,0.8060310711
76246.95196,0.8058514421
76261.95196,0.8056718801
76276.95196,0.8054923849
76291.95196,0.8053129566
76306.95196,0.805133595
76321.95196,0.8049543003
76336.95196,0.8047750723
76351.95196,0.804595911
76366.95196,0.8044168164
76381.95196,0.8042377884
76396.95196,0.8040588271
76411.95196,0.8038799324
76426.95196,0.8037011043
76441.95196,0.8035223427
76456.95196,0.8033436477
76471.95196,0.8031650191
76486.95196,0.802986457
76501.95196,0.8028079613
76516.95196,0.802629532
76531.95196,0.8024511691
76546.95196,0.8022728726
76561.95196,0.8020946423
76576.95196,0.8019164783
76591.95196,0.8017383806
76606.95196,0.8015603492
76621.95196,0.8013823839
76636.95196,0.8012044848
76651.95196,0.8010266518
76666.95196,0.800848885
76681.95196,0.8006711842
76696.95196,0.8004935495
76711.95196,0.8003159808
76726.95196,0.8001384781
76741.95196,0.7999610414
76756.95196,0.7997836706
76771.95196,0.7996063658
76786.95196,0.7994291268
76801.95196,0.7992519536
76816.95196,0.7990748464
76831.95196,0.7988978048
76846.95196,0.7987208291
76861.95196,0.7985439191
76876.95196,0.7983670748
76891.95196,0.7981902962
76906.95196,0.7980135833
76921.95196,0.797836936
76936.95196,0.7976603543
76951.95196,0.7974838381
76966.95196,0.7973073875
76981.95196,0.7971310024
76996.95196,0.7969546828
77011.95196,0.7967784286
77026.95196,0.7966022399
77041.95196,0.7964261165
77056.95196,0.7962500586
77071.95196,0.7960740659
77086.95196,0.7958981386
77101.95196,0.7957222766
77116.95196,0.7955464798
77131.95196,0.7953707482
77146.95196,0.7951950819
77161.95196,0.7950194807
77176.95196,0.7948439447
77191.95196,0.7946684738
77206.95196,0.7944930679
77221.95196,0.7943177271
77236.95196,0.7941424514
77251.95196,0.7939672406
77266.95196,0.7937920948
77281.95196,0.793617014
77296.95196,0.7934419981
77311.95196,0.793267047
77326.95196,0.7930921609
77341.95196,0.7929173395
77356.95196,0.792742583
77371.95196,0.7925678912
77386.95196,0.7923932642
77401.95196,0.7922187019
77416.95196,0.7920442043
77431.95196,0.7918697713
77446.95196,0.791695403
77461.95196,0.7915210993
77476.95196,0.7913468602
77491.95196,0.7911726856
77506.95196,0.7909985755
77521.95196,0.7908245299
77536.95196,0.7906505488
77551.95196,0.7904766322
77566.95196,0.7903027799
77581.95196,0.790128992
77596.95196,0.7899552685
77611.95196,0.7897816093
77626.95196,0.7896080144
77641.95196,0.7894344838
77656.95196,0.7892610174
77671.95196,0.7890876152
77686.95196,0.7889142772
77701.95196,0.7887410034
77716.95196,0.7885677937
77731.95196,0.7883946481
77746.95196,0.7882215665
77761.95196,0.788048549
77776.95196,0.7878755956
77791.95196,0.7877027061
77806.95196,0.7875298806
77821.95196,0.787357119
77836.95196,0.7871844213
77851.95196,0.7870117876
77866.95196,0.7868392176
77881.95196,0.7866667115
77896.95196,0.7864942692
77911.95196,0.7863218906
77926.95196,0.7861495758
77941.95196,0.7859773247
77956.95196,0.7858051373
77971.95196,0.7856330135
77986.95196,0.7854609534
78001.95196,0.7852889569
78016.95196,0.7851170239
78031.95196,0.7849451545
78046.95196,0.7847733486
78061.95196,0.7846016062
78076.95196,0.7844299273
78091.95196,0.7842583118
78106.95196,0.7840867597
78121.95196,0.783915271
78136.95196,0.7837438456
78151.95196,0.7835724836
78166.95196,0.7834011849
78181.95196,0.7832299494
78196.95196,0.7830587772
78211.95196,0.7828876682
78226.95196,0.7827166224
78241.95196,0.7825456397
78256.95196,0.7823747202
78271.95196,0.7822038638
78286.95196,0.7820330705
78301.95196,0.7818623402
78316.95196,0.7816916729
78331.95196,0.7815210687
78346.95196,0.7813505274
78361.95196,0.781180049
78376.95196,0.7810096336
78391.95196,0.780839281
78406.95196,0.7806689913
78421.95196,0.7804987645
78436.95196,0.7803286004
78451.95196,0.7801584991
78466.95196,0.7799884606
78481.95196,0.7798184848
78496.95196,0.7796485717
78511.95196,0.7794787213
78526.95196,0.7793089335
78541.95196,0.7791392083
78556.95196,0.7789695457
78571.95196,0.7787999456
78586.95196,0.7786304081
78601.95196,0.7784609331
78616.95196,0.7782915206
78631.95196,0.7781221705
78646.95196,0.7779528829
78661.95196,0.7777836576
78676.95196,0.7776144947
78691.95196,0.7774453942
78706.95196,0.777276356
78721.95196,0.77710738
78736.95196,0.7769384664
78751.95196,0.7767696149
78766.95196,0.7766008257
78781.95196,0.7764320986
78796.95196,0.7762634337
78811.95196,0.7760948309
78826.95196,0.7759262903
78841.95196,0.7757578117
78856.95196,0.7755893951
78871.95196,0.7754210405
78886.95196,0.775252748
78901.95196,0.7750845174
78916.95196,0.7749163488
78931.95196,0.774748242
78946.95196,0.7745801972
78961.95196,0.7744122142
78976.95196,0.774244293
78991.95196,0.7740764336
79006.95196,0.773908636
79021.95196,0.7737409002
79036.95196,0.7735732261
79051.95196,0.7734056136
79066.95196,0.7732380629
79081.95196,0.7730705738
79096.95196,0.7729031463
79111.95196,0.7727357804
79126.95196,0.772568476
79141.95196,0.7724012332
79156.95196,0.7722340519
79171.95196,0.7720669321
79186.95196,0.7718998737
79201.95196,0.7717328768
79216.95196,0.7715659412
79231.95196,0.771399067
79246.95196,0.7712322542
79261.95196,0.7710655027
79276.95196,0.7708988125
79291.95196,0.7707321836
79306.95196,0.7705656159
79321.95196,0.7703991094
79336.95196,0.7702326641
79351.95196,0.77006628
79366.95196,0.769899957
79381.95196,0.7697336951
79396.95196,0.7695674943
79411.95196,0.7694013546
79426.95196,0.7692352759
79441.95196,0.7690692581
79456.95196,0.7689033014
79471.95196,0.7687374056
79486.95196,0.7685715708
79501.95196,0.7684057968
79516.95196,0.7682400837
79531.95196,0.7680744314
79546.95196,0.76790884
79561.95196,0.7677433093
79576.95196,0.7675778395
79591.95196,0.7674124303
79606.95196,0.7672470819
79621.95196,0.7670817941
79636.95196,0.766916567
79651.95196,0.7667514006
79666.95196,0.7665862947
79681.95196,0.7664212495
79696.95196,0.7662562648
79711.95196,0.7660913406
79726.95196,0.7659264769
79741.95196,0.7657616737
79756.95196,0.7655969309
79771.95196,0.7654322486
79786.95196,0.7652676266
79801.95196,0.765103065
79816.95196,0.7649385638
79831.95196,0.7647741229
79846.95196,0.7646097423
79861.95196,0.7644454219
79876.95196,0.7642811618
79891.95196,0.7641169619
79906.95196,0.7639528222
79921.95196,0.7637887426
79936.95196,0.7636247232
79951.95196,0.7634607639
79966.95196,0.7632968647
79981.95196,0.7631330255
79996.95196,0.7629692463
80011.95196,0.7628055272
80026.95196,0.762641868
80041.95196,0.7624782688
80056.95196,0.7623147296
80071.95196,0.7621512502
80086.95196,0.7619878307
80101.95196,0.761824471
80116.95196,0.7616611712
80131.95196,0.7614979311
80146.95196,0.7613347508
80161.95196,0.7611716303
80176.95196,0.7610085695
80191.95196,0.7608455684
80206.95196,0.7606826269
80221.95196,0.7605197451
80236.95196,0.7603569229
80251.95196,0.7601941603
80266.95196,0.7600314573
80281.95196,0.7598688138
80296.95196,0.7597062298
80311.95196,0.7595437053
80326.95196,0.7593812402
80341.95196,0.7592188346
80356.95196,0.7590564884
80371.95196,0.7588942016
80386.95196,0.7587319741
80401.95196,0.758569806
80416.95196,0.7584076971
80431.95196,0.7582456476
80446.95196,0.7580836573
80461.95196,0.7579217262
80476.95196,0.7577598543
80491.95196,0.7575980417
80506.95196,0.7574362881
80521.95196,0.7572745937
80536.95196,0.7571129584
80551.95196,0.7569513821
80566.95196,0.7567898649
80581.95196,0.7566284068
80596.95196,0.7564670076
80611.95196,0.7563056674
80626.95196,0.7561443861
80641.95196,0.7559831638
80656.95196,0.7558220004
80671.95196,0.7556608958
80686.95196,0.7554998501
80701.95196,0.7553388632
80716.95196,0.7551779351
80731.95196,0.7550170657
80746.95196,0.7548562551
80761.95196,0.7546955032
80776.95196,0.75453481
80791.95196,0.7543741755
80806.95196,0.7542135996
80821.95196,0.7540530823
80836.95196,0.7538926236
80851.95196,0.7537322235
80866.95196,0.7535718819
80881.95196,0.7534115988
80896.95196,0.7532513742
80911.95196,0.7530912081
80926.95196,0.7529311004
80941.95196,0.7527710512
80956.95196,0.7526110603
80971.95196,0.7524511277
80986.95196,0.7522912536
81001.95196,0.7521314377
81016.95196,0.7519716801
81031.95196,0.7518119807
81046.95196,0.7516523396
81061.95196,0.7514927567
81076.95196,0.751333232
81091.95196,0.7511737655
81106.95196,0.7510143571
81121.95196,0.7508550068
81136.95196,0.7506957145
81151.95196,0.7505364804
81166.95196,0.7503773042
81181.95196,0.7502181861
81196.95196,0.750059126
81211.95196,0.7499001238
81226.95196,0.7497411795
81241.95196,0.7495822932
81256.95196,0.7494234647
81271.95196,0.7492646941
81286.95196,0.7491059813
81301.95196,0.7489473264
81316.95196,0.7487887292
81331.95196,0.7486301898
81346.95196,0.7484717081
81361.95196,0.7483132841
81376.95196,0.7481549178
81391.95196,0.7479966091
81406.95196,0.7478383581
81421.95196,0.7476801647
81436.95196,0.7475220289
81451.95196,0.7473639506
81466.95196,0.7472059299
81481.95196,0.7470479666
81496.95196,0.7468900609
81511.95196,0.7467322126
81526.95196,0.7465744217
81541.95196,0.7464166883
81556.95196,0.7462590122
81571.95196,0.7461013935
81586.95196,0.7459438321
81601.95196,0.7457863281
81616.95196,0.7456288813
81631.95196,0.7454714917
81646.95196,0.7453141594
81661.95196,0.7451568844
81676.95196,0.7449996665
81691.95196,0.7448425057
81706.95196,0.7446854021
81721.95196,0.7445283556
81736.95196,0.7443713662
81751.95196,0.7442144338
81766.95196,0.7440575585
81781.95196,0.7439007402
81796.95196,0.7437439789
81811.95196,0.7435872746
81826.95196,0.7434306271
81841.95196,0.7432740366
81856.95196,0.743117503
81871.95196,0.7429610263
81886.95196,0.7428046063
81901.95196,0.7426482432
81916.95196,0.7424919369
81931.95196,0.7423356874
81946.95196,0.7421794946
81961.95196,0.7420233585
81976.95196,0.7418672791
81991.95196,0.7417112563
82006.95196,0.7415552902
82021.95196,0.7413993808
82036.95196,0.7412435279
82051.95196,0.7410877316
82066.95196,0.7409319918
82081.95196,0.7407763085
82096.95196,0.7406206818
82111.95196,0.7404651115
82126.95196,0.7403095976
82141.95196,0.7401541402
82156.95196,0.7399987392
82171.95196,0.7398433946
82186.95196,0.7396881063
82201.95196,0.7395328743
82216.95196,0.7393776986
82231.95196,0.7392225792
82246.95196,0.7390675161
82261.95196,0.7389125091
82276.95196,0.7387575584
82291.95196,0.7386026639
82306.95196,0.7384478255
82321.95196,0.7382930432
82336.95196,0.7381383171
82351.95196,0.737983647
82366.95196,0.737829033
82381.95196,0.737674475
82396.95196,0.737519973
82411.95196,0.737365527
82426.95196,0.737211137
82441.95196,0.7370568029
82456.95196,0.7369025247
82471.95196,0.7367483024
82486.95196,0.7365941359
82501.95196,0.7364400253
82516.95196,0.7362859706
82531.95196,0.7361319716
82546.95196,0.7359780283
82561.95196,0.7358241408
82576.95196,0.7356703091
82591.95196,0.735516533
82606.95196,0.7353628126
82621.95196,0.7352091478
82636.95196,0.7350555387
82651.95196,0.7349019852
82666.95196,0.7347484872
82681.95196,0.7345950448
82696.95196,0.7344416579
82711.95196,0.7342883265
82726.95196,0.7341350506
82741.95196,0.7339818301
82756.95196,0.7338286651
82771.95196,0.7336755554
82786.95196,0.7335225012
82801.95196,0.7333695023
82816.95196,0.7332165588
82831.95196,0.7330636705
82846.95196,0.7329108376
82861.95196,0.7327580599
82876.95196,0.7326053374
82891.95196,0.7324526702
82906.95196,0.7323000581
82921.95196,0.7321475012
82936.95196,0.7319949995
82951.95196,0.7318425529
82966.95196,0.7316901613
82981.95196,0.7315378249
82996.95196,0.7313855435
83011.95196,0.7312333171
83026.95196,0.7310811457
83041.95196,0.7309290293
83056.95196,0.7307769678
83071.95196,0.7306249613
83086.95196,0.7304730096
83101.95196,0.7303211129
83116.95196,0.730169271
83131.95196,0.7300174839
83146.95196,0.7298657517
83161.95196,0.7297140742
83176.95196,0.7295624515
83191.95196,0.7294108836
83206.95196,0.7292593703
83221.95196,0.7291079118
83236.95196,0.7289565079
83251.95196,0.7288051586
83266.95196,0.728653864
83281.95196,0.728502624
83296.95196,0.7283514385
83311.95196,0.7282003076
83326.95196,0.7280492313
83341.95196,0.7278982094
83356.95196,0.727747242
83371.95196,0.7275963291
83386.95196,0.7274454706
83401.95196,0.7272946665
83416.95196,0.7271439167
83431.95196,0.7269932214
83446.95196,0.7268425804
83461.95196,0.7266919937
83476.95196,0.7265414613
83491.95196,0.7263909831
83506.95196,0.7262405592
83521.95196,0.7260901896
83536.95196,0.7259398741
83551.95196,0.7257896128
83566.95196,0.7256394056
83581.95196,0.7254892526
83596.95196,0.7253391537
83611.95196,0.7251891088
83626.95196,0.725039118
83641.95196,0.7248891813
83656.95196,0.7247392986
83671.95196,0.7245894698
83686.95196,0.724439695
83701.95196,0.7242899742
83716.95196,0.7241403072
83731.95196,0.7239906942
83746.95196,0.723841135
83761.95196,0.7236916297
83776.95196,0.7235421782
83791.95196,0.7233927805
83806.95196,0.7232434366
83821.95196,0.7230941464
83836.95196,0.72294491
83851.95196,0.7227957273
83866.95196,0.7226465982
83881.95196,0.7224975228
83896.95196,0.7223485011
83911.95196,0.722199533
83926.95196,0.7220506184
83941.95196,0.7219017575
83956.95196,0.7217529501
83971.95196,0.7216041962
83986.95196,0.7214554958
84001.95196,0.7213068489
84016.95196,0.7211582554
84031.95196,0.7210097153
84046.95196,0.7208612287
84061.95196,0.7207127955
84076.95196,0.7205644156
84091.95196,0.7204160891
84106.95196,0.7202678158
84121.95196,0.7201195959
84136.95196,0.7199714292
84151.95196,0.7198233158
84166.95196,0.7196752556
84181.95196,0.7195272486
84196.95196,0.7193792948
84211.95196,0.7192313941
84226.95196,0.7190835466
84241.95196,0.7189357522
84256.95196,0.7187880108
84271.95196,0.7186403225
84286.95196,0.7184926873
84301.95196,0.7183451051
84316.95196,0.7181975759
84331.95196,0.7180500996
84346.95196,0.7179026763
84361.95196,0.7177553059
84376.95196,0.7176079884
84391.95196,0.7174607238
84406.95196,0.7173135121
84421.95196,0.7171663532
84436.95196,0.7170192471
84451.95196,0.7168721938
84466.95196,0.7167251932
84481.95196,0.7165782454
84496.95196,0.7164313504
84511.95196,0.716284508
84526.95196,0.7161377183
84541.95196,0.7159909812
84556.95196,0.7158442968
84571.95196,0.715697665
84586.95196,0.7155510858
84601.95196,0.7154045591
84616.95196,0.715258085
84631.95196,0.7151116633
84646.95196,0.7149652942
84661.95196,0.7148189776
84676.95196,0.7146727134
84691.95196,0.7145265016
84706.95196,0.7143803422
84721.95196,0.7142342352
84736.95196,0.7140881806
84751.95196,0.7139421783
84766.95196,0.7137962283
84781.95196,0.7136503306
84796.95196,0.7135044852
84811.95196,0.713358692
84826.95196,0.713212951
84841.95196,0.7130672623
84856.95196,0.7129216257
84871.95196,0.7127760413
84886.95196,0.712630509
84901.95196,0.7124850288
84916.95196,0.7123396007
84931.95196,0.7121942246
84946.95196,0.7120489007
84961.95196,0.7119036287
84976.95196,0.7117584087
84991.95196,0.7116132407
85006.95196,0.7114681247
85021.95196,0.7113230606
85036.95196,0.7111780484
85051.95196,0.7110330881
85066.95196,0.7108881796
85081.95196,0.710743323
85096.95196,0.7105985182
85111.95196,0.7104537652
85126.95196,0.710309064
85141.95196,0.7101644145
85156.95196,0.7100198168
85171.95196,0.7098752707
85186.95196,0.7097307764
85201.95196,0.7095863337
85216.95196,0.7094419427
85231.95196,0.7092976032
85246.95196,0.7091533154
85261.95196,0.7090090792
85276.95196,0.7088648945
85291.95196,0.7087207613
85306.95196,0.7085766796
85321.95196,0.7084326494
85336.95196,0.7082886707
85351.95196,0.7081447435
85366.95196,0.7080008676
85381.95196,0.7078570431
85396.95196,0.7077132701
85411.95196,0.7075695483
85426.95196,0.7074258779
85441.95196,0.7072822588
85456.95196,0.707138691
85471.95196,0.7069951745
85486.95196,0.7068517092
85501.95196,0.7067082951
85516.95196,0.7065649322
85531.95196,0.7064216205
85546.95196,0.70627836
85561.95196,0.7061351505
85576.95196,0.7059919922
85591.95196,0.705848885
85606.95196,0.7057058288
85621.95196,0.7055628237
85636.95196,0.7054198696
85651.95196,0.7052769665
85666.95196,0.7051341144
85681.95196,0.7049913133
85696.95196,0.704848563
85711.95196,0.7047058637
85726.95196,0.7045632153
85741.95196,0.7044206177
85756.95196,0.704278071
85771.95196,0.7041355751
85786.95196,0.7039931301
85801.95196,0.7038507358
85816.95196,0.7037083922
85831.95196,0.7035660994
85846.95196,0.7034238573
85861.95196,0.7032816659
85876.95196,0.7031395252
85891.95196,0.7029974351
85906.95196,0.7028553957
85921.95196,0.7027134069
85936.95196,0.7025714686
85951.95196,0.7024295809
85966.95196,0.7022877438
85981.95196,0.7021459571
85996.95196,0.702004221
86011.95196,0.7018625353
86026.95196,0.7017209001
86041.95196,0.7015793154
86056.95196,0.701437781
86071.95196,0.701296297
86086.95196,0.7011548634
86101.95196,0.7010134802
86116.95196,0.7008721472
86131.95196,0.7007308646
86146.95196,0.7005896323
86161.95196,0.7004484502
86176.95196,0.7003073183
86191.95196,0.7001662367
86206.95196,0.7000252052
86221.95196,0.699884224
86236.95196,0.6997432928
86251.95196,0.6996024119
86266.95196,0.699461581
86281.95196,0.6993208002
86296.95196,0.6991800694
86311.95196,0.6990393888
86326.95196,0.6988987581
86341.95196,0.6987581774
86356.95196,0.6986176468
86371.95196,0.698477166
86386.95196,0.6983367352
86401.95196,0.6981963544
86416.95196,0.6980560234
86431.95196,0.6979157423
86446.95196,0.697775511
86461.95196,0.6976353296
86476.95196,0.697495198
86491.95196,0.6973551161
86506.95196,0.697215084
86521.95196,0.6970751017
86536.95196,0.6969351691
86551.95196,0.6967952862
86566.95196,0.696655453
86581.95196,0.6965156694
86596.95196,0.6963759355
86611.95196,0.6962362512
86626.95196,0.6960966164
86641.95196,0.6959570313
86656.95196,0.6958174957
86671.95196,0.6956780096
86686.95196,0.6955385731
86701.95196,0.695399186
86716.95196,0.6952598484
86731.95196,0.6951205602
86746.95196,0.6949813215
86761.95196,0.6948421321
86776.95196,0.6947029922
86791.95196,0.6945639016
86806.95196,0.6944248603
86821.95196,0.6942858684
86836.95196,0.6941469258
86851.95196,0.6940080324
86866.95196,0.6938691883
86881.95196,0.6937303934
86896.95196,0.6935916477
86911.95196,0.6934529513
86926.95196,0.693314304
86941.95196,0.6931757058
86956.95196,0.6930371568
86971.95196,0.6928986568
86986.95196,0.692760206
87001.95196,0.6926218042
87016.95196,0.6924834515
87031.95196,0.6923451478
87046.95196,0.6922068931
87061.95196,0.6920686874
87076.95196,0.6919305306
87091.95196,0.6917924228
87106.95196,0.6916543639
87121.95196,0.6915163538
87136.95196,0.6913783927
87151.95196,0.6912404804
87166.95196,0.691102617
87181.95196,0.6909648023
87196.95196,0.6908270365
87211.95196,0.6906893194
87226.95196,0.6905516511
87241.95196,0.6904140315
87256.95196,0.6902764606
87271.95196,0.6901389384
87286.95196,0.6900014648
87301.95196,0.6898640399
87316.95196,0.6897266636
87331.95196,0.689589336
87346.95196,0.6894520569
87361.95196,0.6893148264
87376.95196,0.6891776444
87391.95196,0.6890405109
87406.95196,0.6889034259
87421.95196,0.6887663894
87436.95196,0.6886294014
87451.95196,0.6884924618
87466.95196,0.6883555706
87481.95196,0.6882187279
87496.95196,0.6880819334
87511.95196,0.6879451874
87526.95196,0.6878084897
87541.95196,0.6876718403
87556.95196,0.6875352391
87571.95196,0.6873986863
87586.95196,0.6872621817
87601.95196,0.6871257253
87616.95196,0.6869893172
87631.95196,0.6868529572
87646.95196,0.6867166454
87661.95196,0.6865803817
87676.95196,0.6864441662
87691.95196,0.6863079988
87706.95196,0.6861718794
87721.95196,0.6860358081
87736.95196,0.6858997849
87751.95196,0.6857638097
87766.95196,0.6856278825
87781.95196,0.6854920033
87796.95196,0.685356172
87811.95196,0.6852203887
87826.95196,0.6850846533
87841.95196,0.6849489658
87856.95196,0.6848133261
87871.95196,0.6846777344
87886.95196,0.6845421904
87901.95196,0.6844066943
87916.95196,0.684271246
87931.95196,0.6841358455
87946.95196,0.6840004927
87961.95196,0.6838651876
87976.95196,0.6837299303
87991.95196,0.6835947207
88006.95196,0.6834595587
88021.95196,0.6833244444
88036.95196,0.6831893777
88051.95196,0.6830543587
88066.95196,0.6829193872
88081.95196,0.6827844633
88096.95196,0.6826495869
88111.95196,0.6825147581
88126.95196,0.6823799768
88141.95196,0.682245243
88156.95196,0.6821105567
88171.95196,0.6819759178
88186.95196,0.6818413263
88201.95196,0.6817067823
88216.95196,0.6815722856
88231.95196,0.6814378363
88246.95196,0.6813034344
88261.95196,0.6811690798
88276.95196,0.6810347725
88291.95196,0.6809005124
88306.95196,0.6807662997
88321.95196,0.6806321342
88336.95196,0.6804980159
88351.95196,0.6803639448
88366.95196,0.680229921
88381.95196,0.6800959442
88396.95196,0.6799620147
88411.95196,0.6798281322
88426.95196,0.6796942969
88441.95196,0.6795605086
88456.95196,0.6794267674
88471.95196,0.6792930733
88486.95196,0.6791594262
88501.95196,0.6790258261
88516.95196,0.678892273
88531.95196,0.6787587668
88546.95196,0.6786253076
88561.95196,0.6784918953
88576.95196,0.6783585299
88591.95196,0.6782252114
88606.95196,0.6780919398
88621.95196,0.677958715
88636.95196,0.677825537
88651.95196,0.6776924059
88666.95196,0.6775593215
88681.95196,0.6774262839
88696.95196,0.677293293
88711.95196,0.6771603489
88726.95196,0.6770274514
88741.95196,0.6768946007
88756.95196,0.6767617966
88771.95196,0.6766290392
88786.95196,0.6764963283
88801.95196,0.6763636641
88816.95196,0.6762310465
88831.95196,0.6760984754
88846.95196,0.6759659509
88861.95196,0.6758334729
88876.95196,0.6757010414
88891.95196,0.6755686564
88906.95196,0.6754363179
88921.95196,0.6753040258
88936.95196,0.6751717801
88951.95196,0.6750395809
88966.95196,0.674907428
88981.95196,0.6747753215
88996.95196,0.6746432613
89011.95196,0.6745112475
89026.95196,0.67437928
89041.95196,0.6742473587
89056.95196,0.6741154837
89071.95196,0.673983655
89086.95196,0.6738518725
89101.95196,0.6737201362
89116.95196,0.6735884461
89131.95196,0.6734568022
89146.95196,0.6733252044
89161.95196,0.6731936528
89176.95196,0.6730621472
89191.95196,0.6729306878
89206.95196,0.6727992744
89221.95196,0.672667907
89236.95196,0.6725365857
89251.95196,0.6724053104
89266.95196,0.6722740811
89281.95196,0.6721428978
89296.95196,0.6720117604
89311.95196,0.671880669
89326.95196,0.6717496234
89341.95196,0.6716186238
89356.95196,0.67148767
89371.95196,0.6713567621
89386.95196,0.6712259
89401.95196,0.6710950838
89416.95196,0.6709643133
89431.95196,0.6708335886
89446.95196,0.6707029096
89461.95196,0.6705722764
89476.95196,0.670441689
89491.95196,0.6703111472
89506.95196,0.6701806511
89521.95196,0.6700502006
89536.95196,0.6699197958
89551.95196,0.6697894366
89566.95196,0.669659123
89581.95196,0.669528855
89596.95196,0.6693986325
89611.95196,0.6692684556
89626.95196,0.6691383242
89641.95196,0.6690082384
89656.95196,0.668878198
89671.95196,0.668748203
89686.95196,0.6686182535
89701.95196,0.6684883495
89716.95196,0.6683584908
89731.95196,0.6682286775
89746.95196,0.6680989096
89761.95196,0.667969187
89776.95196,0.6678395098
89791.95196,0.6677098779
89806.95196,0.6675802913
89821.95196,0.6674507499
89836.95196,0.6673212538
89851.95196,0.6671918029
89866.95196,0.6670623972
89881.95196,0.6669330368
89896.95196,0.6668037214
89911.95196,0.6666744513
89926.95196,0.6665452263
89941.95196,0.6664160464
89956.95196,0.6662869116
89971.95196,0.6661578219
89986.95196,0.6660287772
90001.95196,0.6658997776
90016.95196,0.665770823
90031.95196,0.6656419134
90046.95196,0.6655130487
90061.95196,0.6653842291
90076.95196,0.6652554544
90091.95196,0.6651267246
90106.95196,0.6649980397
90121.95196,0.6648693997
90136.95196,0.6647408045
90151.95196,0.6646122542
90166.95196,0.6644837488
90181.95196,0.6643552881
90196.95196,0.6642268723
90211.95196,0.6640985012
90226.95196,0.6639701748
90241.95196,0.6638418932
90256.95196,0.6637136563
90271.95196,0.6635854641
90286.95196,0.6634573166
90301.95196,0.6633292138
90316.95196,0.6632011555
90331.95196,0.6630731419
90346.95196,0.6629451729
90361.95196,0.6628172485
90376.95196,0.6626893686
90391.95196,0.6625615333
90406.95196,0.6624337425
90421.95196,0.6623059962
90436.95196,0.6621782944
90451.95196,0.662050637
90466.95196,0.6619230241
90481.95196,0.6617954557
90496.95196,0.6616679316
90511.95196,0.6615404519
90526.95196,0.6614130166
90541.95196,0.6612856257
90556.95196,0.6611582791
90571.95196,0.6610309768
90586.95196,0.6609037188
90601.95196,0.6607765051
90616.95196,0.6606493356
90631.95196,0.6605222104
90646.95196,0.6603951294
90661.95196,0.6602680926
90676.95196,0.6601411
90691.95196,0.6600141515
90706.95196,0.6598872472
90721.95196,0.659760387
90736.95196,0.659633571
90751.95196,0.659506799
90766.95196,0.6593800711
90781.95196,0.6592533872
90796.95196,0.6591267474
90811.95196,0.6590001516
90826.95196,0.6588735998
90841.95196,0.6587470919
90856.95196,0.6586206281
90871.95196,0.6584942081
90886.95196,0.6583678321
90901.95196,0.6582415
90916.95196,0.6581152117
90931.95196,0.6579889674
90946.95196,0.6578627669
90961.95196,0.6577366102
90976.95196,0.6576104973
90991.95196,0.6574844282
91006.95196,0.6573584029
91021.95196,0.6572324213
91036.95196,0.6571064834
91051.95196,0.6569805893
91066.95196,0.6568547389
91081.95196,0.6567289321
91096.95196,0.6566031691
91111.95196,0.6564774496
91126.95196,0.6563517738
91141.95196,0.6562261416
91156.95196,0.6561005529
91171.95196,0.6559750079
91186.95196,0.6558495064
91201.95196,0.6557240484
91216.95196,0.6555986339
91231.95196,0.6554732629
91246.95196,0.6553479354
91261.95196,0.6552226513
91276.95196,0.6550974107
91291.95196,0.6549722135
91306.95196,0.6548470597
91321.95196,0.6547219493
91336.95196,0.6545968823
91351.95196,0.6544718586
91366.95196,0.6543468782
91381.95196,0.6542219411
91396.95196,0.6540970473
91411.95196,0.6539721968
91426.95196,0.6538473896
91441.95196,0.6537226256
91456.95196,0.6535979048
91471.95196,0.6534732272
91486.95196,0.6533485927
91501.95196,0.6532240015
91516.95196,0.6530994533
91531.95196,0.6529749483
91546.95196,0.6528504865
91561.95196,0.6527260677
91576.95196,0.6526016919
91591.95196,0.6524773592
91606.95196,0.6523530696
91621.95196,0.652228823
91636.95196,0.6521046193
91651.95196,0.6519804587
91666.95196,0.651856341
91681.95196,0.6517322662
91696.95196,0.6516082344
91711.95196,0.6514842455
91726.95196,0.6513602994
91741.95196,0.6512363963
91756.95196,0.6511125359
91771.95196,0.6509887184
91786.95196,0.6508649438
91801.95196,0.6507412119
91816.95196,0.6506175228
91831.95196,0.6504938765
91846.95196,0.6503702729
91861.95196,0.650246712
91876.95196,0.6501231938
91891.95196,0.6499997183
91906.95196,0.6498762855
91921.95196,0.6497528954
91936.95196,0.6496295478
91951.95196,0.6495062429
91966.95196,0.6493829806
91981.95196,0.6492597609
91996.95196,0.6491365837
92011.95196,0.649013449
92026.95196,0.6488903569
92041.95196,0.6487673073
92056.95196,0.6486443002
92071.95196,0.6485213356
92086.95196,0.6483984134
92101.95196,0.6482755336
92116.95196,0.6481526963
92131.95196,0.6480299013
92146.95196,0.6479071488
92161.95196,0.6477844386
92176.95196,0.6476617707
92191.95196,0.6475391452
92206.95196,0.6474165619
92221.95196,0.647294021
92236.95196,0.6471715223
92251.95196,0.6470490659
92266.95196,0.6469266518
92281.95196,0.6468042798
92296.95196,0.6466819501
92311.95196,0.6465596625
92326.95196,0.6464374171
92341.95196,0.6463152138
92356.95196,0.6461930527
92371.95196,0.6460709337
92386.95196,0.6459488568
92401.95196,0.6458268219
92416.95196,0.6457048291
92431.95196,0.6455828784
92446.95196,0.6454609697
92461.95196,0.645339103
92476.95196,0.6452172782
92491.95196,0.6450954955
92506.95196,0.6449737546
92521.95196,0.6448520558
92536.95196,0.6447303988
92551.95196,0.6446087837
92566.95196,0.6444872105
92581.95196,0.6443656792
92596.95196,0.6442441897
92611.95196,0.6441227421
92626.95196,0.6440013362
92641.95196,0.6438799722
92656.95196,0.6437586499
92671.95196,0.6436373694
92686.95196,0.6435161306
92701.95196,0.6433949335
92716.95196,0.6432737781
92731.95196,0.6431526645
92746.95196,0.6430315924
92761.95196,0.6429105621
92776.95196,0.6427895733
92791.95196,0.6426686262
92806.95196,0.6425477207
92821.95196,0.6424268568
92836.95196,0.6423060344
92851.95196,0.6421852536
92866.95196,0.6420645143
92881.95196,0.6419438165
92896.95196,0.6418231601
92911.95196,0.6417025453
92926.95196,0.6415819719
92941.95196,0.64146144
92956.95196,0.6413409495
92971.95196,0.6412205004
92986.95196,0.6411000926
93001.95196,0.6409797263
93016.95196,0.6408594013
93031.95196,0.6407391176
93046.95196,0.6406188752
93061.95196,0.6404986742
93076.95196,0.6403785144
93091.95196,0.6402583959
93106.95196,0.6401383186
93121.95196,0.6400182825
93136.95196,0.6398982877
93151.95196,0.6397783341
93166.95196,0.6396584216
93181.95196,0.6395385503
93196.95196,0.6394187201
93211.95196,0.6392989311
93226.95196,0.6391791832
93241.95196,0.6390594763
93256.95196,0.6389398106
93271.95196,0.6388201858
93286.95196,0.6387006022
93301.95196,0.6385810595
93316.95196,0.6384615578
93331.95196,0.6383420972
93346.95196,0.6382226775
93361.95196,0.6381032987
93376.95196,0.6379839609
93391.95196,0.637864664
93406.95196,0.637745408
93421.95196,0.6376261928
93436.95196,0.6375070186
93451.95196,0.6373878852
93466.95196,0.6372687926
93481.95196,0.6371497408
93496.95196,0.6370307298
93511.95196,0.6369117596
93526.95196,0.6367928302
93541.95196,0.6366739415
93556.95196,0.6365550935
93571.95196,0.6364362862
93586.95196,0.6363175197
93601.95196,0.6361987938
93616.95196,0.6360801085
93631.95196,0.6359614639
93646.95196,0.6358428599
93661.95196,0.6357242966
93676.95196,0.6356057738
93691.95196,0.6354872915
93706.95196,0.6353688499
93721.95196,0.6352504488
93736.95196,0.6351320882
93751.95196,0.6350137681
93766.95196,0.6348954884
93781.95196,0.6347772493
93796.95196,0.6346590506
93811.95196,0.6345408923
93826.95196,0.6344227745
93841.95196,0.634304697
93856.95196,0.63418666
93871.95196,0.6340686633
93886.95196,0.6339507069
93901.95196,0.6338327909
93916.95196,0.6337149152
93931.95196,0.6335970798
93946.95196,0.6334792847
93961.95196,0.6333615298
93976.95196,0.6332438152
93991.95196,0.6331261408
94006.95196,0.6330085066
94021.95196,0.6328909126
94036.95196,0.6327733588
94051.95196,0.6326558452
94066.95196,0.6325383717
94081.95196,0.6324209384
94096.95196,0.6323035451
94111.95196,0.6321861919
94126.95196,0.6320688789
94141.95196,0.6319516058
94156.95196,0.6318343729
94171.95196,0.6317171799
94186.95196,0.631600027
94201.95196,0.631482914
94216.95196,0.631365841
94231.95196,0.631248808
94246.95196,0.6311318149
94261.95196,0.6310148618
94276.95196,0.6308979486
94291.95196,0.6307810752
94306.95196,0.6306642417
94321.95196,0.6305474481
94336.95196,0.6304306943
94351.95196,0.6303139804
94366.95196,0.6301973062
94381.95196,0.6300806719
94396.95196,0.6299640773
94411.95196,0.6298475225
94426.95196,0.6297310074
94441.95196,0.629614532
94456.95196,0.6294980964
94471.95196,0.6293817004
94486.95196,0.6292653441
94501.95196,0.6291490275
94516.95196,0.6290327505
94531.95196,0.6289165131
94546.95196,0.6288003154
94561.95196,0.6286841572
94576.95196,0.6285680386
94591.95196,0.6284519595
94606.95196,0.62833592
94621.95196,0.62821992
94636.95196,0.6281039596
94651.95196,0.6279880386
94666.95196,0.6278721571
94681.95196,0.627756315
94696.95196,0.6276405124
94711.95196,0.6275247492
94726.95196,0.6274090254
94741.95196,0.627293341
94756.95196,0.627177696
94771.95196,0.6270620903
94786.95196,0.626946524
94801.95196,0.6268309969
94816.95196,0.6267155092
94831.95196,0.6266000608
94846.95196,0.6264846517
94861.95196,0.6263692818
94876.95196,0.6262539512
94891.95196,0.6261386598
94906.95196,0.6260234076
94921.95196,0.6259081945
94936.95196,0.6257930207
94951.95196,0.625677886
94966.95196,0.6255627905
94981.95196,0.6254477341
94996.95196,0.6253327168
95011.95196,0.6252177385
95026.95196,0.6251027994
95041.95196,0.6249878993
95056.95196,0.6248730383
95071.95196,0.6247582163
95086.95196,0.6246434333
95101.95196,0.6245286893
95116.95196,0.6244139842
95131.95196,0.6242993182
95146.95196,0.624184691
95161.95196,0.6240701028
95176.95196,0.6239555535
95191.95196,0.6238410432
95206.95196,0.6237265716
95221.95196,0.623612139
95236.95196,0.6234977452
95251.95196,0.6233833902
95266.95196,0.6232690741
95281.95196,0.6231547967
95296.95196,0.6230405581
95311.95196,0.6229263583
95326.95196,0.6228121972
95341.95196,0.6226980749
95356.95196,0.6225839912
95371.95196,0.6224699463
95386.95196,0.6223559401
95401.95196,0.6222419725
95416.95196,0.6221280436
95431.95196,0.6220141533
95446.95196,0.6219003016
95461.95196,0.6217864885
95476.95196,0.6216727141
95491.95196,0.6215589781
95506.95196,0.6214452808
95521.95196,0.6213316219
95536.95196,0.6212180016
95551.95196,0.6211044198
95566.95196,0.6209908765
95581.95196,0.6208773717
95596.95196,0.6207639053
95611.95196,0.6206504773
95626.95196,0.6205370878
95641.95196,0.6204237367
95656.95196,0.620310424
95671.95196,0.6201971496
95686.95196,0.6200839136
95701.95196,0.619970716
95716.95196,0.6198575567
95731.95196,0.6197444356
95746.95196,0.6196313529
95761.95196,0.6195183085
95776.95196,0.6194053023
95791.95196,0.6192923344
95806.95196,0.6191794047
95821.95196,0.6190665132
95836.95196,0.6189536599
95851.95196,0.6188408448
95866.95196,0.6187280679
95881.95196,0.6186153291
95896.95196,0.6185026284
95911.95196,0.6183899659
95926.95196,0.6182773414
95941.95196,0.6181647551
95956.95196,0.6180522068
95971.95196,0.6179396966
95986.95196,0.6178272244
96001.95196,0.6177147902
96016.95196,0.617602394
96031.95196,0.6174900359
96046.95196,0.6173777157
96061.95196,0.6172654334
96076.95196,0.6171531891
96091.95196,0.6170409828
96106.95196,0.6169288143
96121.95196,0.6168166837
96136.95196,0.616704591
96151.95196,0.6165925362
96166.95196,0.6164805192
96181.95196,0.6163685401
96196.95196,0.6162565987
96211.95196,0.6161446952
96226.95196,0.6160328294
96241.95196,0.6159210015
96256.95196,0.6158092112
96271.95196,0.6156974587
96286.95196,0.6155857439
96301.95196,0.6154740669
96316.95196,0.6153624275
96331.95196,0.6152508258
96346.95196,0.6151392617
96361.95196,0.6150277353
96376.95196,0.6149162465
96391.95196,0.6148047953
96406.95196,0.6146933817
96421.95196,0.6145820057
96436.95196,0.6144706672
96451.95196,0.6143593663
96466.95196,0.614248103
96481.95196,0.6141368771
96496.95196,0.6140256887
96511.95196,0.6139145379
96526.95196,0.6138034244
96541.95196,0.6136923485
96556.95196,0.61358131
96571.95196,0.6134703089
96586.95196,0.6133593452
96601.95196,0.6132484188
96616.95196,0.6131375299
96631.95196,0.6130266783
96646.95196,0.6129158641
96661.95196,0.6128050872
96676.95196,0.6126943476
96691.95196,0.6125836453
96706.95196,0.6124729802
96721.95196,0.6123623525
96736.95196,0.612251762
96751.95196,0.6121412087
96766.95196,0.6120306926
96781.95196,0.6119202137
96796.95196,0.6118097721
96811.95196,0.6116993675
96826.95196,0.6115890002
96841.95196,0.61147867
96856.95196,0.6113683769
96871.95196,0.6112581209
96886.95196,0.611147902
96901.95196,0.6110377202
96916.95196,0.6109275754
96931.95196,0.6108174677
96946.95196,0.610707397
96961.95196,0.6105973634
96976.95196,0.6104873667
96991.95196,0.610377407
97006.95196,0.6102674843
97021.95196,0.6101575986
97036.95196,0.6100477497
97051.95196,0.6099379378
97066.95196,0.6098281628
97081.95196,0.6097184247
97096.95196,0.6096087235
97111.95196,0.6094990591
97126.95196,0.6093894316
97141.95196,0.6092798409
97156.95196,0.609170287
97171.95196,0.6090607699
97186.95196,0.6089512896
97201.95196,0.6088418461
97216.95196,0.6087324393
97231.95196,0.6086230693
97246.95196,0.608513736
97261.95196,0.6084044393
97276.95196,0.6082951794
97291.95196,0.6081859562
97306.95196,0.6080767696
97321.95196,0.6079676196
97336.95196,0.6078585063
97351.95196,0.6077494296
97366.95196,0.6076403895
97381.95196,0.607531386
97396.95196,0.607422419
97411.95196,0.6073134886
97426.95196,0.6072045948
97441.95196,0.6070957374
97456.95196,0.6069869166
97471.95196,0.6068781322
97486.95196,0.6067693844
97501.95196,0.606660673
97516.95196,0.606551998
97531.95196,0.6064433595
97546.95196,0.6063347574
97561.95196,0.6062261917
97576.95196,0.6061176623
97591.95196,0.6060091694
97606.95196,0.6059007128
97621.95196,0.6057922925
97636.95196,0.6056839086
97651.95196,0.6055755609
97666.95196,0.6054672496
97681.95196,0.6053589745
97696.95196,0.6052507357
97711.95196,0.6051425332
97726.95196,0.6050343669
97741.95196,0.6049262368
97756.95196,0.6048181429
97771.95196,0.6047100852
97786.95196,0.6046020637
97801.95196,0.6044940783
97816.95196,0.604386129
97831.95196,0.6042782159
97846.95196,0.6041703389
97861.95196,0.604062498
97876.95196,0.6039546932
97891.95196,0.6038469245
97906.95196,0.6037391918
97921.95196,0.6036314951
97936.95196,0.6035238345
97951.95196,0.6034162099
97966.95196,0.6033086212
97981.95196,0.6032010686
97996.95196,0.6030935519
98011.95196,0.6029860711
98026.95196,0.6028786263
98041.95196,0.6027712174
98056.95196,0.6026638444
98071.95196,0.6025565073
98086.95196,0.602449206
98101.95196,0.6023419406
98116.95196,0.6022347111
98131.95196,0.6021275174
98146.95196,0.6020203595
98161.95196,0.6019132374
98176.95196,0.601806151
98191.95196,0.6016991005
98206.95196,0.6015920857
98221.95196,0.6014851066
98236.95196,0.6013781632
98251.95196,0.6012712556
98266.95196,0.6011643836
98281.95196,0.6010575474
98296.95196,0.6009507468
98311.95196,0.6008439818
98326.95196,0.6007372525
98341.95196,0.6006305588
98356.95196,0.6005239007
98371.95196,0.6004172781
98386.95196,0.6003106912
98401.95196,0.6002041398
98416.95196,0.600097624
98431.95196,0.5999911437
98446.95196,0.5998846989
98461.95196,0.5997782896
98476.95196,0.5996719157
98491.95196,0.5995655774
98506.95196,0.5994592745
98521.95196,0.5993530071
98536.95196,0.599246775
98551.95196,0.5991405784
98566.95196,0.5990344172
98581.95196,0.5989282914
98596.95196,0.5988222009
98611.95196,0.5987161458
98626.95196,0.598610126
98641.95196,0.5985041415
98656.95196,0.5983981924
98671.95196,0.5982922785
98686.95196,0.5981864
98701.95196,0.5980805566
98716.95196,0.5979747486
98731.95196,0.5978689757
98746.95196,0.5977632381
98761.95196,0.5976575357
98776.95196,0.5975518685
98791.95196,0.5974462365
98806.95196,0.5973406396
98821.95196,0.5972350778
98836.95196,0.5971295512
98851.95196,0.5970240597
98866.95196,0.5969186034
98881.95196,0.5968131821
98896.95196,0.5967077958
98911.95196,0.5966024447
98926.95196,0.5964971285
98941.95196,0.5963918475
98956.95196,0.5962866014
98971.95196,0.5961813903
98986.95196,0.5960762142
99001.95196,0.5959710731
99016.95196,0.5958659669
99031.95196,0.5957608957
99046.95196,0.5956558594
99061.95196,0.595550858
99076.95196,0.5954458915
99091.95196,0.5953409599
99106.95196,0.5952360632
99121.95196,0.5951312013
99136.95196,0.5950263743
99151.95196,0.5949215821
99166.95196,0.5948168247
99181.95196,0.5947121021
99196.95196,0.5946074142
99211.95196,0.5945027612
99226.95196,0.5943981429
99241.95196,0.5942935593
99256.95196,0.5941890105
99271.95196,0.5940844963
99286.95196,0.5939800169
99301.95196,0.5938755722
99316.95196,0.5937711621
99331.95196,0.5936667866
99346.95196,0.5935624458
99361.95196,0.5934581397
99376.95196,0.5933538681
99391.95196,0.5932496311
99406.95196,0.5931454288
99421.95196,0.5930412609
99436.95196,0.5929371277
99451.95196,0.5928330289
99466.95196,0.5927289647
99481.95196,0.592624935
99496.95196,0.5925209398
99511.95196,0.5924169791
99526.95196,0.5923130528
99541.95196,0.592209161
99556.95196,0.5921053036
99571.95196,0.5920014807
99586.95196,0.5918976921
99601.95196,0.591793938
99616.95196,0.5916902182
99631.95196,0.5915865328
99646.95196,0.5914828818
99661.95196,0.5913792651
99676.95196,0.5912756827
99691.95196,0.5911721346
99706.95196,0.5910686208
99721.95196,0.5909651413
99736.95196,0.590861696
99751.95196,0.590758285
99766.95196,0.5906549083
99781.95196,0.5905515657
99796.95196,0.5904482574
99811.95196,0.5903449833
99826.95196,0.5902417433
99841.95196,0.5901385375
99856.95196,0.5900353659
99871.95196,0.5899322284
99886.95196,0.589829125
99901.95196,0.5897260558
99916.95196,0.5896230206
99931.95196,0.5895200195
99946.95196,0.5894170525
99961.95196,0.5893141195
99976.95196,0.5892112206
99991.95196,0.5891083557
100006.952,0.5890055248
100021.952,0.5889027279
100036.952,0.588799965
100051.952,0.588697236
100066.952,0.588594541
100081.952,0.58849188
100096.952,0.5883892529
100111.952,0.5882866596
100126.952,0.5881841003
100141.952,0.5880815749
100156.952,0.5879790833
100171.952,0.5878766256
100186.952,0.5877742017
100201.952,0.5876718117
100216.952,0.5875694555
100231.952,0.5874671331
100246.952,0.5873648444
100261.952,0.5872625895
100276.952,0.5871603684
100291.952,0.5870581811
100306.952,0.5869560274
100321.952,0.5868539075
100336.952,0.5867518213
100351.952,0.5866497687
100366.952,0.5865477499
100381.952,0.5864457647
100396.952,0.5863438131
100411.952,0.5862418952
100426.952,0.5861400109
100441.952,0.5860381602
100456.952,0.585936343
100471.952,0.5858345595
100486.952,0.5857328095
100501.952,0.5856310931
100516.952,0.5855294102
100531.952,0.5854277608
100546.952,0.585326145
100561.952,0.5852245626
100576.952,0.5851230137
100591.952,0.5850214983
100606.952,0.5849200163
100621.952,0.5848185677
100636.952,0.5847171526
100651.952,0.5846157709
100666.952,0.5845144226
100681.952,0.5844131076
100696.952,0.5843118261
100711.952,0.5842105779
100726.952,0.584109363
100741.952,0.5840081815
100756.952,0.5839070332
100771.952,0.5838059183
100786.952,0.5837048366
100801.952,0.5836037883
100816.952,0.5835027731
100831.952,0.5834017913
100846.952,0.5833008426
100861.952,0.5831999272
100876.952,0.583099045
100891.952,0.5829981959
100906.952,0.5828973801
100921.952,0.5827965974
100936.952,0.5826958478
100951.952,0.5825951314
100966.952,0.5824944481
100981.952,0.5823937979
100996.952,0.5822931808
101011.952,0.5821925968
101026.952,0.5820920458
101041.952,0.5819915279
101056.952,0.5818910431
101071.952,0.5817905912
101086.952,0.5816901724
101101.952,0.5815897865
101116.952,0.5814894337
101131.952,0.5813891138
101146.952,0.5812888269
101161.952,0.5811885729
101176.952,0.5810883519
101191.952,0.5809881637
101206.952,0.5808880085
101221.952,0.5807878861
101236.952,0.5806877967
101251.952,0.5805877401
101266.952,0.5804877163
101281.952,0.5803877254
101296.952,0.5802877673
101311.952,0.5801878419
101326.952,0.5800879494
101341.952,0.5799880897
101356.952,0.5798882627
101371.952,0.5797884685
101386.952,0.5796887071
101401.952,0.5795889783
101416.952,0.5794892823
101431.952,0.5793896189
101446.952,0.5792899883
101461.952,0.5791903903
101476.952,0.579090825
101491.952,0.5789912923
101506.952,0.5788917923
101521.952,0.5787923248
101536.952,0.57869289
101551.952,0.5785934878
101566.952,0.5784941181
101581.952,0.578394781
101596.952,0.5782954765
101611.952,0.5781962045
101626.952,0.578096965
101641.952,0.577997758
101656.952,0.5778985835
101671.952,0.5777994415
101686.952,0.577700332
101701.952,0.5776012549
101716.952,0.5775022103
101731.952,0.5774031981
101746.952,0.5773042183
101761.952,0.577205271
101776.952,0.577106356
101791.952,0.5770074734
101806.952,0.5769086231
101821.952,0.5768098052
101836.952,0.5767110196
101851.952,0.5766122664
101866.952,0.5765135455
101881.952,0.5764148568
101896.952,0.5763162005
101911.952,0.5762175764
101926.952,0.5761189846
101941.952,0.576020425
101956.952,0.5759218976
101971.952,0.5758234025
101986.952,0.5757249395
102001.952,0.5756265088
102016.952,0.5755281102
102031.952,0.5754297438
102046.952,0.5753314096
102061.952,0.5752331074
102076.952,0.5751348374
102091.952,0.5750365995
102106.952,0.5749383937
102121.952,0.57484022
102136.952,0.5747420784
102151.952,0.5746439688
102166.952,0.5745458913
102181.952,0.5744478458
102196.952,0.5743498323
102211.952,0.5742518508
102226.952,0.5741539013
102241.952,0.5740559838
102256.952,0.5739580982
102271.952,0.5738602446
102286.952,0.573762423
102301.952,0.5736646332
102316.952,0.5735668754
102331.952,0.5734691495
102346.952,0.5733714554
102361.952,0.5732737933
102376.952,0.573176163
102391.952,0.5730785645
102406.952,0.5729809979
102421.952,0.5728834631
102436.952,0.5727859601
102451.952,0.5726884889
102466.952,0.5725910494
102481.952,0.5724936418
102496.952,0.5723962659
102511.952,0.5722989217
102526.952,0.5722016093
102541.952,0.5721043286
102556.952,0.5720070796
102571.952,0.5719098622
102586.952,0.5718126766
102601.952,0.5717155226
102616.952,0.5716184003
102631.952,0.5715213096
102646.952,0.5714242505
102661.952,0.5713272231
102676.952,0.5712302272
102691.952,0.5711332629
102706.952,0.5710363302
102721.952,0.5709394291
102736.952,0.5708425595
102751.952,0.5707457214
102766.952,0.5706489149
102781.952,0.5705521398
102796.952,0.5704553963
102811.952,0.5703586842
102826.952,0.5702620036
102841.952,0.5701653545
102856.952,0.5700687368
102871.952,0.5699721505
102886.952,0.5698755957
102901.952,0.5697790722
102916.952,0.5696825802
102931.952,0.5695861195
102946.952,0.5694896902
102961.952,0.5693932922
102976.952,0.5692969256
102991.952,0.5692005903
103006.952,0.5691042864
103021.952,0.5690080137
103036.952,0.5689117723
103051.952,0.5688155622
103066.952,0.5687193833
103081.952,0.5686232357
103096.952,0.5685271194
103111.952,0.5684310342
103126.952,0.5683349803
103141.952,0.5682389576
103156.952,0.568142966
103171.952,0.5680470057
103186.952,0.5679510765
103201.952,0.5678551784
103216.952,0.5677593115
103231.952,0.5676634756
103246.952,0.5675676709
103261.952,0.5674718973
103276.952,0.5673761548
103291.952,0.5672804434
103306.952,0.567184763
103321.952,0.5670891136
103336.952,0.5669934953
103351.952,0.566897908
103366.952,0.5668023517
103381.952,0.5667068264
103396.952,0.5666113321
103411.952,0.5665158687
103426.952,0.5664204363
103441.952,0.5663250349
103456.952,0.5662296644
103471.952,0.5661343248
103486.952,0.5660390161
103501.952,0.5659437383
103516.952,0.5658484914
103531.952,0.5657532753
103546.952,0.5656580901
103561.952,0.5655629357
103576.952,0.5654678122
103591.952,0.5653727195
103606.952,0.5652776576
103621.952,0.5651826264
103636.952,0.5650876261
103651.952,0.5649926565
103666.952,0.5648977177
103681.952,0.5648028096
103696.952,0.5647079323
103711.952,0.5646130856
103726.952,0.5645182697
103741.952,0.5644234844
103756.952,0.5643287299
103771.952,0.564234006
103786.952,0.5641393127
103801.952,0.5640446501
103816.952,0.5639500181
103831.952,0.5638554167
103846.952,0.563760846
103861.952,0.5636663058
103876.952,0.5635717962
103891.952,0.5634773171
103906.952,0.5633828687
103921.952,0.5632884507
103936.952,0.5631940633
103951.952,0.5630997064
103966.952,0.56300538
103981.952,0.5629110841
103996.952,0.5628168187
104011.952,0.5627225837
104026.952,0.5626283792
104041.952,0.5625342051
104056.952,0.5624400614
104071.952,0.5623459482
104086.952,0.5622518654
104101.952,0.5621578129
104116.952,0.5620637909
104131.952,0.5619697992
104146.952,0.5618758378
104161.952,0.5617819068
104176.952,0.5616880061
104191.952,0.5615941358
104206.952,0.5615002957
104221.952,0.5614064859
104236.952,0.5613127064
104251.952,0.5612189572
104266.952,0.5611252382
104281.952,0.5610315495
104296.952,0.560937891
104311.952,0.5608442627
104326.952,0.5607506646
104341.952,0.5606570967
104356.952,0.560563559
104371.952,0.5604700515
104386.952,0.5603765741
104401.952,0.5602831268
104416.952,0.5601897097
104431.952,0.5600963227
104446.952,0.5600029658
104461.952,0.559909639
104476.952,0.5598163423
104491.952,0.5597230756
104506.952,0.559629839
104521.952,0.5595366325
104536.952,0.5594434559
104551.952,0.5593503094
104566.952,0.5592571929
104581.952,0.5591641064
104596.952,0.5590710499
104611.952,0.5589780233
104626.952,0.5588850267
104641.952,0.5587920601
104656.952,0.5586991234
104671.952,0.5586062166
104686.952,0.5585133397
104701.952,0.5584204927
104716.952,0.5583276756
104731.952,0.5582348884
104746.952,0.558142131
104761.952,0.5580494035
104776.952,0.5579567058
104791.952,0.5578640379
104806.952,0.5577713999
104821.952,0.5576787916
104836.952,0.5575862132
104851.952,0.5574936645
104866.952,0.5574011455
104881.952,0.5573086563
104896.952,0.5572161969
104911.952,0.5571237672
104926.952,0.5570313672
104941.952,0.5569389969
104956.952,0.5568466563
104971.952,0.5567543454
104986.952,0.5566620641
105001.952,0.5565698125
105016.952,0.5564775905
105031.952,0.5563853982
105046.952,0.5562932354
105061.952,0.5562011023
105076.952,0.5561089988
105091.952,0.5560169248
105106.952,0.5559248805
105121.952,0.5558328656
105136.952,0.5557408804
105151.952,0.5556489246
105166.952,0.5555569984
105181.952,0.5554651017
105196.952,0.5553732345
105211.952,0.5552813967
105226.952,0.5551895885
105241.952,0.5550978097
105256.952,0.5550060603
105271.952,0.5549143404
105286.952,0.5548226499
105301.952,0.5547309889
105316.952,0.5546393572
105331.952,0.5545477549
105346.952,0.554456182
105361.952,0.5543646384
105376.952,0.5542731242
105391.952,0.5541816394
105406.952,0.5540901839
105421.952,0.5539987577
105436.952,0.5539073607
105451.952,0.5538159931
105466.952,0.5537246548
105481.952,0.5536333457
105496.952,0.5535420659
105511.952,0.5534508154
105526.952,0.5533595941
105541.952,0.553268402
105556.952,0.5531772391
105571.952,0.5530861054
105586.952,0.5529950008
105601.952,0.5529039255
105616.952,0.5528128793
105631.952,0.5527218623
105646.952,0.5526308744
105661.952,0.5525399157
105676.952,0.552448986
105691.952,0.5523580855
105706.952,0.552267214
105721.952,0.5521763716
105736.952,0.5520855583
105751.952,0.5519947741
105766.952,0.5519040189
105781.952,0.5518132927
105796.952,0.5517225955
105811.952,0.5516319274
105826.952,0.5515412882
105841.952,0.551450678
105856.952,0.5513600968
105871.952,0.5512695446
105886.952,0.5511790213
105901.952,0.551088527
105916.952,0.5509980615
105931.952,0.550907625
105946.952,0.5508172174
105961.952,0.5507268387
105976.952,0.5506364888
105991.952,0.5505461679
106006.952,0.5504558757
106021.952,0.5503656125
106036.952,0.550275378
106051.952,0.5501851724
106066.952,0.5500949956
106081.952,0.5500048476
106096.952,0.5499147283
106111.952,0.5498246378
106126.952,0.5497345761
106141.952,0.5496445432
106156.952,0.549554539
106171.952,0.5494645635
106186.952,0.5493746167
106201.952,0.5492846986
106216.952,0.5491948092
106231.952,0.5491049485
106246.952,0.5490151165
106261.952,0.5489253131
106276.952,0.5488355384
106291.952,0.5487457923
106306.952,0.5486560748
106321.952,0.5485663859
106336.952,0.5484767257
106351.952,0.548387094
106366.952,0.5482974908
106381.952,0.5482079163
106396.952,0.5481183703
106411.952,0.5480288528
106426.952,0.5479393639
106441.952,0.5478499035
106456.952,0.5477604716
106471.952,0.5476710682
106486.952,0.5475816932
106501.952,0.5474923468
106516.952,0.5474030288
106531.952,0.5473137392
106546.952,0.5472244781
106561.952,0.5471352454
106576.952,0.5470460411
106591.952,0.5469568652
106606.952,0.5468677177
106621.952,0.5467785986
106636.952,0.5466895079
106651.952,0.5466004455
106666.952,0.5465114114
106681.952,0.5464224057
106696.952,0.5463334283
106711.952,0.5462444792
106726.952,0.5461555584
106741.952,0.5460666659
106756.952,0.5459778017
106771.952,0.5458889657
106786.952,0.545800158
106801.952,0.5457113785
106816.952,0.5456226273
106831.952,0.5455339043
106846.952,0.5454452094
106861.952,0.5453565428
106876.952,0.5452679044
106891.952,0.5451792941
106906.952,0.545090712
106921.952,0.545002158
106936.952,0.5449136322
106951.952,0.5448251345
106966.952,0.5447366649
106981.952,0.5446482234
106996.952,0.54455981
107011.952,0.5444714247
107026.952,0.5443830675
107041.952,0.5442947383
107056.952,0.5442064371
107071.952,0.544118164
107086.952,0.544029919
107101.952,0.5439417019
107116.952,0.5438535128
107131.952,0.5437653517
107146.952,0.5436772186
107161.952,0.5435891135
107176.952,0.5435010363
107191.952,0.5434129871
107206.952,0.5433249658
107221.952,0.5432369724
107236.952,0.543149007
107251.952,0.5430610694
107266.952,0.5429731597
107281.952,0.5428852779
107296.952,0.542797424
107311.952,0.5427095979
107326.952,0.5426217996
107341.952,0.5425340292
107356.952,0.5424462866
107371.952,0.5423585718
107386.952,0.5422708849
107401.952,0.5421832257
107416.952,0.5420955942
107431.952,0.5420079906
107446.952,0.5419204147
107461.952,0.5418328665
107476.952,0.5417453461
107491.952,0.5416578533
107506.952,0.5415703883
107521.952,0.541482951
107536.952,0.5413955414
107551.952,0.5413081594
107566.952,0.5412208051
107581.952,0.5411334785
107596.952,0.5410461795
107611.952,0.5409589081
107626.952,0.5408716644
107641.952,0.5407844482
107656.952,0.5406972597
107671.952,0.5406100987
107686.952,0.5405229653
107701.952,0.5404358595
107716.952,0.5403487812
107731.952,0.5402617305
107746.952,0.5401747073
107761.952,0.5400877116
107776.952,0.5400007434
107791.952,0.5399138027
107806.952,0.5398268895
107821.952,0.5397400038
107836.952,0.5396531455
107851.952,0.5395663147
107866.952,0.5394795113
107881.952,0.5393927354
107896.952,0.5393059868
107911.952,0.5392192657
107926.952,0.539132572
107941.952,0.5390459056
107956.952,0.5389592667
107971.952,0.5388726551
107986.952,0.5387860708
108001.952,0.5386995139
108016.952,0.5386129843
108031.952,0.538526482
108046.952,0.5384400071
108061.952,0.5383535594
108076.952,0.5382671391
108091.952,0.5381807459
108106.952,0.5380943801
108121.952,0.5380080415
108136.952,0.5379217302
108151.952,0.5378354461
108166.952,0.5377491892
108181.952,0.5376629595
108196.952,0.537576757
108211.952,0.5374905817
108226.952,0.5374044336
108241.952,0.5373183126
108256.952,0.5372322188
108271.952,0.5371461521
108286.952,0.5370601126
108301.952,0.5369741002
108316.952,0.5368881149
108331.952,0.5368021566
108346.952,0.5367162255
108361.952,0.5366303215
108376.952,0.5365444445
108391.952,0.5364585946
108406.952,0.5363727717
108421.952,0.5362869759
108436.952,0.536201207
108451.952,0.5361154652
108466.952,0.5360297504
108481.952,0.5359440626
108496.952,0.5358584018
108511.952,0.5357727679
108526.952,0.535687161
108541.952,0.535601581
108556.952,0.535516028
108571.952,0.5354305019
108586.952,0.5353450027
108601.952,0.5352595304
108616.952,0.535174085
108631.952,0.5350886665
108646.952,0.5350032748
108661.952,0.53491791
108676.952,0.5348325721
108691.952,0.534747261
108706.952,0.5346619767
108721.952,0.5345767193
108736.952,0.5344914886
108751.952,0.5344062847
108766.952,0.5343211077
108781.952,0.5342359574
108796.952,0.5341508338
108811.952,0.534065737
108826.952,0.533980667
108841.952,0.5338956237
108856.952,0.5338106071
108871.952,0.5337256172
108886.952,0.533640654
108901.952,0.5335557175
108916.952,0.5334708077
108931.952,0.5333859245
108946.952,0.533301068
108961.952,0.5332162381
108976.952,0.5331314349
108991.952,0.5330466583
109006.952,0.5329619083
109021.952,0.5328771849
109036.952,0.5327924881
109051.952,0.5327078179
109066.952,0.5326231742
109081.952,0.5325385571
109096.952,0.5324539666
109111.952,0.5323694026
109126.952,0.5322848651
109141.952,0.5322003541
109156.952,0.5321158697
109171.952,0.5320314117
109186.952,0.5319469802
109201.952,0.5318625752
109216.952,0.5317781966
109231.952,0.5316938446
109246.952,0.5316095189
109261.952,0.5315252197
109276.952,0.5314409469
109291.952,0.5313567005
109306.952,0.5312724805
109321.952,0.5311882869
109336.952,0.5311041196
109351.952,0.5310199788
109366.952,0.5309358643
109381.952,0.5308517761
109396.952,0.5307677143
109411.952,0.5306836788
109426.952,0.5305996696
109441.952,0.5305156867
109456.952,0.5304317301
109471.952,0.5303477998
109486.952,0.5302638958
109501.952,0.530180018
109516.952,0.5300961665
109531.952,0.5300123412
109546.952,0.5299285421
109561.952,0.5298447693
109576.952,0.5297610227
109591.952,0.5296773022
109606.952,0.529593608
109621.952,0.5295099399
109636.952,0.529426298
109651.952,0.5293426823
109666.952,0.5292590927
109681.952,0.5291755292
109696.952,0.5290919919
109711.952,0.5290084807
109726.952,0.5289249955
109741.952,0.5288415365
109756.952,0.5287581036
109771.952,0.5286746967
109786.952,0.5285913159
109801.952,0.5285079611
109816.952,0.5284246324
109831.952,0.5283413297
109846.952,0.5282580531
109861.952,0.5281748024
109876.952,0.5280915777
109891.952,0.5280083791
109906.952,0.5279252064
109921.952,0.5278420597
109936.952,0.5277589389
109951.952,0.5276758441
109966.952,0.5275927752
109981.952,0.5275097322
109996.952,0.5274267152
110011.952,0.5273437241
110026.952,0.5272607588
110041.952,0.5271778195
110056.952,0.527094906
110071.952,0.5270120184
110086.952,0.5269291566
110101.952,0.5268463207
110116.952,0.5267635106
110131.952,0.5266807263
110146.952,0.5265979679
110161.952,0.5265152352
110176.952,0.5264325284
110191.952,0.5263498473
110206.952,0.526267192
110221.952,0.5261845624
110236.952,0.5261019586
110251.952,0.5260193806
110266.952,0.5259368283
110281.952,0.5258543017
110296.952,0.5257718008
110311.952,0.5256893256
110326.952,0.525606876
110341.952,0.5255244522
110356.952,0.525442054
110371.952,0.5253596815
110386.952,0.5252773347
110401.952,0.5251950135
110416.952,0.5251127179
110431.952,0.5250304479
110446.952,0.5249482035
110461.952,0.5248659847
110476.952,0.5247837915
110491.952,0.5247016239
110506.952,0.5246194819
110521.952,0.5245373654
110536.952,0.5244552744
110551.952,0.524373209
110566.952,0.5242911691
110581.952,0.5242091547
110596.952,0.5241271659
110611.952,0.5240452025
110626.952,0.5239632646
110641.952,0.5238813522
110656.952,0.5237994652
110671.952,0.5237176037
110686.952,0.5236357677
110701.952,0.523553957
110716.952,0.5234721718
110731.952,0.523390412
110746.952,0.5233086776
110761.952,0.5232269686
110776.952,0.523145285
110791.952,0.5230636268
110806.952,0.5229819939
110821.952,0.5229003864
110836.952,0.5228188042
110851.952,0.5227372473
110866.952,0.5226557158
110881.952,0.5225742095
110896.952,0.5224927286
110911.952,0.522411273
110926.952,0.5223298426
110941.952,0.5222484375
110956.952,0.5221670577
110971.952,0.5220857031
110986.952,0.5220043738
111001.952,0.5219230697
111016.952,0.5218417908
111031.952,0.5217605371
111046.952,0.5216793087
111061.952,0.5215981054
111076.952,0.5215169273
111091.952,0.5214357744
111106.952,0.5213546466
111121.952,0.521273544
111136.952,0.5211924665
111151.952,0.5211114141
111166.952,0.5210303869
111181.952,0.5209493848
111196.952,0.5208684078
111211.952,0.5207874558
111226.952,0.520706529
111241.952,0.5206256272
111256.952,0.5205447505
111271.952,0.5204638988
111286.952,0.5203830722
111301.952,0.5203022706
111316.952,0.520221494
111331.952,0.5201407424
111346.952,0.5200600158
111361.952,0.5199793142
111376.952,0.5198986376
111391.952,0.519817986
111406.952,0.5197373593
111421.952,0.5196567576
111436.952,0.5195761808
111451.952,0.519495629
111466.952,0.519415102
111481.952,0.5193346
111496.952,0.5192541229
111511.952,0.5191736706
111526.952,0.5190932433
111541.952,0.5190128408
111556.952,0.5189324632
111571.952,0.5188521104
111586.952,0.5187717825
111601.952,0.5186914794
111616.952,0.5186112011
111631.952,0.5185309476
111646.952,0.518450719
111661.952,0.5183705151
111676.952,0.518290336
111691.952,0.5182101817
111706.952,0.5181300521
111721.952,0.5180499473
111736.952,0.5179698672
111751.952,0.5178898119
111766.952,0.5178097813
111781.952,0.5177297754
111796.952,0.5176497942
111811.952,0.5175698377
111826.952,0.5174899059
111841.952,0.5174099987
111856.952,0.5173301163
111871.952,0.5172502584
111886.952,0.5171704253
111901.952,0.5170906167
111916.952,0.5170108328
111931.952,0.5169310735
111946.952,0.5168513388
111961.952,0.5167716286
111976.952,0.5166919431
111991.952,0.5166122822
112006.952,0.5165326458
112021.952,0.5164530339
112036.952,0.5163734467
112051.952,0.5162938839
112066.952,0.5162143457
112081.952,0.516134832
112096.952,0.5160553428
112111.952,0.5159758781
112126.952,0.5158964379
112141.952,0.5158170221
112156.952,0.5157376309
112171.952,0.5156582641
112186.952,0.5155789217
112201.952,0.5154996038
112216.952,0.5154203103
112231.952,0.5153410412
112246.952,0.5152617965
112261.952,0.5151825763
112276.952,0.5151033804
112291.952,0.5150242089
112306.952,0.5149450618
112321.952,0.514865939
112336.952,0.5147868406
112351.952,0.5147077666
112366.952,0.5146287168
112381.952,0.5145496914
112396.952,0.5144706903
112411.952,0.5143917135
112426.952,0.514312761
112441.952,0.5142338328
112456.952,0.5141549289
112471.952,0.5140760492
112486.952,0.5139971938
112501.952,0.5139183626
112516.952,0.5138395556
112531.952,0.5137607729
112546.952,0.5136820144
112561.952,0.5136032801
112576.952,0.51352457
112591.952,0.5134458841
112606.952,0.5133672224
112621.952,0.5132885848
112636.952,0.5132099714
112651.952,0.5131313822
112666.952,0.5130528171
112681.952,0.5129742761
112696.952,0.5128957592
112711.952,0.5128172665
112726.952,0.5127387978
112741.952,0.5126603533
112756.952,0.5125819328
112771.952,0.5125035364
112786.952,0.512425164
112801.952,0.5123468158
112816.952,0.5122684915
112831.952,0.5121901913
112846.952,0.5121119151
112861.952,0.512033663
112876.952,0.5119554348
112891.952,0.5118772306
112906.952,0.5117990505
112921.952,0.5117208943
112936.952,0.511642762
112951.952,0.5115646538
112966.952,0.5114865695
112981.952,0.5114085091
112996.952,0.5113304726
113011.952,0.5112524601
113026.952,0.5111744715
113041.952,0.5110965068
113056.952,0.5110185659
113071.952,0.510940649
113086.952,0.5108627559
113101.952,0.5107848867
113116.952,0.5107070414
113131.952,0.5106292199
113146.952,0.5105514222
113161.952,0.5104736483
113176.952,0.5103958983
113191.952,0.5103181721
113206.952,0.5102404697
113221.952,0.510162791
113236.952,0.5100851362
113251.952,0.5100075051
113266.952,0.5099298978
113281.952,0.5098523142
113296.952,0.5097747544
113311.952,0.5096972183
113326.952,0.5096197059
113341.952,0.5095422172
113356.952,0.5094647523
113371.952,0.509387311
113386.952,0.5093098934
113401.952,0.5092324995
113416.952,0.5091551293
113431.952,0.5090777827
113446.952,0.5090004597
113461.952,0.5089231604
113476.952,0.5088458848
113491.952,0.5087686327
113506.952,0.5086914043
113521.952,0.5086141994
113536.952,0.5085370182
113551.952,0.5084598605
113566.952,0.5083827264
113581.952,0.5083056159
113596.952,0.5082285289
113611.952,0.5081514655
113626.952,0.5080744256
113641.952,0.5079974093
113656.952,0.5079204164
113671.952,0.5078434471
113686.952,0.5077665012
113701.952,0.5076895789
113716.952,0.50761268
113731.952,0.5075358046
113746.952,0.5074589527
113761.952,0.5073821242
113776.952,0.5073053191
113791.952,0.5072285375
113806.952,0.5071517793
113821.952,0.5070750445
113836.952,0.5069983332
113851.952,0.5069216452
113866.952,0.5068449806
113881.952,0.5067683394
113896.952,0.5066917216
113911.952,0.5066151271
113926.952,0.506538556
113941.952,0.5064620082
113956.952,0.5063854837
113971.952,0.5063089826
113986.952,0.5062325048
114001.952,0.5061560503
114016.952,0.5060796191
114031.952,0.5060032111
114046.952,0.5059268265
114061.952,0.5058504651
114076.952,0.505774127
114091.952,0.5056978121
114106.952,0.5056215205
114121.952,0.505545252
114136.952,0.5054690069
114151.952,0.5053927849
114166.952,0.5053165861
114181.952,0.5052404105
114196.952,0.5051642582
114211.952,0.5050881289
114226.952,0.5050120229
114241.952,0.50493594
114256.952,0.5048598803
114271.952,0.5047838437
114286.952,0.5047078302
114301.952,0.5046318398
114316.952,0.5045558726
114331.952,0.5044799285
114346.952,0.5044040074
114361.952,0.5043281095
114376.952,0.5042522346
114391.952,0.5041763828
114406.952,0.504100554
114421.952,0.5040247483
114436.952,0.5039489657
114451.952,0.503873206
114466.952,0.5037974694
114481.952,0.5037217558
114496.952,0.5036460652
114511.952,0.5035703976
114526.952,0.503494753
114541.952,0.5034191313
114556.952,0.5033435326
114571.952,0.5032679569
114586.952,0.5031924042
114601.952,0.5031168743
114616.952,0.5030413674
114631.952,0.5029658834
114646.952,0.5028904224
114661.952,0.5028149842
114676.952,0.5027395689
114691.952,0.5026641766
114706.952,0.5025888071
114721.952,0.5025134604
114736.952,0.5024381366
114751.952,0.5023628357
114766.952,0.5022875576
114781.952,0.5022123024
114796.952,0.5021370699
114811.952,0.5020618603
114826.952,0.5019866735
114841.952,0.5019115095
114856.952,0.5018363682
114871.952,0.5017612498
114886.952,0.5016861541
114901.952,0.5016110812
114916.952,0.501536031
114931.952,0.5014610036
114946.952,0.5013859989
114961.952,0.5013110169
114976.952,0.5012360576
114991.952,0.5011611211
115006.952,0.5010862072
115021.952,0.5010113161
115036.952,0.5009364476
115051.952,0.5008616017
115066.952,0.5007867786
115081.952,0.5007119781
115096.952,0.5006372002
115111.952,0.500562445
115126.952,0.5004877124
115141.952,0.5004130024
115156.952,0.5003383151
115171.952,0.5002636503
115186.952,0.5001890081
115201.952,0.5001143885
115216.952,0.5000397915
115231.952,0.499965217
115246.952,0.4998906651
115261.952,0.4998161357
115276.952,0.4997416289
115291.952,0.4996671446
115306.952,0.4995926828
115321.952,0.4995182436
115336.952,0.4994438268
115351.952,0.4993694325
115366.952,0.4992950608
115381.952,0.4992207115
115396.952,0.4991463846
115411.952,0.4990720802
115426.952,0.4989977983
115441.952,0.4989235388
115456.952,0.4988493017
115471.952,0.4987750871
115486.952,0.4987008949
115501.952,0.498626725
115516.952,0.4985525776
115531.952,0.4984784526
115546.952,0.4984043499
115561.952,0.4983302696
115576.952,0.4982562117
115591.952,0.4981821761
115606.952,0.4981081629
115621.952,0.498034172
115636.952,0.4979602034
115651.952,0.4978862572
115666.952,0.4978123332
115681.952,0.4977384316
115696.952,0.4976645522
115711.952,0.4975906952
115726.952,0.4975168604
115741.952,0.4974430478
115756.952,0.4973692576
115771.952,0.4972954895
115786.952,0.4972217438
115801.952,0.4971480202
115816.952,0.4970743189
115831.952,0.4970006397
115846.952,0.4969269828
115861.952,0.4968533481
115876.952,0.4967797356
115891.952,0.4967061452
115906.952,0.496632577
115921.952,0.496559031
115936.952,0.4964855071
115951.952,0.4964120054
115966.952,0.4963385258
115981.952,0.4962650683
115996.952,0.4961916329
116011.952,0.4961182197
116026.952,0.4960448285
116041.952,0.4959714595
116056.952,0.4958981125
116071.952,0.4958247876
116086.952,0.4957514848
116101.952,0.495678204
116116.952,0.4956049453
116131.952,0.4955317086
116146.952,0.4954584939
116161.952,0.4953853013
116176.952,0.4953121307
116191.952,0.495238982
116206.952,0.4951658554
116221.952,0.4950927508
116236.952,0.4950196681
116251.952,0.4949466074
116266.952,0.4948735687
116281.952,0.4948005519
116296.952,0.4947275571
116311.952,0.4946545842
116326.952,0.4945816333
116341.952,0.4945087042
116356.952,0.4944357971
116371.952,0.4943629119
116386.952,0.4942900485
116401.952,0.4942172071
116416.952,0.4941443875
116431.952,0.4940715898
116446.952,0.493998814
116461.952,0.49392606
116476.952,0.4938533278
116491.952,0.4937806175
116506.952,0.493707929
116521.952,0.4936352623
116536.952,0.4935626174
116551.952,0.4934899944
116566.952,0.4934173931
116581.952,0.4933448136
116596.952,0.4932722559
116611.952,0.4931997199
116626.952,0.4931272057
116641.952,0.4930547133
116656.952,0.4929822425
116671.952,0.4929097936
116686.952,0.4928373663
116701.952,0.4927649608
116716.952,0.4926925769
116731.952,0.4926202148
116746.952,0.4925478743
116761.952,0.4924755556
116776.952,0.4924032585
116791.952,0.492330983
116806.952,0.4922587293
116821.952,0.4921864971
116836.952,0.4921142866
116851.952,0.4920420978
116866.952,0.4919699305
116881.952,0.4918977849
116896.952,0.4918256609
116911.952,0.4917535584
116926.952,0.4916814776
116941.952,0.4916094183
116956.952,0.4915373806
116971.952,0.4914653645
116986.952,0.4913933699
117001.952,0.4913213969
117016.952,0.4912494454
117031.952,0.4911775155
117046.952,0.491105607
117061.952,0.4910337201
117076.952,0.4909618547
117091.952,0.4908900107
117106.952,0.4908181883
117121.952,0.4907463873
117136.952,0.4906746079
117151.952,0.4906028498
117166.952,0.4905311132
117181.952,0.4904593981
117196.952,0.4903877044
117211.952,0.4903160321
117226.952,0.4902443813
117241.952,0.4901727519
117256.952,0.4901011438
117271.952,0.4900295572
117286.952,0.489957992
117301.952,0.4898864481
117316.952,0.4898149256
117331.952,0.4897434244
117346.952,0.4896719447
117361.952,0.4896004862
117376.952,0.4895290491
117391.952,0.4894576333
117406.952,0.4893862389
117421.952,0.4893148657
117436.952,0.4892435139
117451.952,0.4891721834
117466.952,0.4891008741
117481.952,0.4890295861
117496.952,0.4889583194
117511.952,0.488887074
117526.952,0.4888158498
117541.952,0.4887446468
117556.952,0.4886734651
117571.952,0.4886023047
117586.952,0.4885311654
117601.952,0.4884600474
117616.952,0.4883889505
117631.952,0.4883178749
117646.952,0.4882468204
117661.952,0.4881757872
117676.952,0.488104775
117691.952,0.4880337841
117706.952,0.4879628143
117721.952,0.4878918657
117736.952,0.4878209382
117751.952,0.4877500318
117766.952,0.4876791466
117781.952,0.4876082824
117796.952,0.4875374394
117811.952,0.4874666175
117826.952,0.4873958166
117841.952,0.4873250369
117856.952,0.4872542782
117871.952,0.4871835406
117886.952,0.487112824
117901.952,0.4870421285
117916.952,0.486971454
117931.952,0.4869008006
117946.952,0.4868301681
117961.952,0.4867595567
117976.952,0.4866889663
117991.952,0.486618397
118006.952,0.4865478485
118021.952,0.4864773211
118036.952,0.4864068147
118051.952,0.4863363292
118066.952,0.4862658647
118081.952,0.4861954211
118096.952,0.4861249985
118111.952,0.4860545968
118126.952,0.485984216
118141.952,0.4859138562
118156.952,0.4858435172
118171.952,0.4857731992
118186.952,0.485702902
118201.952,0.4856326258
118216.952,0.4855623704
118231.952,0.4854921359
118246.952,0.4854219222
118261.952,0.4853517294
118276.952,0.4852815575
118291.952,0.4852114064
118306.952,0.4851412761
118321.952,0.4850711666
118336.952,0.485001078
118351.952,0.4849310101
118366.952,0.4848609631
118381.952,0.4847909368
118396.952,0.4847209313
118411.952,0.4846509466
118426.952,0.4845809827
118441.952,0.4845110395
118456.952,0.484441117
118471.952,0.4843712153
118486.952,0.4843013344
118501.952,0.4842314741
118516.952,0.4841616346
118531.952,0.4840918158
118546.952,0.4840220177
118561.952,0.4839522402
118576.952,0.4838824835
118591.952,0.4838127474
118606.952,0.483743032
118621.952,0.4836733373
118636.952,0.4836036632
118651.952,0.4835340098
118666.952,0.483464377
118681.952,0.4833947648
118696.952,0.4833251732
118711.952,0.4832556023
118726.952,0.483186052
118741.952,0.4831165222
118756.952,0.4830470131
118771.952,0.4829775245
118786.952,0.4829080565
118801.952,0.4828386091
118816.952,0.4827691822
118831.952,0.4826997758
118846.952,0.48263039
118861.952,0.4825610248
118876.952,0.4824916801
118891.952,0.4824223558
118906.952,0.4823530521
118921.952,0.4822837689
118936.952,0.4822145062
118951.952,0.482145264
118966.952,0.4820760422
118981.952,0.4820068409
118996.952,0.4819376601
119011.952,0.4818684997
119026.952,0.4817993598
119041.952,0.4817302403
119056.952,0.4816611413
119071.952,0.4815920626
119086.952,0.4815230044
119101.952,0.4814539666
119116.952,0.4813849492
119131.952,0.4813159522
119146.952,0.4812469755
119161.952,0.4811780192
119176.952,0.4811090833
119191.952,0.4810401678
119206.952,0.4809712726
119221.952,0.4809023977
119236.952,0.4808335432
119251.952,0.480764709
119266.952,0.4806958952
119281.952,0.4806271016
119296.952,0.4805583284
119311.952,0.4804895754
119326.952,0.4804208427
119341.952,0.4803521303
119356.952,0.4802834382
119371.952,0.4802147664
119386.952,0.4801461148
119401.952,0.4800774834
119416.952,0.4800088723
119431.952,0.4799402814
119446.952,0.4798717108
119461.952,0.4798031604
119476.952,0.4797346301
119491.952,0.4796661201
119506.952,0.4795976303
119521.952,0.4795291607
119536.952,0.4794607112
119551.952,0.4793922819
119566.952,0.4793238728
119581.952,0.4792554838
119596.952,0.479187115
119611.952,0.4791187663
119626.952,0.4790504378
119641.952,0.4789821293
119656.952,0.478913841
119671.952,0.4788455728
119686.952,0.4787773247
119701.952,0.4787090967
119716.952,0.4786408888
119731.952,0.478572701
119746.952,0.4785045332
119761.952,0.4784363855
119776.952,0.4783682578
119791.952,0.4783001502
119806.952,0.4782320626
119821.952,0.4781639951
119836.952,0.4780959476
119851.952,0.4780279201
119866.952,0.4779599126
119881.952,0.4778919251
119896.952,0.4778239576
119911.952,0.4777560101
119926.952,0.4776880825
119941.952,0.477620175
119956.952,0.4775522874
119971.952,0.4774844197
119986.952,0.477416572
120001.952,0.4773487443
120016.952,0.4772809364
120031.952,0.4772131485
120046.952,0.4771453805
120061.952,0.4770776324
120076.952,0.4770099043
120091.952,0.476942196
120106.952,0.4768745076
120121.952,0.476806839
120136.952,0.4767391904
120151.952,0.4766715616
120166.952,0.4766039526
120181.952,0.4765363636
120196.952,0.4764687943
120211.952,0.4764012449
120226.952,0.4763337153
120241.952,0.4762662055
120256.952,0.4761987155
120271.952,0.4761312454
120286.952,0.476063795
120301.952,0.4759963644
120316.952,0.4759289536
120331.952,0.4758615625
120346.952,0.4757941913
120361.952,0.4757268397
120376.952,0.475659508
120391.952,0.4755921959
120406.952,0.4755249036
120421.952,0.475457631
120436.952,0.4753903782
120451.952,0.475323145
120466.952,0.4752559316
120481.952,0.4751887378
120496.952,0.4751215638
120511.952,0.4750544094
120526.952,0.4749872747
120541.952,0.4749201596
120556.952,0.4748530643
120571.952,0.4747859885
120586.952,0.4747189324
120601.952,0.474651896
120616.952,0.4745848791
120631.952,0.4745178819
120646.952,0.4744509043
120661.952,0.4743839463
120676.952,0.4743170079
120691.952,0.4742500891
120706.952,0.4741831899
120721.952,0.4741163102
120736.952,0.4740494501
120751.952,0.4739826096
120766.952,0.4739157886
120781.952,0.4738489872
120796.952,0.4737822053
120811.952,0.4737154429
120826.952,0.4736487001
120841.952,0.4735819767
120856.952,0.4735152729
120871.952,0.4734485886
120886.952,0.4733819238
120901.952,0.4733152784
120916.952,0.4732486525
120931.952,0.4731820461
120946.952,0.4731154592
120961.952,0.4730488917
120976.952,0.4729823437
120991.952,0.4729158151
121006.952,0.4728493059
121021.952,0.4727828162
121036.952,0.4727163458
121051.952,0.4726498949
121066.952,0.4725834634
121081.952,0.4725170513
121096.952,0.4724506586
121111.952,0.4723842852
121126.952,0.4723179312
121141.952,0.4722515966
121156.952,0.4721852814
121171.952,0.4721189855
121186.952,0.4720527089
121201.952,0.4719864517
121216.952,0.4719202138
121231.952,0.4718539952
121246.952,0.471787796
121261.952,0.471721616
121276.952,0.4716554554
121291.952,0.471589314
121306.952,0.4715231919
121321.952,0.4714570891
121336.952,0.4713910056
121351.952,0.4713249413
121366.952,0.4712588963
121381.952,0.4711928705
121396.952,0.471126864
121411.952,0.4710608767
121426.952,0.4709949086
121441.952,0.4709289597
121456.952,0.4708630301
121471.952,0.4707971196
121486.952,0.4707312284
121501.952,0.4706653563
121516.952,0.4705995034
121531.952,0.4705336697
121546.952,0.4704678552
121561.952,0.4704020598
121576.952,0.4703362836
121591.952,0.4702705265
121606.952,0.4702047885
121621.952,0.4701390697
121636.952,0.47007337
121651.952,0.4700076894
121666.952,0.469942028
121681.952,0.4698763856
121696.952,0.4698107623
121711.952,0.4697451581
121726.952,0.469679573
121741.952,0.4696140069
121756.952,0.4695484599
121771.952,0.469482932
121786.952,0.4694174231
121801.952,0.4693519333
121816.952,0.4692864625
121831.952,0.4692210107
121846.952,0.469155578
121861.952,0.4690901642
121876.952,0.4690247695
121891.952,0.4689593938
121906.952,0.468894037
121921.952,0.4688286992
121936.952,0.4687633805
121951.952,0.4686980806
121966.952,0.4686327998
121981.952,0.4685675379
121996.952,0.4685022949
122011.952,0.4684370709
122026.952,0.4683718658
122041.952,0.4683066797
122056.952,0.4682415125
122071.952,0.4681763641
122086.952,0.4681112347
122101.952,0.4680461242
122116.952,0.4679810326
122131.952,0.4679159598
122146.952,0.4678509059
122161.952,0.4677858709
122176.952,0.4677208548
122191.952,0.4676558575
122206.952,0.4675908791
122221.952,0.4675259195
122236.952,0.4674609787
122251.952,0.4673960567
122266.952,0.4673311536
122281.952,0.4672662693
122296.952,0.4672014038
122311.952,0.4671365571
122326.952,0.4670717291
122341.952,0.46700692
122356.952,0.4669421296
122371.952,0.466877358
122386.952,0.4668126052
122401.952,0.4667478711
122416.952,0.4666831557
122431.952,0.4666184591
122446.952,0.4665537813
122461.952,0.4664891221
122476.952,0.4664244817
122491.952,0.46635986
122506.952,0.4662952569
122521.952,0.4662306726
122536.952,0.466166107
122551.952,0.4661015601
122566.952,0.4660370318
122581.952,0.4659725222
122596.952,0.4659080312
122611.952,0.4658435589
122626.952,0.4657791053
122641.952,0.4657146703
122656.952,0.4656502539
122671.952,0.4655858562
122686.952,0.465521477
122701.952,0.4654571165
122716.952,0.4653927746
122731.952,0.4653284513
122746.952,0.4652641466
122761.952,0.4651998604
122776.952,0.4651355929
122791.952,0.4650713439
122806.952,0.4650071134
122821.952,0.4649429016
122836.952,0.4648787082
122851.952,0.4648145334
122866.952,0.4647503772
122881.952,0.4646862394
122896.952,0.4646221202
122911.952,0.4645580195
122926.952,0.4644939373
122941.952,0.4644298736
122956.952,0.4643658284
122971.952,0.4643018017
122986.952,0.4642377934
123001.952,0.4641738037
123016.952,0.4641098323
123031.952,0.4640458795
123046.952,0.4639819451
123061.952,0.4639180291
123076.952,0.4638541316
123091.952,0.4637902525
123106.952,0.4637263918
123121.952,0.4636625495
123136.952,0.4635987257
123151.952,0.4635349202
123166.952,0.4634711331
123181.952,0.4634073644
123196.952,0.4633436141
123211.952,0.4632798822
123226.952,0.4632161686
123241.952,0.4631524734
123256.952,0.4630887966
123271.952,0.4630251381
123286.952,0.4629614979
123301.952,0.462897876
123316.952,0.4628342725
123331.952,0.4627706873
123346.952,0.4627071204
123361.952,0.4626435718
123376.952,0.4625800415
123391.952,0.4625165295
123406.952,0.4624530358
123421.952,0.4623895603
123436.952,0.4623261032
123451.952,0.4622626642
123466.952,0.4621992436
123481.952,0.4621358411
123496.952,0.462072457
123511.952,0.462009091
123526.952,0.4619457433
123541.952,0.4618824138
123556.952,0.4618191025
123571.952,0.4617558094
123586.952,0.4616925345
123601.952,0.4616292778
123616.952,0.4615660393
123631.952,0.461502819
123646.952,0.4614396168
123661.952,0.4613764328
123676.952,0.461313267
123691.952,0.4612501193
123706.952,0.4611869897
123721.952,0.4611238783
123736.952,0.461060785
123751.952,0.4609977099
123766.952,0.4609346528
123781.952,0.4608716139
123796.952,0.4608085931
123811.952,0.4607455903
123826.952,0.4606826057
123841.952,0.4606196391
123856.952,0.4605566906
123871.952,0.4604937602
123886.952,0.4604308478
123901.952,0.4603679535
123916.952,0.4603050773
123931.952,0.4602422191
123946.952,0.4601793789
123961.952,0.4601165567
123976.952,0.4600537526
123991.952,0.4599909665
124006.952,0.4599281983
124021.952,0.4598654482
124036.952,0.4598027161
124051.952,0.459740002
124066.952,0.4596773058
124081.952,0.4596146276
124096.952,0.4595519674
124111.952,0.4594893251
124126.952,0.4594267008
124141.952,0.4593640945
124156.952,0.459301506
124171.952,0.4592389355
124186.952,0.459176383
124201.952,0.4591138483
124216.952,0.4590513316
124231.952,0.4589888327
124246.952,0.4589263518
124261.952,0.4588638888
124276.952,0.4588014436
124291.952,0.4587390163
124306.952,0.4586766069
124321.952,0.4586142154
124336.952,0.4585518417
124351.952,0.4584894858
124366.952,0.4584271478
124381.952,0.4583648277
124396.952,0.4583025253
124411.952,0.4582402408
124426.952,0.4581779742
124441.952,0.4581157253
124456.952,0.4580534942
124471.952,0.4579912809
124486.952,0.4579290854
124501.952,0.4578669077
124516.952,0.4578047478
124531.952,0.4577426056
124546.952,0.4576804812
124561.952,0.4576183746
124576.952,0.4575562857
124591.952,0.4574942146
124606.952,0.4574321612
124621.952,0.4573701255
124636.952,0.4573081075
124651.952,0.4572461073
124666.952,0.4571841248
124681.952,0.4571221599
124696.952,0.4570602128
124711.952,0.4569982834
124726.952,0.4569363716
124741.952,0.4568744775
124756.952,0.4568126011
124771.952,0.4567507423
124786.952,0.4566889013
124801.952,0.4566270778
124816.952,0.456565272
124831.952,0.4565034838
124846.952,0.4564417133
124861.952,0.4563799604
124876.952,0.4563182251
124891.952,0.4562565074
124906.952,0.4561948073
124921.952,0.4561331248
124936.952,0.4560714599
124951.952,0.4560098126
124966.952,0.4559481829
124981.952,0.4558865707
124996.952,0.4558249761
125011.952,0.4557633991
125026.952,0.4557018396
125041.952,0.4556402976
125056.952,0.4555787732
125071.952,0.4555172663
125086.952,0.4554557769
125101.952,0.4553943051
125116.952,0.4553328508
125131.952,0.4552714139
125146.952,0.4552099946
125161.952,0.4551485928
125176.952,0.4550872084
125191.952,0.4550258415
125206.952,0.4549644921
125221.952,0.4549031601
125236.952,0.4548418457
125251.952,0.4547805486
125266.952,0.454719269
125281.952,0.4546580069
125296.952,0.4545967621
125311.952,0.4545355348
125326.952,0.454474325
125341.952,0.4544131325
125356.952,0.4543519574
125371.952,0.4542907998
125386.952,0.4542296595
125401.952,0.4541685366
125416.952,0.4541074311
125431.952,0.454046343
125446.952,0.4539852722
125461.952,0.4539242188
125476.952,0.4538631827
125491.952,0.453802164
125506.952,0.4537411626
125521.952,0.4536801786
125536.952,0.4536192119
125551.952,0.4535582625
125566.952,0.4534973304
125581.952,0.4534364156
125596.952,0.4533755182
125611.952,0.453314638
125626.952,0.4532537751
125641.952,0.4531929295
125656.952,0.4531321012
125671.952,0.4530712901
125686.952,0.4530104963
125701.952,0.4529497198
125716.952,0.4528889605
125731.952,0.4528282184
125746.952,0.4527674936
125761.952,0.452706786
125776.952,0.4526460957
125791.952,0.4525854225
125806.952,0.4525247666
125821.952,0.4524641278
125836.952,0.4524035063
125851.952,0.452342902
125866.952,0.4522823148
125881.952,0.4522217448
125896.952,0.452161192
125911.952,0.4521006563
125926.952,0.4520401379
125941.952,0.4519796365
125956.952,0.4519191523
125971.952,0.4518586853
125986.952,0.4517982353
126001.952,0.4517378026
126016.952,0.4516773869
126031.952,0.4516169883
126046.952,0.4515566069
126061.952,0.4514962425
126076.952,0.4514358953
126091.952,0.4513755651
126106.952,0.451315252
126121.952,0.451254956
126136.952,0.451194677
126151.952,0.4511344152
126166.952,0.4510741703
126181.952,0.4510139425
126196.952,0.4509537318
126211.952,0.4508935381
126226.952,0.4508333614
126241.952,0.4507732018
126256.952,0.4507130592
126271.952,0.4506529336
126286.952,0.4505928249
126301.952,0.4505327333
126316.952,0.4504726587
126331.952,0.4504126011
126346.952,0.4503525604
126361.952,0.4502925367
126376.952,0.45023253
126391.952,0.4501725403
126406.952,0.4501125675
126421.952,0.4500526116
126436.952,0.4499926727
126451.952,0.4499327507
126466.952,0.4498728457
126481.952,0.4498129575
126496.952,0.4497530863
126511.952,0.449693232
126526.952,0.4496333946
126541.952,0.4495735741
126556.952,0.4495137705
126571.952,0.4494539838
126586.952,0.4493942139
126601.952,0.449334461
126616.952,0.4492747248
126631.952,0.4492150056
126646.952,0.4491553032
126661.952,0.4490956176
126676.952,0.4490359489
126691.952,0.448976297
126706.952,0.448916662
126721.952,0.4488570437
126736.952,0.4487974423
126751.952,0.4487378577
126766.952,0.4486782899
126781.952,0.4486187389
126796.952,0.4485592047
126811.952,0.4484996872
126826.952,0.4484401866
126841.952,0.4483807027
126856.952,0.4483212356
126871.952,0.4482617852
126886.952,0.4482023516
126901.952,0.4481429347
126916.952,0.4480835346
126931.952,0.4480241512
126946.952,0.4479647845
126961.952,0.4479054346
126976.952,0.4478461013
126991.952,0.4477867848
127006.952,0.447727485
127021.952,0.4476682018
127036.952,0.4476089354
127051.952,0.4475496856
127066.952,0.4474904526
127081.952,0.4474312362
127096.952,0.4473720364
127111.952,0.4473128533
127126.952,0.4472536869
127141.952,0.4471945371
127156.952,0.447135404
127171.952,0.4470762875
127186.952,0.4470171876
127201.952,0.4469581043
127216.952,0.4468990377
127231.952,0.4468399876
127246.952,0.4467809542
127261.952,0.4467219374
127276.952,0.4466629371
127291.952,0.4466039534
127306.952,0.4465449863
127321.952,0.4464860358
127336.952,0.4464271019
127351.952,0.4463681845
127366.952,0.4463092837
127381.952,0.4462503994
127396.952,0.4461915316
127411.952,0.4461326804
127426.952,0.4460738457
127441.952,0.4460150275
127456.952,0.4459562259
127471.952,0.4458974408
127486.952,0.4458386721
127501.952,0.44577992
127516.952,0.4457211843
127531.952,0.4456624652
127546.952,0.4456037625
127561.952,0.4455450763
127576.952,0.4454864065
127591.952,0.4454277533
127606.952,0.4453691164
127621.952,0.4453104961
127636.952,0.4452518921
127651.952,0.4451933046
127666.952,0.4451347336
127681.952,0.4450761789
127696.952,0.4450176407
127711.952,0.4449591189
127726.952,0.4449006135
127741.952,0.4448421245
127756.952,0.4447836519
127771.952,0.4447251956
127786.952,0.4446667558
127801.952,0.4446083323
127816.952,0.4445499252
127831.952,0.4444915345
127846.952,0.4444331601
127861.952,0.4443748021
127876.952,0.4443164604
127891.952,0.444258135
127906.952,0.444199826
127921.952,0.4441415333
127936.952,0.444083257
127951.952,0.4440249969
127966.952,0.4439667532
127981.952,0.4439085257
127996.952,0.4438503146
128011.952,0.4437921197
128026.952,0.4437339412
128041.952,0.4436757789
128056.952,0.4436176328
128071.952,0.4435595031
128086.952,0.4435013896
128101.952,0.4434432924
128116.952,0.4433852114
128131.952,0.4433271466
128146.952,0.4432690981
128161.952,0.4432110658
128176.952,0.4431530497
128191.952,0.4430950499
128206.952,0.4430370663
128221.952,0.4429790988
128236.952,0.4429211476
128251.952,0.4428632126
128266.952,0.4428052937
128281.952,0.4427473911
128296.952,0.4426895046
128311.952,0.4426316343
128326.952,0.4425737801
128341.952,0.4425159421
128356.952,0.4424581203
128371.952,0.4424003146
128386.952,0.442342525
128401.952,0.4422847516
128416.952,0.4422269943
128431.952,0.4421692531
128446.952,0.442111528
128461.952,0.4420538191
128476.952,0.4419961262
128491.952,0.4419384495
128506.952,0.4418807888
128521.952,0.4418231443
128536.952,0.4417655158
128551.952,0.4417079033
128566.952,0.441650307
128581.952,0.4415927267
128596.952,0.4415351625
128611.952,0.4414776143
128626.952,0.4414200821
128641.952,0.441362566
128656.952,0.441305066
128671.952,0.4412475819
128686.952,0.4411901139
128701.952,0.4411326619
128716.952,0.4410752259
128731.952,0.4410178059
128746.952,0.4409604019
128761.952,0.4409030139
128776.952,0.4408456419
128791.952,0.4407882858
128806.952,0.4407309457
128821.952,0.4406736216
128836.952,0.4406163135
128851.952,0.4405590213
128866.952,0.4405017451
128881.952,0.4404444848
128896.952,0.4403872404
128911.952,0.440330012
128926.952,0.4402727995
128941.952,0.4402156029
128956.952,0.4401584222
128971.952,0.4401012574
128986.952,0.4400441086
129001.952,0.4399869756
129016.952,0.4399298585
129031.952,0.4398727574
129046.952,0.439815672
129061.952,0.4397586026
129076.952,0.439701549
129091.952,0.4396445113
129106.952,0.4395874895
129121.952,0.4395304835
129136.952,0.4394734933
129151.952,0.439416519
129166.952,0.4393595605
129181.952,0.4393026178
129196.952,0.439245691
129211.952,0.4391887799
129226.952,0.4391318847
129241.952,0.4390750053
129256.952,0.4390181417
129271.952,0.4389612938
129286.952,0.4389044618
129301.952,0.4388476455
129316.952,0.438790845
129331.952,0.4387340603
129346.952,0.4386772913
129361.952,0.4386205381
129376.952,0.4385638006
129391.952,0.4385070789
129406.952,0.4384503729
129421.952,0.4383936826
129436.952,0.4383370081
129451.952,0.4382803493
129466.952,0.4382237062
129481.952,0.4381670789
129496.952,0.4381104672
129511.952,0.4380538712
129526.952,0.4379972909
129541.952,0.4379407263
129556.952,0.4378841774
129571.952,0.4378276441
129586.952,0.4377711266
129601.952,0.4377146246
129616.952,0.4376581384
129631.952,0.4376016678
129646.952,0.4375452128
129661.952,0.4374887735
129676.952,0.4374323498
129691.952,0.4373759418
129706.952,0.4373195493
129721.952,0.4372631725
129736.952,0.4372068113
129751.952,0.4371504657
129766.952,0.4370941357
129781.952,0.4370378213
129796.952,0.4369815224
129811.952,0.4369252392
129826.952,0.4368689715
129841.952,0.4368127194
129856.952,0.4367564829
129871.952,0.4367002619
129886.952,0.4366440565
129901.952,0.4365878667
129916.952,0.4365316923
129931.952,0.4364755335
129946.952,0.4364193903
129961.952,0.4363632625
129976.952,0.4363071503
129991.952,0.4362510536
130006.952,0.4361949724
130021.952,0.4361389067
130036.952,0.4360828565
130051.952,0.4360268218
130066.952,0.4359708026
130081.952,0.4359147989
130096.952,0.4358588106
130111.952,0.4358028378
130126.952,0.4357468804
130141.952,0.4356909386
130156.952,0.4356350121
130171.952,0.4355791011
130186.952,0.4355232056
130201.952,0.4354673255
130216.952,0.4354114608
130231.952,0.4353556115
130246.952,0.4352997777
130261.952,0.4352439592
130276.952,0.4351881562
130291.952,0.4351323686
130306.952,0.4350765963
130321.952,0.4350208395
130336.952,0.434965098
130351.952,0.4349093719
130366.952,0.4348536612
130381.952,0.4347979658
130396.952,0.4347422858
130411.952,0.4346866212
130426.952,0.4346309719
130441.952,0.434575338
130456.952,0.4345197193
130471.952,0.4344641161
130486.952,0.4344085281
130501.952,0.4343529555
130516.952,0.4342973981
130531.952,0.4342418561
130546.952,0.4341863294
130561.952,0.434130818
130576.952,0.4340753219
130591.952,0.4340198411
130606.952,0.4339643755
130621.952,0.4339089252
130636.952,0.4338534902
130651.952,0.4337980705
130666.952,0.433742666
130681.952,0.4336872768
130696.952,0.4336319028
130711.952,0.4335765441
130726.952,0.4335212006
130741.952,0.4334658723
130756.952,0.4334105592
130771.952,0.4333552614
130786.952,0.4332999788
130801.952,0.4332447114
130816.952,0.4331894592
130831.952,0.4331342222
130846.952,0.4330790004
130861.952,0.4330237937
130876.952,0.4329686023
130891.952,0.432913426
130906.952,0.4328582649
130921.952,0.432803119
130936.952,0.4327479882
130951.952,0.4326928725
130966.952,0.4326377721
130981.952,0.4325826867
130996.952,0.4325276165
131011.952,0.4324725614
131026.952,0.4324175215
131041.952,0.4323624966
131056.952,0.4323074869
131071.952,0.4322524923
131086.952,0.4321975128
131101.952,0.4321425484
131116.952,0.4320875991
131131.952,0.4320326648
131146.952,0.4319777457
131161.952,0.4319228416
131176.952,0.4318679526
131191.952,0.4318130786
131206.952,0.4317582198
131221.952,0.4317033759
131236.952,0.4316485471
131251.952,0.4315937334
131266.952,0.4315389347
131281.952,0.431484151
131296.952,0.4314293823
131311.952,0.4313746287
131326.952,0.4313198901
131341.952,0.4312651665
131356.952,0.4312104579
131371.952,0.4311557643
131386.952,0.4311010856
131401.952,0.431046422
131416.952,0.4309917734
131431.952,0.4309371397
131446.952,0.430882521
131461.952,0.4308279172
131476.952,0.4307733285
131491.952,0.4307187546
131506.952,0.4306641958
131521.952,0.4306096518
131536.952,0.4305551228
131551.952,0.4305006088
131566.952,0.4304461096
131581.952,0.4303916254
131596.952,0.4303371561
131611.952,0.4302827017
131626.952,0.4302282622
131641.952,0.4301738376
131656.952,0.4301194279
131671.952,0.4300650331
131686.952,0.4300106532
131701.952,0.4299562882
131716.952,0.429901938
131731.952,0.4298476027
131746.952,0.4297932822
131761.952,0.4297389767
131776.952,0.4296846859
131791.952,0.42963041
131806.952,0.429576149
131821.952,0.4295219027
131836.952,0.4294676714
131851.952,0.4294134548
131866.952,0.429359253
131881.952,0.4293050661
131896.952,0.429250894
131911.952,0.4291967366
131926.952,0.4291425941
131941.952,0.4290884664
131956.952,0.4290343534
131971.952,0.4289802552
131986.952,0.4289261718
132001.952,0.4288721032
132016.952,0.4288180493
132031.952,0.4287640102
132046.952,0.4287099858
132061.952,0.4286559762
132076.952,0.4286019814
132091.952,0.4285480012
132106.952,0.4284940358
132121.952,0.4284400851
132136.952,0.4283861492
132151.952,0.428332228
132166.952,0.4282783214
132181.952,0.4282244296
132196.952,0.4281705525
132211.952,0.42811669
132226.952,0.4280628423
132241.952,0.4280090092
132256.952,0.4279551909
132271.952,0.4279013872
132286.952,0.4278475981
132301.952,0.4277938237
132316.952,0.427740064
132331.952,0.4276863189
132346.952,0.4276325885
132361.952,0.4275788727
132376.952,0.4275251716
132391.952,0.427471485
132406.952,0.4274178131
132421.952,0.4273641559
132436.952,0.4273105132
132451.952,0.4272568851
132466.952,0.4272032717
132481.952,0.4271496728
132496.952,0.4270960886
132511.952,0.4270425189
132526.952,0.4269889638
132541.952,0.4269354233
132556.952,0.4268818973
132571.952,0.426828386
132586.952,0.4267748891
132601.952,0.4267214069
132616.952,0.4266679392
132631.952,0.426614486
132646.952,0.4265610474
132661.952,0.4265076233
132676.952,0.4264542137
132691.952,0.4264008186
132706.952,0.4263474381
132721.952,0.4262940721
132736.952,0.4262407206
132751.952,0.4261873836
132766.952,0.4261340611
132781.952,0.4260807531
132796.952,0.4260274595
132811.952,0.4259741805
132826.952,0.4259209159
132841.952,0.4258676658
132856.952,0.4258144302
132871.952,0.425761209
132886.952,0.4257080023
132901.952,0.42565481
132916.952,0.4256016322
132931.952,0.4255484688
132946.952,0.4254953199
132961.952,0.4254421853
132976.952,0.4253890652
132991.952,0.4253359596
133006.952,0.4252828683
133021.952,0.4252297914
133036.952,0.425176729
133051.952,0.4251236809
133066.952,0.4250706472
133081.952,0.425017628
133096.952,0.4249646231
133111.952,0.4249116325
133126.952,0.4248586564
133141.952,0.4248056946
133156.952,0.4247527472
133171.952,0.4246998141
133186.952,0.4246468954
133201.952,0.424593991
133216.952,0.424541101
133231.952,0.4244882253
133246.952,0.4244353639
133261.952,0.4243825169
133276.952,0.4243296841
133291.952,0.4242768657
133306.952,0.4242240616
133321.952,0.4241712718
133336.952,0.4241184963
133351.952,0.4240657351
133366.952,0.4240129882
133381.952,0.4239602555
133396.952,0.4239075372
133411.952,0.4238548331
133426.952,0.4238021432
133441.952,0.4237494677
133456.952,0.4236968064
133471.952,0.4236441593
133486.952,0.4235915265
133501.952,0.423538908
133516.952,0.4234863036
133531.952,0.4234337135
133546.952,0.4233811377
133561.952,0.423328576
133576.952,0.4232760286
133591.952,0.4232234954
133606.952,0.4231709763
133621.952,0.4231184715
133636.952,0.4230659809
133651.952,0.4230135045
133666.952,0.4229610422
133681.952,0.4229085941
133696.952,0.4228561602
133711.952,0.4228037405
133726.952,0.4227513349
133741.952,0.4226989435
133756.952,0.4226465663
133771.952,0.4225942032
133786.952,0.4225418542
133801.952,0.4224895194
133816.952,0.4224371987
133831.952,0.4223848922
133846.952,0.4223325997
133861.952,0.4222803214
133876.952,0.4222280572
133891.952,0.4221758071
133906.952,0.4221235711
133921.952,0.4220713492
133936.952,0.4220191414
133951.952,0.4219669477
133966.952,0.4219147681
133981.952,0.4218626025
133996.952,0.421810451
134011.952,0.4217583136
134026.952,0.4217061903
134041.952,0.421654081
134056.952,0.4216019857
134071.952,0.4215499045
134086.952,0.4214978374
134101.952,0.4214457842
134116.952,0.4213937452
134131.952,0.4213417201
134146.952,0.421289709
134161.952,0.421237712
134176.952,0.421185729
134191.952,0.42113376
134206.952,0.421081805
134221.952,0.421029864
134236.952,0.420977937
134251.952,0.4209260239
134266.952,0.4208741249
134281.952,0.4208222398
134296.952,0.4207703687
134311.952,0.4207185115
134326.952,0.4206666684
134341.952,0.4206148391
134356.952,0.4205630239
134371.952,0.4205112225
134386.952,0.4204594351
134401.952,0.4204076617
134416.952,0.4203559022
134431.952,0.4203041566
134446.952,0.4202524249
134461.952,0.4202007071
134476.952,0.4201490033
134491.952,0.4200973133
134506.952,0.4200456373
134521.952,0.4199939751
134536.952,0.4199423269
134551.952,0.4198906925
134566.952,0.419839072
134581.952,0.4197874654
134596.952,0.4197358726
134611.952,0.4196842937
134626.952,0.4196327287
134641.952,0.4195811775
134656.952,0.4195296402
134671.952,0.4194781167
134686.952,0.4194266071
134701.952,0.4193751113
134716.952,0.4193236293
134731.952,0.4192721612
134746.952,0.4192207069
134761.952,0.4191692664
134776.952,0.4191178397
134791.952,0.4190664268
134806.952,0.4190150277
134821.952,0.4189636424
134836.952,0.4189122709
134851.952,0.4188609131
134866.952,0.4188095692
134881.952,0.418758239
134896.952,0.4187069226
134911.952,0.41865562
134926.952,0.4186043311
134941.952,0.418553056
134956.952,0.4185017947
134971.952,0.418450547
134986.952,0.4183993132
135001.952,0.418348093
135016.952,0.4182968866
135031.952,0.4182456939
135046.952,0.418194515
135061.952,0.4181433497
135076.952,0.4180921982
135091.952,0.4180410604
135106.952,0.4179899362
135121.952,0.4179388258
135136.952,0.4178877291
135151.952,0.417836646
135166.952,0.4177855766
135181.952,0.4177345209
135196.952,0.4176834789
135211.952,0.4176324506
135226.952,0.4175814359
135241.952,0.4175304348
135256.952,0.4174794474
135271.952,0.4174284737
135286.952,0.4173775136
135301.952,0.4173265671
135316.952,0.4172756343
135331.952,0.4172247151
135346.952,0.4171738095
135361.952,0.4171229176
135376.952,0.4170720392
135391.952,0.4170211745
135406.952,0.4169703234
135421.952,0.4169194858
135436.952,0.4168686619
135451.952,0.4168178515
135466.952,0.4167670547
135481.952,0.4167162716
135496.952,0.4166655019
135511.952,0.4166147459
135526.952,0.4165640034
135541.952,0.4165132745
135556.952,0.4164625591
135571.952,0.4164118573
135586.952,0.416361169
135601.952,0.4163104942
135616.952,0.416259833
135631.952,0.4162091854
135646.952,0.4161585512
135661.952,0.4161079306
135676.952,0.4160573235
135691.952,0.4160067299
135706.952,0.4159561498
135721.952,0.4159055832
135736.952,0.4158550301
135751.952,0.4158044905
135766.952,0.4157539643
135781.952,0.4157034517
135796.952,0.4156529525
135811.952,0.4156024668
135826.952,0.4155519946
135841.952,0.4155015358
135856.952,0.4154510905
135871.952,0.4154006587
135886.952,0.4153502403
135901.952,0.4152998353
135916.952,0.4152494438
135931.952,0.4151990657
135946.952,0.415148701
135961.952,0.4150983498
135976.952,0.4150480119
135991.952,0.4149976875
136006.952,0.4149473765
136021.952,0.4148970789
136036.952,0.4148467947
136051.952,0.4147965239
136066.952,0.4147462665
136081.952,0.4146960225
136096.952,0.4146457918
136111.952,0.4145955746
136126.952,0.4145453707
136141.952,0.4144951801
136156.952,0.414445003
136171.952,0.4143948391
136186.952,0.4143446887
136201.952,0.4142945516
136216.952,0.4142444278
136231.952,0.4141943173
136246.952,0.4141442202
136261.952,0.4140941365
136276.952,0.414044066
136291.952,0.4139940089
136306.952,0.413943965
136321.952,0.4138939345
136336.952,0.4138439173
136351.952,0.4137939134
136366.952,0.4137439228
136381.952,0.4136939454
136396.952,0.4136439814
136411.952,0.4135940306
136426.952,0.4135440931
136441.952,0.4134941689
136456.952,0.413444258
136471.952,0.4133943603
136486.952,0.4133444758
136501.952,0.4132946047
136516.952,0.4132447467
136531.952,0.413194902
136546.952,0.4131450706
136561.952,0.4130952523
136576.952,0.4130454473
136591.952,0.4129956556
136606.952,0.412945877
136621.952,0.4128961117
136636.952,0.4128463595
136651.952,0.4127966206
136666.952,0.4127468949
136681.952,0.4126971823
136696.952,0.412647483
136711.952,0.4125977968
136726.952,0.4125481239
136741.952,0.4124984641
136756.952,0.4124488174
136771.952,0.412399184
136786.952,0.4123495637
136801.952,0.4122999565
136816.952,0.4122503625
136831.952,0.4122007817
136846.952,0.412151214
136861.952,0.4121016594
136876.952,0.412052118
136891.952,0.4120025897
136906.952,0.4119530745
136921.952,0.4119035725
136936.952,0.4118540835
136951.952,0.4118046077
136966.952,0.411755145
136981.952,0.4117056953
136996.952,0.4116562588
137011.952,0.4116068354
137026.952,0.411557425
137041.952,0.4115080278
137056.952,0.4114586436
137071.952,0.4114092724
137086.952,0.4113599144
137101.952,0.4113105694
137116.952,0.4112612375
137131.952,0.4112119186
137146.952,0.4111626128
137161.952,0.41111332
137176.952,0.4110640403
137191.952,0.4110147736
137206.952,0.4109655199
137221.952,0.4109162793
137236.952,0.4108670516
137251.952,0.410817837
137266.952,0.4107686355
137281.952,0.4107194469
137296.952,0.4106702713
137311.952,0.4106211087
137326.952,0.4105719591
137341.952,0.4105228225
137356.952,0.4104736989
137371.952,0.4104245883
137386.952,0.4103754906
137401.952,0.4103264059
137416.952,0.4102773342
137431.952,0.4102282754
137446.952,0.4101792296
137461.952,0.4101301968
137476.952,0.4100811769
137491.952,0.4100321699
137506.952,0.4099831759
137521.952,0.4099341948
137536.952,0.4098852267
137551.952,0.4098362714
137566.952,0.4097873291
137581.952,0.4097383997
137596.952,0.4096894832
137611.952,0.4096405797
137626.952,0.409591689
137641.952,0.4095428112
137656.952,0.4094939463
137671.952,0.4094450943
137686.952,0.4093962552
137701.952,0.409347429
137716.952,0.4092986156
137731.952,0.4092498151
137746.952,0.4092010275
137761.952,0.4091522527
137776.952,0.4091034908
137791.952,0.4090547417
137806.952,0.4090060055
137821.952,0.4089572821
137836.952,0.4089085716
137851.952,0.4088598739
137866.952,0.408811189
137881.952,0.408762517
137896.952,0.4087138578
137911.952,0.4086652114
137926.952,0.4086165777
137941.952,0.408567957
137956.952,0.408519349
137971.952,0.4084707538
137986.952,0.4084221713
138001.952,0.4083736017
138016.952,0.4083250449
138031.952,0.4082765008
138046.952,0.4082279695
138061.952,0.408179451
138076.952,0.4081309453
138091.952,0.4080824523
138106.952,0.4080339721
138121.952,0.4079855046
138136.952,0.4079370498
138151.952,0.4078886079
138166.952,0.4078401786
138181.952,0.4077917621
138196.952,0.4077433583
138211.952,0.4076949672
138226.952,0.4076465889
138241.952,0.4075982232
138256.952,0.4075498703
138271.952,0.4075015301
138286.952,0.4074532026
138301.952,0.4074048878
138316.952,0.4073565856
138331.952,0.4073082962
138346.952,0.4072600194
138361.952,0.4072117554
138376.952,0.407163504
138391.952,0.4071152652
138406.952,0.4070670392
138421.952,0.4070188258
138436.952,0.406970625
138451.952,0.4069224369
138466.952,0.4068742615
138481.952,0.4068260987
138496.952,0.4067779485
138511.952,0.406729811
138526.952,0.4066816861
138541.952,0.4066335738
138556.952,0.4065854742
138571.952,0.4065373871
138586.952,0.4064893127
138601.952,0.4064412509
138616.952,0.4063932017
138631.952,0.4063451651
138646.952,0.406297141
138661.952,0.4062491296
138676.952,0.4062011308
138691.952,0.4061531445
138706.952,0.4061051708
138721.952,0.4060572097
138736.952,0.4060092611
138751.952,0.4059613252
138766.952,0.4059134017
138781.952,0.4058654909
138796.952,0.4058175925
138811.952,0.4057697067
138826.952,0.4057218335
138841.952,0.4056739728
138856.952,0.4056261246
138871.952,0.405578289
138886.952,0.4055304659
138901.952,0.4054826553
138916.952,0.4054348572
138931.952,0.4053870716
138946.952,0.4053392985
138961.952,0.405291538
138976.952,0.4052437899
138991.952,0.4051960543
139006.952,0.4051483312
139021.952,0.4051006206
139036.952,0.4050529225
139051.952,0.4050052368
139066.952,0.4049575636
139081.952,0.4049099029
139096.952,0.4048622546
139111.952,0.4048146188
139126.952,0.4047669955
139141.952,0.4047193846
139156.952,0.4046717861
139171.952,0.4046242001
139186.952,0.4045766265
139201.952,0.4045290653
139216.952,0.4044815166
139231.952,0.4044339803
139246.952,0.4043864564
139261.952,0.4043389449
139276.952,0.4042914459
139291.952,0.4042439592
139306.952,0.4041964849
139321.952,0.4041490231
139336.952,0.4041015736
139351.952,0.4040541365
139366.952,0.4040067118
139381.952,0.4039592994
139396.952,0.4039118995
139411.952,0.4038645119
139426.952,0.4038171367
139441.952,0.4037697738
139456.952,0.4037224233
139471.952,0.4036750851
139486.952,0.4036277593
139501.952,0.4035804459
139516.952,0.4035331447
139531.952,0.4034858559
139546.952,0.4034385795
139561.952,0.4033913153
139576.952,0.4033440635
139591.952,0.403296824
139606.952,0.4032495968
139621.952,0.4032023819
139636.952,0.4031551794
139651.952,0.4031079891
139666.952,0.4030608111
139681.952,0.4030136454
139696.952,0.402966492
139711.952,0.4029193509
139726.952,0.4028722221
139741.952,0.4028251055
139756.952,0.4027780012
139771.952,0.4027309092
139786.952,0.4026838294
139801.952,0.4026367619
139816.952,0.4025897066
139831.952,0.4025426636
139846.952,0.4024956328
139861.952,0.4024486143
139876.952,0.402401608
139891.952,0.4023546139
139906.952,0.402307632
139921.952,0.4022606624
139936.952,0.402213705
139951.952,0.4021667598
139966.952,0.4021198268
139981.952,0.4020729061
139996.952,0.4020259975
140011.952,0.4019791011
140026.952,0.4019322169
140041.952,0.4018853449
140056.952,0.4018384851
140071.952,0.4017916375
140086.952,0.401744802
140101.952,0.4016979787
140116.952,0.4016511676
140131.952,0.4016043686
140146.952,0.4015575818
140161.952,0.4015108071
140176.952,0.4014640446
140191.952,0.4014172943
140206.952,0.401370556
140221.952,0.4013238299
140236.952,0.401277116
140251.952,0.4012304142
140266.952,0.4011837245
140281.952,0.4011370469
140296.952,0.4010903814
140311.952,0.4010437281
140326.952,0.4009970868
140341.952,0.4009504576
140356.952,0.4009038406
140371.952,0.4008572356
140386.952,0.4008106428
140401.952,0.400764062
140416.952,0.4007174933
140431.952,0.4006709367
140446.952,0.4006243921
140461.952,0.4005778596
140476.952,0.4005313392
140491.952,0.4004848308
140506.952,0.4004383345
140521.952,0.4003918503
140536.952,0.4003453781
140551.952,0.4002989179
140566.952,0.4002524698
140581.952,0.4002060337
140596.952,0.4001596096
140611.952,0.4001131976
140626.952,0.4000667976
140641.952,0.4000204096
140656.952,0.3999740336
140671.952,0.3999276696
140686.952,0.3998813176
140701.952,0.3998349777
140716.952,0.3997886497
140731.952,0.3997423337
140746.952,0.3996960297
140761.952,0.3996497377
140776.952,0.3996034577
140791.952,0.3995571896
140806.952,0.3995109335
140821.952,0.3994646894
140836.952,0.3994184573
140851.952,0.3993722371
140866.952,0.3993260288
140881.952,0.3992798325
140896.952,0.3992336482
140911.952,0.3991874758
140926.952,0.3991413153
140941.952,0.3990951668
140956.952,0.3990490302
140971.952,0.3990029055
140986.952,0.3989567928
141001.952,0.3989106919
141016.952,0.398864603
141031.952,0.398818526
141046.952,0.3987724609
141061.952,0.3987264076
141076.952,0.3986803663
141091.952,0.3986343369
141106.952,0.3985883194
141121.952,0.3985423137
141136.952,0.3984963199
141151.952,0.398450338
141166.952,0.398404368
141181.952,0.3983584098
141196.952,0.3983124635
141211.952,0.3982665291
141226.952,0.3982206065
141241.952,0.3981746958
141256.952,0.3981287969
141271.952,0.3980829098
141286.952,0.3980370346
141301.952,0.3979911713
141316.952,0.3979453197
141331.952,0.39789948
141346.952,0.3978536521
141361.952,0.397807836
141376.952,0.3977620317
141391.952,0.3977162393
141406.952,0.3976704586
141421.952,0.3976246898
141436.952,0.3975789327
141451.952,0.3975331874
141466.952,0.397487454
141481.952,0.3974417323
141496.952,0.3973960224
141511.952,0.3973503242
141526.952,0.3973046379
141541.952,0.3972589633
141556.952,0.3972133004
141571.952,0.3971676493
141586.952,0.39712201
141601.952,0.3970763825
141616.952,0.3970307666
141631.952,0.3969851626
141646.952,0.3969395702
141661.952,0.3968939896
141676.952,0.3968484207
141691.952,0.3968028636
141706.952,0.3967573182
141721.952,0.3967117845
141736.952,0.3966662625
141751.952,0.3966207522
141766.952,0.3965752536
141781.952,0.3965297667
141796.952,0.3964842916
141811.952,0.3964388281
141826.952,0.3963933763
141841.952,0.3963479362
141856.952,0.3963025078
141871.952,0.396257091
141886.952,0.396211686
141901.952,0.3961662926
141916.952,0.3961209108
141931.952,0.3960755407
141946.952,0.3960301823
141961.952,0.3959848356
141976.952,0.3959395005
141991.952,0.395894177
142006.952,0.3958488652
142021.952,0.395803565
142036.952,0.3957582764
142051.952,0.3957129995
142066.952,0.3956677342
142081.952,0.3956224805
142096.952,0.3955772384
142111.952,0.395532008
142126.952,0.3954867891
142141.952,0.3954415819
142156.952,0.3953963862
142171.952,0.3953512022
142186.952,0.3953060298
142201.952,0.3952608689
142216.952,0.3952157196
142231.952,0.3951705819
142246.952,0.3951254558
142261.952,0.3950803413
142276.952,0.3950352383
142291.952,0.3949901469
142306.952,0.394945067
142321.952,0.3948999987
142336.952,0.394854942
142351.952,0.3948098968
142366.952,0.3947648631
142381.952,0.394719841
142396.952,0.3946748304
142411.952,0.3946298314
142426.952,0.3945848439
142441.952,0.3945398679
142456.952,0.3944949034
142471.952,0.3944499504
142486.952,0.394405009
142501.952,0.3943600791
142516.952,0.3943151606
142531.952,0.3942702537
142546.952,0.3942253583
142561.952,0.3941804743
142576.952,0.3941356019
142591.952,0.3940907409
142606.952,0.3940458914
142621.952,0.3940010534
142636.952,0.3939562269
142651.952,0.3939114118
142666.952,0.3938666082
142681.952,0.393821816
142696.952,0.3937770353
142711.952,0.3937322661
142726.952,0.3936875083
142741.952,0.393642762
142756.952,0.393598027
142771.952,0.3935533036
142786.952,0.3935085915
142801.952,0.3934638909
142816.952,0.3934192017
142831.952,0.393374524
142846.952,0.3933298576
142861.952,0.3932852027
142876.952,0.3932405592
142891.952,0.3931959271
142906.952,0.3931513063
142921.952,0.393106697
142936.952,0.3930620991
142951.952,0.3930175125
142966.952,0.3929729374
142981.952,0.3929283736
142996.952,0.3928838212
143011.952,0.3928392802
143026.952,0.3927947505
143041.952,0.3927502322
143056.952,0.3927057253
143071.952,0.3926612297
143086.952,0.3926167455
143101.952,0.3925722727
143116.952,0.3925278111
143131.952,0.3924833609
143146.952,0.3924389221
143161.952,0.3923944946
143176.952,0.3923500784
143191.952,0.3923056736
143206.952,0.39226128
143221.952,0.3922168978
143236.952,0.3921725269
143251.952,0.3921281673
143266.952,0.392083819
143281.952,0.3920394821
143296.952,0.3919951564
143311.952,0.391950842
143326.952,0.3919065389
143341.952,0.3918622471
143356.952,0.3918179665
143371.952,0.3917736973
143386.952,0.3917294393
143401.952,0.3916851926
143416.952,0.3916409572
143431.952,0.391596733
143446.952,0.3915525201
143461.952,0.3915083184
143476.952,0.391464128
143491.952,0.3914199489
143506.952,0.391375781
143521.952,0.3913316243
143536.952,0.3912874788
143551.952,0.3912433446
143566.952,0.3911992217
143581.952,0.3911551099
143596.952,0.3911110094
143611.952,0.3910669201
143626.952,0.391022842
143641.952,0.3909787751
143656.952,0.3909347194
143671.952,0.3908906749
143686.952,0.3908466416
143701.952,0.3908026195
143716.952,0.3907586086
143731.952,0.3907146089
143746.952,0.3906706203
143761.952,0.390626643
143776.952,0.3905826768
143791.952,0.3905387218
143806.952,0.3904947779
143821.952,0.3904508452
143836.952,0.3904069237
143851.952,0.3903630133
143866.952,0.3903191141
143881.952,0.390275226
143896.952,0.3902313491
143911.952,0.3901874833
143926.952,0.3901436286
143941.952,0.3900997851
143956.952,0.3900559527
143971.952,0.3900121314
143986.952,0.3899683213
144001.952,0.3899245222
144016.952,0.3898807343
144031.952,0.3898369575
144046.952,0.3897931918
144061.952,0.3897494372
144076.952,0.3897056936
144091.952,0.3896619612
144106.952,0.3896182399
144121.952,0.3895745296
144136.952,0.3895308305
144151.952,0.3894871424
144166.952,0.3894434654
144181.952,0.3893997994
144196.952,0.3893561446
144211.952,0.3893125008
144226.952,0.389268868
144241.952,0.3892252463
144256.952,0.3891816357
144271.952,0.3891380361
144286.952,0.3890944475
144301.952,0.38905087
144316.952,0.3890073035
144331.952,0.3889637481
144346.952,0.3889202036
144361.952,0.3888766703
144376.952,0.3888331479
144391.952,0.3887896365
144406.952,0.3887461362
144421.952,0.3887026468
144436.952,0.3886591685
144451.952,0.3886157012
144466.952,0.3885722449
144481.952,0.3885287995
144496.952,0.3884853652
144511.952,0.3884419418
144526.952,0.3883985295
144541.952,0.3883551281
144556.952,0.3883117377
144571.952,0.3882683582
144586.952,0.3882249897
144601.952,0.3881816322
144616.952,0.3881382857
144631.952,0.3880949501
144646.952,0.3880516254
144661.952,0.3880083117
144676.952,0.387965009
144691.952,0.3879217172
144706.952,0.3878784363
144721.952,0.3878351664
144736.952,0.3877919074
144751.952,0.3877486593
144766.952,0.3877054221
144781.952,0.3876621959
144796.952,0.3876189806
144811.952,0.3875757762
144826.952,0.3875325827
144841.952,0.3874894001
144856.952,0.3874462284
144871.952,0.3874030676
144886.952,0.3873599177
144901.952,0.3873167786
144916.952,0.3872736505
144931.952,0.3872305332
144946.952,0.3871874269
144961.952,0.3871443314
144976.952,0.3871012467
144991.952,0.387058173
145006.952,0.3870151101
145021.952,0.386972058
145036.952,0.3869290168
145051.952,0.3868859865
145066.952,0.386842967
145081.952,0.3867999584
145096.952,0.3867569606
145111.952,0.3867139736
145126.952,0.3866709975
145141.952,0.3866280322
145156.952,0.3865850777
145171.952,0.386542134
145186.952,0.3864992012
145201.952,0.3864562792
145216.952,0.3864133679
145231.952,0.3863704675
145246.952,0.3863275779
145261.952,0.3862846991
145276.952,0.3862418311
145291.952,0.3861989739
145306.952,0.3861561275
145321.952,0.3861132918
145336.952,0.386070467
145351.952,0.3860276529
145366.952,0.3859848496
145381.952,0.385942057
145396.952,0.3858992753
145411.952,0.3858565043
145426.952,0.385813744
145441.952,0.3857709945
145456.952,0.3857282558
145471.952,0.3856855278
145486.952,0.3856428105
145501.952,0.385600104
145516.952,0.3855574082
145531.952,0.3855147232
145546.952,0.3854720489
145561.952,0.3854293853
145576.952,0.3853867324
145591.952,0.3853440903
145606.952,0.3853014588
145621.952,0.3852588381
145636.952,0.3852162281
145651.952,0.3851736288
145666.952,0.3851310402
145681.952,0.3850884623
145696.952,0.385045895
145711.952,0.3850033385
145726.952,0.3849607927
145741.952,0.3849182575
145756.952,0.384875733
145771.952,0.3848332192
145786.952,0.3847907161
145801.952,0.3847482236
145816.952,0.3847057418
145831.952,0.3846632706
145846.952,0.3846208101
145861.952,0.3845783603
145876.952,0.3845359211
145891.952,0.3844934926
145906.952,0.3844510747
145921.952,0.3844086674
145936.952,0.3843662708
145951.952,0.3843238848
145966.952,0.3842815094
145981.952,0.3842391446
145996.952,0.3841967905
146011.952,0.384154447
146026.952,0.3841121141
146041.952,0.3840697918
146056.952,0.3840274801
146071.952,0.383985179
146086.952,0.3839428885
146101.952,0.3839006086
146116.952,0.3838583393
146131.952,0.3838160806
146146.952,0.3837738325
146161.952,0.3837315949
146176.952,0.383689368
146191.952,0.3836471516
146206.952,0.3836049457
146221.952,0.3835627505
146236.952,0.3835205658
146251.952,0.3834783916
146266.952,0.383436228
146281.952,0.383394075
146296.952,0.3833519325
146311.952,0.3833098005
146326.952,0.3832676791
146341.952,0.3832255682
146356.952,0.3831834679
146371.952,0.3831413781
146386.952,0.3830992988
146401.952,0.38305723
146416.952,0.3830151718
146431.952,0.3829731241
146446.952,0.3829310869
146461.952,0.3828890602
146476.952,0.3828470439
146491.952,0.3828050382
146506.952,0.382763043
146521.952,0.3827210583
146536.952,0.3826790841
146551.952,0.3826371204
146566.952,0.3825951671
146581.952,0.3825532243
146596.952,0.3825112921
146611.952,0.3824693702
146626.952,0.3824274589
146641.952,0.382385558
146656.952,0.3823436676
146671.952,0.3823017876
146686.952,0.3822599181
146701.952,0.382218059
146716.952,0.3821762104
146731.952,0.3821343722
146746.952,0.3820925445
146761.952,0.3820507272
146776.952,0.3820089203
146791.952,0.3819671239
146806.952,0.3819253379
146821.952,0.3818835623
146836.952,0.3818417971
146851.952,0.3818000424
146866.952,0.381758298
146881.952,0.3817165641
146896.952,0.3816748406
146911.952,0.3816331274
146926.952,0.3815914247
146941.952,0.3815497324
146956.952,0.3815080504
146971.952,0.3814663789
146986.952,0.3814247177
147001.952,0.3813830669
147016.952,0.3813414265
147031.952,0.3812997964
147046.952,0.3812581768
147061.952,0.3812165674
147076.952,0.3811749685
147091.952,0.3811333799
147106.952,0.3810918017
147121.952,0.3810502338
147136.952,0.3810086763
147151.952,0.3809671291
147166.952,0.3809255922
147181.952,0.3808840657
147196.952,0.3808425495
147211.952,0.3808010437
147226.952,0.3807595482
147241.952,0.380718063
147256.952,0.3806765881
147271.952,0.3806351235
147286.952,0.3805936693
147301.952,0.3805522254
147316.952,0.3805107917
147331.952,0.3804693684
147346.952,0.3804279554
147361.952,0.3803865527
147376.952,0.3803451602
147391.952,0.3803037781
147406.952,0.3802624062
147421.952,0.3802210446
147436.952,0.3801796933
147451.952,0.3801383523
147466.952,0.3800970215
147481.952,0.380055701
147496.952,0.3800143908
147511.952,0.3799730908
147526.952,0.3799318011
147541.952,0.3798905217
147556.952,0.3798492525
147571.952,0.3798079935
147586.952,0.3797667448
147601.952,0.3797255063
147616.952,0.3796842781
147631.952,0.3796430601
147646.952,0.3796018523
147661.952,0.3795606547
147676.952,0.3795194674
147691.952,0.3794782903
147706.952,0.3794371234
147721.952,0.3793959667
147736.952,0.3793548202
147751.952,0.379313684
147766.952,0.3792725579
147781.952,0.379231442
147796.952,0.3791903364
147811.952,0.3791492409
147826.952,0.3791081556
147841.952,0.3790670805
147856.952,0.3790260155
147871.952,0.3789849608
147886.952,0.3789439162
147901.952,0.3789028818
147916.952,0.3788618576
147931.952,0.3788208435
147946.952,0.3787798396
147961.952,0.3787388458
147976.952,0.3786978622
147991.952,0.3786568887
148006.952,0.3786159254
148021.952,0.3785749723
148036.952,0.3785340292
148051.952,0.3784930963
148066.952,0.3784521736
148081.952,0.378411261
148096.952,0.3783703585
148111.952,0.3783294661
148126.952,0.3782885838
148141.952,0.3782477117
148156.952,0.3782068496
148171.952,0.3781659977
148186.952,0.3781251559
148201.952,0.3780843242
148216.952,0.3780435026
148231.952,0.378002691
148246.952,0.3779618896
148261.952,0.3779210983
148276.952,0.377880317
148291.952,0.3778395458
148306.952,0.3777987847
148321.952,0.3777580337
148336.952,0.3777172928
148351.952,0.3776765619
148366.952,0.3776358411
148381.952,0.3775951303
148396.952,0.3775544296
148411.952,0.3775137389
148426.952,0.3774730583
148441.952,0.3774323878
148456.952,0.3773917273
148471.952,0.3773510768
148486.952,0.3773104364
148501.952,0.377269806
148516.952,0.3772291857
148531.952,0.3771885753
148546.952,0.377147975
148561.952,0.3771073847
148576.952,0.3770668044
148591.952,0.3770262342
148606.952,0.3769856739
148621.952,0.3769451237
148636.952,0.3769045835
148651.952,0.3768640532
148666.952,0.376823533
148681.952,0.3767830227
148696.952,0.3767425225
148711.952,0.3767020322
148726.952,0.3766615519
148741.952,0.3766210816
148756.952,0.3765806213
148771.952,0.3765401709
148786.952,0.3764997305
148801.952,0.3764593001
148816.952,0.3764188796
148831.952,0.3763784691
148846.952,0.3763380686
148861.952,0.376297678
148876.952,0.3762572973
148891.952,0.3762169267
148906.952,0.3761765659
148921.952,0.3761362151
148936.952,0.3760958742
148951.952,0.3760555433
148966.952,0.3760152222
148981.952,0.3759749112
148996.952,0.37593461
149011.952,0.3758943187
149026.952,0.3758540374
149041.952,0.375813766
149056.952,0.3757735045
149071.952,0.3757332529
149086.952,0.3756930112
149101.952,0.3756527794
149116.952,0.3756125575
149131.952,0.3755723455
149146.952,0.3755321434
149161.952,0.3754919511
149176.952,0.3754517688
149191.952,0.3754115963
149206.952,0.3753714337
149221.952,0.375331281
149236.952,0.3752911381
149251.952,0.3752510051
149266.952,0.375210882
149281.952,0.3751707687
149296.952,0.3751306653
149311.952,0.3750905718
149326.952,0.3750504881
149341.952,0.3750104142
149356.952,0.3749703502
149371.952,0.374930296
149386.952,0.3748902517
149401.952,0.3748502172
149416.952,0.3748101925
149431.952,0.3747701776
149446.952,0.3747301726
149461.952,0.3746901774
149476.952,0.374650192
149491.952,0.3746102164
149506.952,0.3745702507
149521.952,0.3745302947
149536.952,0.3744903485
149551.952,0.3744504122
149566.952,0.3744104856
149581.952,0.3743705688
149596.952,0.3743306619
149611.952,0.3742907647
149626.952,0.3742508773
149641.952,0.3742109996
149656.952,0.3741711318
149671.952,0.3741312737
149686.952,0.3740914254
149701.952,0.3740515869
149716.952,0.3740117581
149731.952,0.3739719391
149746.952,0.3739321298
149761.952,0.3738923303
149776.952,0.3738525405
149791.952,0.3738127605
149806.952,0.3737729903
149821.952,0.3737332298
149836.952,0.373693479
149851.952,0.3736537379
149866.952,0.3736140066
149881.952,0.373574285
149896.952,0.3735345731
149911.952,0.373494871
149926.952,0.3734551786
149941.952,0.3734154959
149956.952,0.3733758229
149971.952,0.3733361596
149986.952,0.373296506
150001.952,0.3732568621
150016.952,0.3732172279
150031.952,0.3731776034
150046.952,0.3731379886
150061.952,0.3730983835
150076.952,0.3730587881
150091.952,0.3730192024
150106.952,0.3729796263
150121.952,0.3729400599
150136.952,0.3729005032
150151.952,0.3728609561
150166.952,0.3728214188
150181.952,0.372781891
150196.952,0.372742373
150211.952,0.3727028646
150226.952,0.3726633658
150241.952,0.3726238767
150256.952,0.3725843973
150271.952,0.3725449275
150286.952,0.3725054673
150301.952,0.3724660168
150316.952,0.3724265759
150331.952,0.3723871446
150346.952,0.372347723
150361.952,0.372308311
150376.952,0.3722689086
150391.952,0.3722295158
150406.952,0.3721901327
150421.952,0.3721507591
150436.952,0.3721113952
150451.952,0.3720720408
150466.952,0.3720326961
150481.952,0.371993361
150496.952,0.3719540354
150511.952,0.3719147195
150526.952,0.3718754131
150541.952,0.3718361163
150556.952,0.3717968291
150571.952,0.3717575515
150586.952,0.3717182835
150601.952,0.371679025
150616.952,0.3716397761
150631.952,0.3716005368
150646.952,0.371561307
150661.952,0.3715220868
150676.952,0.3714828762
150691.952,0.3714436751
150706.952,0.3714044835
150721.952,0.3713653015
150736.952,0.3713261291
150751.952,0.3712869662
150766.952,0.3712478128
150781.952,0.3712086689
150796.952,0.3711695346
150811.952,0.3711304099
150826.952,0.3710912946
150841.952,0.3710521889
150856.952,0.3710130926
150871.952,0.3709740059
150886.952,0.3709349287
150901.952,0.3708958611
150916.952,0.3708568029
150931.952,0.3708177542
150946.952,0.370778715
150961.952,0.3707396854
150976.952,0.3707006652
150991.952,0.3706616545
151006.952,0.3706226533
151021.952,0.3705836616
151036.952,0.3705446793
151051.952,0.3705057066
151066.952,0.3704667433
151081.952,0.3704277894
151096.952,0.3703888451
151111.952,0.3703499102
151126.952,0.3703109848
151141.952,0.3702720688
151156.952,0.3702331623
151171.952,0.3701942652
151186.952,0.3701553776
151201.952,0.3701164994
151216.952,0.3700776307
151231.952,0.3700387714
151246.952,0.3699999216
151261.952,0.3699610812
151276.952,0.3699222502
151291.952,0.3698834286
151306.952,0.3698446165
151321.952,0.3698058138
151336.952,0.3697670205
151351.952,0.3697282366
151366.952,0.3696894621
151381.952,0.3696506971
151396.952,0.3696119414
151411.952,0.3695731951
151426.952,0.3695344583
151441.952,0.3694957308
151456.952,0.3694570128
151471.952,0.3694183041
151486.952,0.3693796048
151501.952,0.3693409149
151516.952,0.3693022343
151531.952,0.3692635632
151546.952,0.3692249014
151561.952,0.369186249
151576.952,0.3691476059
151591.952,0.3691089723
151606.952,0.3690703479
151621.952,0.369031733
151636.952,0.3689931274
151651.952,0.3689545311
151666.952,0.3689159442
151681.952,0.3688773667
151696.952,0.3688387984
151711.952,0.3688002396
151726.952,0.36876169
151741.952,0.3687231498
151756.952,0.3686846189
151771.952,0.3686460974
151786.952,0.3686075852
151801.952,0.3685690822
151816.952,0.3685305887
151831.952,0.3684921044
151846.952,0.3684536294
151861.952,0.3684151638
151876.952,0.3683767074
151891.952,0.3683382604
151906.952,0.3682998226
151921.952,0.3682613942
151936.952,0.368222975
151951.952,0.3681845651
151966.952,0.3681461646
151981.952,0.3681077733
151996.952,0.3680693912
152011.952,0.3680310185
152026.952,0.367992655
152041.952,0.3679543008
152056.952,0.3679159559
152071.952,0.3678776202
152086.952,0.3678392938
152101.952,0.3678009767
152116.952,0.3677626688
152131.952,0.3677243702
152146.952,0.3676860808
152161.952,0.3676478007
152176.952,0.3676095298
152191.952,0.3675712681
152206.952,0.3675330157
152221.952,0.3674947725
152236.952,0.3674565386
152251.952,0.3674183139
152266.952,0.3673800984
152281.952,0.3673418921
152296.952,0.367303695
152311.952,0.3672655072
152326.952,0.3672273286
152341.952,0.3671891592
152356.952,0.367150999
152371.952,0.367112848
152386.952,0.3670747061
152401.952,0.3670365735
152416.952,0.3669984501
152431.952,0.3669603359
152446.952,0.3669222309
152461.952,0.366884135
152476.952,0.3668460484
152491.952,0.3668079709
152506.952,0.3667699026
152521.952,0.3667318435
152536.952,0.3666937935
152551.952,0.3666557527
152566.952,0.3666177211
152581.952,0.3665796986
152596.952,0.3665416853
152611.952,0.3665036811
152626.952,0.3664656861
152641.952,0.3664277003
152656.952,0.3663897236
152671.952,0.366351756
152686.952,0.3663137976
152701.952,0.3662758483
152716.952,0.3662379082
152731.952,0.3661999771
152746.952,0.3661620552
152761.952,0.3661241425
152776.952,0.3660862388
152791.952,0.3660483443
152806.952,0.3660104589
152821.952,0.3659725826
152836.952,0.3659347154
152851.952,0.3658968573
152866.952,0.3658590083
152881.952,0.3658211684
152896.952,0.3657833377
152911.952,0.365745516
152926.952,0.3657077034
152941.952,0.3656698999
152956.952,0.3656321055
152971.952,0.3655943201
152986.952,0.3655565439
153001.952,0.3655187767
153016.952,0.3654810186
153031.952,0.3654432696
153046.952,0.3654055296
153061.952,0.3653677987
153076.952,0.3653300768
153091.952,0.3652923641
153106.952,0.3652546603
153121.952,0.3652169657
153136.952,0.36517928
153151.952,0.3651416035
153166.952,0.3651039359
153181.952,0.3650662774
153196.952,0.365028628
153211.952,0.3649909876
153226.952,0.3649533562
153241.952,0.3649157338
153256.952,0.3648781205
153271.952,0.3648405162
153286.952,0.3648029209
153301.952,0.3647653346
153316.952,0.3647277574
153331.952,0.3646901891
153346.952,0.3646526299
153361.952,0.3646150796
153376.952,0.3645775384
153391.952,0.3645400062
153406.952,0.3645024829
153421.952,0.3644649687
153436.952,0.3644274634
153451.952,0.3643899672
153466.952,0.3643524799
153481.952,0.3643150016
153496.952,0.3642775323
153511.952,0.3642400719
153526.952,0.3642026206
153541.952,0.3641651782
153556.952,0.3641277447
153571.952,0.3640903202
153586.952,0.3640529047
153601.952,0.3640154982
153616.952,0.3639781006
153631.952,0.3639407119
153646.952,0.3639033322
153661.952,0.3638659615
153676.952,0.3638285997
153691.952,0.3637912468
153706.952,0.3637539029
153721.952,0.3637165679
153736.952,0.3636792418
153751.952,0.3636419247
153766.952,0.3636046165
153781.952,0.3635673172
153796.952,0.3635300268
153811.952,0.3634927453
153826.952,0.3634554728
153841.952,0.3634182092
153856.952,0.3633809544
153871.952,0.3633437086
153886.952,0.3633064717
153901.952,0.3632692437
153916.952,0.3632320246
153931.952,0.3631948143
153946.952,0.363157613
153961.952,0.3631204205
153976.952,0.363083237
153991.952,0.3630460623
154006.952,0.3630088965
154021.952,0.3629717396
154036.952,0.3629345915
154051.952,0.3628974523
154066.952,0.362860322
154081.952,0.3628232005
154096.952,0.3627860879
154111.952,0.3627489842
154126.952,0.3627118893
154141.952,0.3626748033
154156.952,0.3626377261
154171.952,0.3626006578
154186.952,0.3625635983
154201.952,0.3625265476
154216.952,0.3624895058
154231.952,0.3624524728
154246.952,0.3624154487
154261.952,0.3623784333
154276.952,0.3623414269
154291.952,0.3623044292
154306.952,0.3622674403
154321.952,0.3622304603
154336.952,0.3621934891
154351.952,0.3621565267
154366.952,0.3621195731
154381.952,0.3620826283
154396.952,0.3620456923
154411.952,0.3620087651
154426.952,0.3619718467
154441.952,0.3619349371
154456.952,0.3618980363
154471.952,0.3618611443
154486.952,0.3618242611
154501.952,0.3617873866
154516.952,0.361750521
154531.952,0.3617136641
154546.952,0.361676816
154561.952,0.3616399766
154576.952,0.361603146
154591.952,0.3615663242
154606.952,0.3615295112
154621.952,0.3614927069
154636.952,0.3614559113
154651.952,0.3614191246
154666.952,0.3613823465
154681.952,0.3613455773
154696.952,0.3613088167
154711.952,0.3612720649
154726.952,0.3612353219
154741.952,0.3611985876
154756.952,0.361161862
154771.952,0.3611251451
154786.952,0.361088437
154801.952,0.3610517376
154816.952,0.3610150469
154831.952,0.360978365
154846.952,0.3609416917
154861.952,0.3609050272
154876.952,0.3608683714
154891.952,0.3608317243
154906.952,0.3607950859
154921.952,0.3607584562
154936.952,0.3607218352
154951.952,0.3606852229
154966.952,0.3606486193
154981.952,0.3606120244
154996.952,0.3605754381
155011.952,0.3605388606
155026.952,0.3605022917
155041.952,0.3604657316
155056.952,0.3604291801
155071.952,0.3603926372
155086.952,0.3603561031
155101.952,0.3603195776
155116.952,0.3602830608
155131.952,0.3602465526
155146.952,0.3602100531
155161.952,0.3601735622
155176.952,0.3601370801
155191.952,0.3601006065
155206.952,0.3600641416
155221.952,0.3600276854
155236.952,0.3599912378
155251.952,0.3599547988
155266.952,0.3599183685
155281.952,0.3598819468
155296.952,0.3598455337
155311.952,0.3598091293
155326.952,0.3597727335
155341.952,0.3597363463
155356.952,0.3596999678
155371.952,0.3596635978
155386.952,0.3596272365
155401.952,0.3595908838
155416.952,0.3595545397
155431.952,0.3595182042
155446.952,0.3594818773
155461.952,0.359445559
155476.952,0.3594092493
155491.952,0.3593729482
155506.952,0.3593366557
155521.952,0.3593003717
155536.952,0.3592640964
155551.952,0.3592278297
155566.952,0.3591915715
155581.952,0.3591553219
155596.952,0.3591190809
155611.952,0.3590828484
155626.952,0.3590466245
155641.952,0.3590104092
155656.952,0.3589742025
155671.952,0.3589380043
155686.952,0.3589018147
155701.952,0.3588656336
155716.952,0.3588294611
155731.952,0.3587932971
155746.952,0.3587571417
155761.952,0.3587209949
155776.952,0.3586848565
155791.952,0.3586487267
155806.952,0.3586126055
155821.952,0.3585764927
155836.952,0.3585403886
155851.952,0.3585042929
155866.952,0.3584682058
155881.952,0.3584321271
155896.952,0.358396057
155911.952,0.3583599955
155926.952,0.3583239424
155941.952,0.3582878978
155956.952,0.3582518618
155971.952,0.3582158343
155986.952,0.3581798152
156001.952,0.3581438047
156016.952,0.3581078026
156031.952,0.3580718091
156046.952,0.3580358241
156061.952,0.3579998475
156076.952,0.3579638794
156091.952,0.3579279198
156106.952,0.3578919687
156121.952,0.3578560261
156136.952,0.3578200919
156151.952,0.3577841662
156166.952,0.357748249
156181.952,0.3577123403
156196.952,0.35767644
156211.952,0.3576405482
156226.952,0.3576046648
156241.952,0.3575687899
156256.952,0.3575329234
156271.952,0.3574970654
156286.952,0.3574612159
156301.952,0.3574253747
156316.952,0.3573895421
156331.952,0.3573537178
156346.952,0.3573179021
156361.952,0.3572820947
156376.952,0.3572462958
156391.952,0.3572105053
156406.952,0.3571747232
156421.952,0.3571389495
156436.952,0.3571031843
156451.952,0.3570674275
156466.952,0.3570316791
156481.952,0.3569959391
156496.952,0.3569602075
156511.952,0.3569244844
156526.952,0.3568887696
156541.952,0.3568530632
156556.952,0.3568173653
156571.952,0.3567816757
156586.952,0.3567459945
156601.952,0.3567103217
156616.952,0.3566746573
156631.952,0.3566390013
156646.952,0.3566033537
156661.952,0.3565677144
156676.952,0.3565320836
156691.952,0.3564964611
156706.952,0.3564608469
156721.952,0.3564252412
156736.952,0.3563896438
156751.952,0.3563540547
156766.952,0.3563184741
156781.952,0.3562829018
156796.952,0.3562473378
156811.952,0.3562117822
156826.952,0.3561762349
156841.952,0.356140696
156856.952,0.3561051655
156871.952,0.3560696432
156886.952,0.3560341293
156901.952,0.3559986238
156916.952,0.3559631266
156931.952,0.3559276377
156946.952,0.3558921571
156961.952,0.3558566849
156976.952,0.355821221
156991.952,0.3557857654
157006.952,0.3557503181
157021.952,0.3557148792
157036.952,0.3556794485
157051.952,0.3556440262
157066.952,0.3556086121
157081.952,0.3555732064
157096.952,0.355537809
157111.952,0.3555024199
157126.952,0.355467039
157141.952,0.3554316665
157156.952,0.3553963022
157171.952,0.3553609463
157186.952,0.3553255986
157201.952,0.3552902592
157216.952,0.3552549281
157231.952,0.3552196052
157246.952,0.3551842907
157261.952,0.3551489844
157276.952,0.3551136864
157291.952,0.3550783966
157306.952,0.3550431151
157321.952,0.3550078419
157336.952,0.3549725769
157351.952,0.3549373202
157366.952,0.3549020717
157381.952,0.3548668315
157396.952,0.3548315995
157411.952,0.3547963758
157426.952,0.3547611603
157441.952,0.354725953
157456.952,0.354690754
157471.952,0.3546555633
157486.952,0.3546203807
157501.952,0.3545852064
157516.952,0.3545500403
157531.952,0.3545148825
157546.952,0.3544797328
157561.952,0.3544445914
157576.952,0.3544094582
157591.952,0.3543743332
157606.952,0.3543392164
157621.952,0.3543041078
157636.952,0.3542690074
157651.952,0.3542339153
157666.952,0.3541988313
157681.952,0.3541637555
157696.952,0.3541286879
157711.952,0.3540936285
157726.952,0.3540585773
157741.952,0.3540235343
157756.952,0.3539884995
157771.952,0.3539534728
157786.952,0.3539184544
157801.952,0.3538834441
157816.952,0.3538484419
157831.952,0.353813448
157846.952,0.3537784622
157861.952,0.3537434846
157876.952,0.3537085151
157891.952,0.3536735538
157906.952,0.3536386007
157921.952,0.3536036557
157936.952,0.3535687189
157951.952,0.3535337902
157966.952,0.3534988696
157981.952,0.3534639572
157996.952,0.353429053
158011.952,0.3533941569
158026.952,0.3533592689
158041.952,0.3533243891
158056.952,0.3532895173
158071.952,0.3532546538
158086.952,0.3532197983
158101.952,0.353184951
158116.952,0.3531501117
158131.952,0.3531152807
158146.952,0.3530804577
158161.952,0.3530456428
158176.952,0.353010836
158191.952,0.3529760374
158206.952,0.3529412468
158221.952,0.3529064644
158236.952,0.3528716901
158251.952,0.3528369238
158266.952,0.3528021657
158281.952,0.3527674156
158296.952,0.3527326736
158311.952,0.3526979397
158326.952,0.3526632139
158341.952,0.3526284962
158356.952,0.3525937866
158371.952,0.352559085
158386.952,0.3525243915
158401.952,0.3524897061
158416.952,0.3524550287
158431.952,0.3524203594
158446.952,0.3523856982
158461.952,0.3523510451
158476.952,0.3523163999
158491.952,0.3522817629
158506.952,0.3522471339
158521.952,0.352212513
158536.952,0.3521779001
158551.952,0.3521432952
158566.952,0.3521086984
158581.952,0.3520741096
158596.952,0.3520395289
158611.952,0.3520049562
158626.952,0.3519703915
158641.952,0.3519358349
158656.952,0.3519012863
158671.952,0.3518667457
158686.952,0.3518322131
158701.952,0.3517976886
158716.952,0.351763172
158731.952,0.3517286635
158746.952,0.351694163
158761.952,0.3516596705
158776.952,0.351625186
158791.952,0.3515907095
158806.952,0.351556241
158821.952,0.3515217806
158836.952,0.3514873281
158851.952,0.3514528836
158866.952,0.3514184471
158881.952,0.3513840186
158896.952,0.351349598
158911.952,0.3513151855
158926.952,0.3512807809
158941.952,0.3512463843
158956.952,0.3512119957
158971.952,0.3511776151
158986.952,0.3511432424
159001.952,0.3511088777
159016.952,0.3510745209
159031.952,0.3510401722
159046.952,0.3510058314
159061.952,0.3509714985
159076.952,0.3509371736
159091.952,0.3509028566
159106.952,0.3508685476
159121.952,0.3508342466
159136.952,0.3507999535
159151.952,0.3507656683
159166.952,0.3507313911
159181.952,0.3506971218
159196.952,0.3506628604
159211.952,0.350628607
159226.952,0.3505943615
159241.952,0.350560124
159256.952,0.3505258943
159271.952,0.3504916726
159286.952,0.3504574588
159301.952,0.3504232529
159316.952,0.3503890549
159331.952,0.3503548649
159346.952,0.3503206827
159361.952,0.3502865085
159376.952,0.3502523422
159391.952,0.3502181837
159406.952,0.3501840332
159421.952,0.3501498906
159436.952,0.3501157558
159451.952,0.350081629
159466.952,0.35004751
159481.952,0.3500133989
159496.952,0.3499792957
159511.952,0.3499452004
159526.952,0.349911113
159541.952,0.3498770334
159556.952,0.3498429617
159571.952,0.3498088979
159586.952,0.349774842
159601.952,0.3497407939
159616.952,0.3497067537
159631.952,0.3496727213
159646.952,0.3496386968
159661.952,0.3496046802
159676.952,0.3495706714
159691.952,0.3495366705
159706.952,0.3495026774
159721.952,0.3494686922
159736.952,0.3494347148
159751.952,0.3494007452
159766.952,0.3493667835
159781.952,0.3493328296
159796.952,0.3492988836
159811.952,0.3492649454
159826.952,0.349231015
159841.952,0.3491970924
159856.952,0.3491631777
159871.952,0.3491292708
159886.952,0.3490953717
159901.952,0.3490614804
159916.952,0.3490275969
159931.952,0.3489937213
159946.952,0.3489598534
159961.952,0.3489259934
159976.952,0.3488921411
159991.952,0.3488582967
160006.952,0.3488244601
160021.952,0.3487906312
160036.952,0.3487568102
160051.952,0.3487229969
160066.952,0.3486891915
160081.952,0.3486553938
160096.952,0.3486216039
160111.952,0.3485878218
160126.952,0.3485540474
160141.952,0.3485202809
160156.952,0.3484865221
160171.952,0.3484527711
160186.952,0.3484190278
160201.952,0.3483852923
160216.952,0.3483515646
160231.952,0.3483178447
160246.952,0.3482841325
160261.952,0.348250428
160276.952,0.3482167313
160291.952,0.3481830424
160306.952,0.3481493612
160321.952,0.3481156878
160336.952,0.3480820221
160351.952,0.3480483641
160366.952,0.3480147139
160381.952,0.3479810714
160396.952,0.3479474367
160411.952,0.3479138097
160426.952,0.3478801904
160441.952,0.3478465789
160456.952,0.347812975
160471.952,0.3477793789
160486.952,0.3477457905
160501.952,0.3477122099
160516.952,0.3476786369
160531.952,0.3476450716
160546.952,0.3476115141
160561.952,0.3475779643
160576.952,0.3475444222
160591.952,0.3475108877
160606.952,0.347477361
160621.952,0.347443842
160636.952,0.3474103307
160651.952,0.347376827
160666.952,0.3473433311
160681.952,0.3473098428
160696.952,0.3472763622
160711.952,0.3472428893
160726.952,0.3472094241
160741.952,0.3471759666
160756.952,0.3471425167
160771.952,0.3471090745
160786.952,0.34707564
160801.952,0.3470422132
160816.952,0.347008794
160831.952,0.3469753825
160846.952,0.3469419786
160861.952,0.3469085824
160876.952,0.3468751939
160891.952,0.346841813
160906.952,0.3468084397
160921.952,0.3467750741
160936.952,0.3467417162
160951.952,0.3467083659
160966.952,0.3466750232
160981.952,0.3466416882
160996.952,0.3466083608
161011.952,0.3465750411
161026.952,0.3465417289
161041.952,0.3465084245
161056.952,0.3464751276
161071.952,0.3464418383
161086.952,0.3464085567
161101.952,0.3463752827
161116.952,0.3463420163
161131.952,0.3463087576
161146.952,0.3462755064
161161.952,0.3462422629
161176.952,0.3462090269
161191.952,0.3461757986
161206.952,0.3461425779
161221.952,0.3461093647
161236.952,0.3460761592
161251.952,0.3460429612
161266.952,0.3460097709
161281.952,0.3459765881
161296.952,0.345943413
161311.952,0.3459102454
161326.952,0.3458770854
161341.952,0.345843933
161356.952,0.3458107881
161371.952,0.3457776509
161386.952,0.3457445212
161401.952,0.345711399
161416.952,0.3456782845
161431.952,0.3456451775
161446.952,0.3456120781
161461.952,0.3455789862
161476.952,0.3455459019
161491.952,0.3455128252
161506.952,0.345479756
161521.952,0.3454466943
161536.952,0.3454136403
161551.952,0.3453805937
161566.952,0.3453475547
161581.952,0.3453145233
161596.952,0.3452814993
161611.952,0.345248483
161626.952,0.3452154741
161641.952,0.3451824728
161656.952,0.345149479
161671.952,0.3451164928
161686.952,0.3450835141
161701.952,0.3450505429
161716.952,0.3450175792
161731.952,0.344984623
161746.952,0.3449516744
161761.952,0.3449187332
161776.952,0.3448857996
161791.952,0.3448528735
161806.952,0.3448199549
161821.952,0.3447870438
161836.952,0.3447541402
161851.952,0.3447212441
161866.952,0.3446883555
161881.952,0.3446554744
161896.952,0.3446226008
161911.952,0.3445897346
161926.952,0.344556876
161941.952,0.3445240248
161956.952,0.3444911812
161971.952,0.344458345
161986.952,0.3444255163
162001.952,0.344392695
162016.952,0.3443598813
162031.952,0.344327075
162046.952,0.3442942761
162061.952,0.3442614848
162076.952,0.3442287009
162091.952,0.3441959245
162106.952,0.3441631555
162121.952,0.344130394
162136.952,0.3440976399
162151.952,0.3440648933
162166.952,0.3440321541
162181.952,0.3439994224
162196.952,0.3439666982
162211.952,0.3439339813
162226.952,0.343901272
162241.952,0.34386857
162256.952,0.3438358755
162271.952,0.3438031884
162286.952,0.3437705088
162301.952,0.3437378366
162316.952,0.3437051718
162331.952,0.3436725144
162346.952,0.3436398645
162361.952,0.3436072219
162376.952,0.3435745868
162391.952,0.3435419591
162406.952,0.3435093388
162421.952,0.343476726
162436.952,0.3434441205
162451.952,0.3434115224
162466.952,0.3433789318
162481.952,0.3433463485
162496.952,0.3433137727
162511.952,0.3432812042
162526.952,0.3432486431
162541.952,0.3432160895
162556.952,0.3431835432
162571.952,0.3431510043
162586.952,0.3431184727
162601.952,0.3430859486
162616.952,0.3430534319
162631.952,0.3430209225
162646.952,0.3429884205
162661.952,0.3429559258
162676.952,0.3429234386
162691.952,0.3428909587
162706.952,0.3428584861
162721.952,0.342826021
162736.952,0.3427935632
162751.952,0.3427611127
162766.952,0.3427286696
162781.952,0.3426962339
162796.952,0.3426638055
162811.952,0.3426313845
162826.952,0.3425989708
162841.952,0.3425665645
162856.952,0.3425341655
162871.952,0.3425017738
162886.952,0.3424693895
162901.952,0.3424370125
162916.952,0.3424046428
162931.952,0.3423722805
162946.952,0.3423399255
162961.952,0.3423075778
162976.952,0.3422752375
162991.952,0.3422429045
163006.952,0.3422105788
163021.952,0.3421782604
163036.952,0.3421459493
163051.952,0.3421136456
163066.952,0.3420813491
163081.952,0.34204906
163096.952,0.3420167781
163111.952,0.3419845036
163126.952,0.3419522364
163141.952,0.3419199764
163156.952,0.3418877238
163171.952,0.3418554784
163186.952,0.3418232404
163201.952,0.3417910096
163216.952,0.3417587862
163231.952,0.34172657
163246.952,0.3416943611
163261.952,0.3416621594
163276.952,0.3416299651
163291.952,0.341597778
163306.952,0.3415655982
163321.952,0.3415334257
163336.952,0.3415012604
163351.952,0.3414691024
163366.952,0.3414369517
163381.952,0.3414048082
163396.952,0.341372672
163411.952,0.3413405431
163426.952,0.3413084214
163441.952,0.3412763069
163456.952,0.3412441997
163471.952,0.3412120998
163486.952,0.3411800071
163501.952,0.3411479216
163516.952,0.3411158434
163531.952,0.3410837724
163546.952,0.3410517087
163561.952,0.3410196522
163576.952,0.3409876029
163591.952,0.3409555609
163606.952,0.3409235261
163621.952,0.3408914985
163636.952,0.3408594781
163651.952,0.340827465
163666.952,0.3407954591
163681.952,0.3407634604
163696.952,0.3407314689
163711.952,0.3406994846
163726.952,0.3406675075
163741.952,0.3406355377
163756.952,0.340603575
163771.952,0.3405716195
163786.952,0.3405396713
163801.952,0.3405077302
163816.952,0.3404757964
163831.952,0.3404438697
163846.952,0.3404119502
163861.952,0.340380038
163876.952,0.3403481329
163891.952,0.3403162349
163906.952,0.3402843442
163921.952,0.3402524607
163936.952,0.3402205843
163951.952,0.3401887151
163966.952,0.3401568531
163981.952,0.3401249982
163996.952,0.3400931505
164011.952,0.34006131
164026.952,0.3400294767
164041.952,0.3399976505
164056.952,0.3399658315
164071.952,0.3399340196
164086.952,0.3399022149
164101.952,0.3398704173
164116.952,0.3398386269
164131.952,0.3398068436
164146.952,0.3397750675
164161.952,0.3397432986
164176.952,0.3397115367
164191.952,0.339679782
164206.952,0.3396480345
164221.952,0.3396162941
164236.952,0.3395845608
164251.952,0.3395528346
164266.952,0.3395211156
164281.952,0.3394894037
164296.952,0.339457699
164311.952,0.3394260013
164326.952,0.3393943108
164341.952,0.3393626274
164356.952,0.3393309511
164371.952,0.3392992819
164386.952,0.3392676198
164401.952,0.3392359649
164416.952,0.339204317
164431.952,0.3391726763
164446.952,0.3391410426
164461.952,0.3391094161
164476.952,0.3390777966
164491.952,0.3390461843
164506.952,0.339014579
164521.952,0.3389829808
164536.952,0.3389513897
164551.952,0.3389198057
164566.952,0.3388882288
164581.952,0.338856659
164596.952,0.3388250963
164611.952,0.3387935406
164626.952,0.338761992
164641.952,0.3387304505
164656.952,0.338698916
164671.952,0.3386673886
164686.952,0.3386358683
164701.952,0.3386043551
164716.952,0.3385728489
164731.952,0.3385413497
164746.952,0.3385098577
164761.952,0.3384783727
164776.952,0.3384468947
164791.952,0.3384154238
164806.952,0.3383839599
164821.952,0.3383525031
164836.952,0.3383210533
164851.952,0.3382896106
164866.952,0.3382581749
164881.952,0.3382267463
164896.952,0.3381953247
164911.952,0.3381639101
164926.952,0.3381325025
164941.952,0.338101102
164956.952,0.3380697085
164971.952,0.338038322
164986.952,0.3380069426
165001.952,0.3379755702
165016.952,0.3379442048
165031.952,0.3379128464
165046.952,0.337881495
165061.952,0.3378501506
165076.952,0.3378188133
165091.952,0.3377874829
165106.952,0.3377561596
165121.952,0.3377248433
165136.952,0.3376935339
165151.952,0.3376622316
165166.952,0.3376309362
165181.952,0.3375996479
165196.952,0.3375683665
165211.952,0.3375370922
165226.952,0.3375058248
165241.952,0.3374745644
165256.952,0.337443311
165271.952,0.3374120646
165286.952,0.3373808251
165301.952,0.3373495926
165316.952,0.3373183671
165331.952,0.3372871486
165346.952,0.3372559371
165361.952,0.3372247325
165376.952,0.3371935349
165391.952,0.3371623442
165406.952,0.3371311605
165421.952,0.3370999838
165436.952,0.337068814
165451.952,0.3370376512
165466.952,0.3370064953
165481.952,0.3369753464
165496.952,0.3369442044
165511.952,0.3369130694
165526.952,0.3368819413
165541.952,0.3368508202
165556.952,0.336819706
165571.952,0.3367885987
165586.952,0.3367574984
165601.952,0.336726405
165616.952,0.3366953186
165631.952,0.336664239
165646.952,0.3366331664
165661.952,0.3366021008
165676.952,0.336571042
165691.952,0.3365399902
165706.952,0.3365089453
165721.952,0.3364779073
165736.952,0.3364468762
165751.952,0.336415852
165766.952,0.3363848347
165781.952,0.3363538244
165796.952,0.3363228209
165811.952,0.3362918244
165826.952,0.3362608348
165841.952,0.336229852
165856.952,0.3361988762
165871.952,0.3361679072
165886.952,0.3361369452
165901.952,0.33610599
165916.952,0.3360750417
165931.952,0.3360441003
165946.952,0.3360131658
165961.952,0.3359822382
165976.952,0.3359513174
165991.952,0.3359204036
166006.952,0.3358894966
166021.952,0.3358585965
166036.952,0.3358277032
166051.952,0.3357968168
166066.952,0.3357659373
166081.952,0.3357350647
166096.952,0.3357041989
166111.952,0.33567334
166126.952,0.3356424879
166141.952,0.3356116427
166156.952,0.3355808044
166171.952,0.3355499729
166186.952,0.3355191482
166201.952,0.3354883304
166216.952,0.3354575194
166231.952,0.3354267153
166246.952,0.3353959181
166261.952,0.3353651276
166276.952,0.335334344
166291.952,0.3353035673
166306.952,0.3352727974
166321.952,0.3352420343
166336.952,0.335211278
166351.952,0.3351805286
166366.952,0.335149786
166381.952,0.3351190502
166396.952,0.3350883212
166411.952,0.335057599
166426.952,0.3350268837
166441.952,0.3349961752
166456.952,0.3349654735
166471.952,0.3349347786
166486.952,0.3349040905
166501.952,0.3348734092
166516.952,0.3348427347
166531.952,0.334812067
166546.952,0.3347814062
166561.952,0.3347507521
166576.952,0.3347201048
166591.952,0.3346894643
166606.952,0.3346588306
166621.952,0.3346282037
166636.952,0.3345975835
166651.952,0.3345669702
166666.952,0.3345363636
166681.952,0.3345057639
166696.952,0.3344751709
166711.952,0.3344445846
166726.952,0.3344140052
166741.952,0.3343834325
166756.952,0.3343528666
166771.952,0.3343223075
166786.952,0.3342917551
166801.952,0.3342612095
166816.952,0.3342306706
166831.952,0.3342001385
166846.952,0.3341696132
166861.952,0.3341390946
166876.952,0.3341085828
166891.952,0.3340780777
166906.952,0.3340475794
166921.952,0.3340170878
166936.952,0.333986603
166951.952,0.3339561249
166966.952,0.3339256536
166981.952,0.3338951889
166996.952,0.3338647311
167011.952,0.3338342799
167026.952,0.3338038355
167041.952,0.3337733979
167056.952,0.3337429669
167071.952,0.3337125427
167086.952,0.3336821252
167101.952,0.3336517144
167116.952,0.3336213104
167131.952,0.333590913
167146.952,0.3335605224
167161.952,0.3335301385
167176.952,0.3334997613
167191.952,0.3334693908
167206.952,0.333439027
167221.952,0.33340867
167236.952,0.3333783196
167251.952,0.3333479759
167266.952,0.333317639
167281.952,0.3332873087
167296.952,0.3332569851
167311.952,0.3332266682
167326.952,0.3331963581
167341.952,0.3331660546
167356.952,0.3331357577
167371.952,0.3331054676
167386.952,0.3330751842
167401.952,0.3330449074
167416.952,0.3330146373
167431.952,0.3329843739
167446.952,0.3329541172
167461.952,0.3329238671
167476.952,0.3328936237
167491.952,0.332863387
167506.952,0.3328331569
167521.952,0.3328029335
167536.952,0.3327727168
167551.952,0.3327425067
167566.952,0.3327123033
167581.952,0.3326821066
167596.952,0.3326519165
167611.952,0.332621733
167626.952,0.3325915562
167641.952,0.3325613861
167656.952,0.3325312226
167671.952,0.3325010657
167686.952,0.3324709155
167701.952,0.3324407719
167716.952,0.3324106349
167731.952,0.3323805046
167746.952,0.332350381
167761.952,0.3323202639
167776.952,0.3322901535
167791.952,0.3322600497
167806.952,0.3322299526
167821.952,0.332199862
167836.952,0.3321697781
167851.952,0.3321397008
167866.952,0.3321096301
167881.952,0.3320795661
167896.952,0.3320495086
167911.952,0.3320194578
167926.952,0.3319894135
167941.952,0.3319593759
167956.952,0.3319293449
167971.952,0.3318993205
167986.952,0.3318693027
168001.952,0.3318392915
168016.952,0.3318092868
168031.952,0.3317792888
168046.952,0.3317492974
168061.952,0.3317193126
168076.952,0.3316893343
168091.952,0.3316593626
168106.952,0.3316293976
168121.952,0.3315994391
168136.952,0.3315694872
168151.952,0.3315395418
168166.952,0.3315096031
168181.952,0.3314796709
168196.952,0.3314497453
168211.952,0.3314198262
168226.952,0.3313899138
168241.952,0.3313600079
168256.952,0.3313301085
168271.952,0.3313002157
168286.952,0.3312703295
168301.952,0.3312404499
168316.952,0.3312105768
168331.952,0.3311807102
168346.952,0.3311508502
168361.952,0.3311209968
168376.952,0.3310911499
168391.952,0.3310613095
168406.952,0.3310314757
168421.952,0.3310016485
168436.952,0.3309718277
168451.952,0.3309420136
168466.952,0.3309122059
168481.952,0.3308824048
168496.952,0.3308526102
168511.952,0.3308228222
168526.952,0.3307930407
168541.952,0.3307632657
168556.952,0.3307334972
168571.952,0.3307037353
168586.952,0.3306739798
168601.952,0.3306442309
168616.952,0.3306144885
168631.952,0.3305847527
168646.952,0.3305550233
168661.952,0.3305253004
168676.952,0.3304955841
168691.952,0.3304658743
168706.952,0.3304361709
168721.952,0.3304064741
168736.952,0.3303767838
168751.952,0.3303470999
168766.952,0.3303174226
168781.952,0.3302877518
168796.952,0.3302580874
168811.952,0.3302284295
168826.952,0.3301987782
168841.952,0.3301691333
168856.952,0.3301394949
168871.952,0.330109863
168886.952,0.3300802376
168901.952,0.3300506186
168916.952,0.3300210061
168931.952,0.3299914001
168946.952,0.3299618006
168961.952,0.3299322075
168976.952,0.3299026209
168991.952,0.3298730408
169006.952,0.3298434672
169021.952,0.3298139
169036.952,0.3297843392
169051.952,0.3297547849
169066.952,0.3297252371
169081.952,0.3296956958
169096.952,0.3296661608
169111.952,0.3296366324
169126.952,0.3296071104
169141.952,0.3295775948
169156.952,0.3295480857
169171.952,0.329518583
169186.952,0.3294890868
169201.952,0.329459597
169216.952,0.3294301136
169231.952,0.3294006367
169246.952,0.3293711662
169261.952,0.3293417022
169276.952,0.3293122445
169291.952,0.3292827933
169306.952,0.3292533486
169321.952,0.3292239102
169336.952,0.3291944783
169351.952,0.3291650528
169366.952,0.3291356337
169381.952,0.329106221
169396.952,0.3290768147
169411.952,0.3290474149
169426.952,0.3290180214
169441.952,0.3289886344
169456.952,0.3289592538
169471.952,0.3289298795
169486.952,0.3289005117
169501.952,0.3288711503
169516.952,0.3288417953
169531.952,0.3288124466
169546.952,0.3287831044
169561.952,0.3287537686
169576.952,0.3287244391
169591.952,0.328695116
169606.952,0.3286657994
169621.952,0.3286364891
169636.952,0.3286071852
169651.952,0.3285778876
169666.952,0.3285485965
169681.952,0.3285193117
169696.952,0.3284900333
169711.952,0.3284607613
169726.952,0.3284314956
169741.952,0.3284022363
169756.952,0.3283729834
169771.952,0.3283437369
169786.952,0.3283144967
169801.952,0.3282852628
169816.952,0.3282560354
169831.952,0.3282268143
169846.952,0.3281975995
169861.952,0.3281683911
169876.952,0.328139189
169891.952,0.3281099933
169906.952,0.328080804
169921.952,0.328051621
169936.952,0.3280224443
169951.952,0.327993274
169966.952,0.32796411
169981.952,0.3279349523
169996.952,0.327905801
170011.952,0.327876656
170026.952,0.3278475174
170041.952,0.3278183851
170056.952,0.3277892591
170071.952,0.3277601394
170086.952,0.3277310261
170101.952,0.3277019191
170116.952,0.3276728184
170131.952,0.327643724
170146.952,0.3276146359
170161.952,0.3275855542
170176.952,0.3275564788
170191.952,0.3275274097
170206.952,0.3274983468
170221.952,0.3274692903
170236.952,0.3274402401
170251.952,0.3274111962
170266.952,0.3273821587
170281.952,0.3273531274
170296.952,0.3273241024
170311.952,0.3272950837
170326.952,0.3272660713
170341.952,0.3272370651
170356.952,0.3272080653
170371.952,0.3271790718
170386.952,0.3271500845
170401.952,0.3271211036
170416.952,0.3270921289
170431.952,0.3270631605
170446.952,0.3270341983
170461.952,0.3270052425
170476.952,0.3269762929
170491.952,0.3269473496
170506.952,0.3269184126
170521.952,0.3268894818
170536.952,0.3268605573
170551.952,0.3268316391
170566.952,0.3268027271
170581.952,0.3267738214
170596.952,0.326744922
170611.952,0.3267160288
170626.952,0.3266871419
170641.952,0.3266582612
170656.952,0.3266293867
170671.952,0.3266005186
170686.952,0.3265716566
170701.952,0.326542801
170716.952,0.3265139515
170731.952,0.3264851083
170746.952,0.3264562714
170761.952,0.3264274406
170776.952,0.3263986162
170791.952,0.3263697979
170806.952,0.3263409859
170821.952,0.3263121801
170836.952,0.3262833806
170851.952,0.3262545872
170866.952,0.3262258001
170881.952,0.3261970193
170896.952,0.3261682446
170911.952,0.3261394762
170926.952,0.326110714
170941.952,0.326081958
170956.952,0.3260532082
170971.952,0.3260244646
170986.952,0.3259957272
171001.952,0.3259669961
171016.952,0.3259382711
171031.952,0.3259095524
171046.952,0.3258808398
171061.952,0.3258521335
171076.952,0.3258234333
171091.952,0.3257947394
171106.952,0.3257660516
171121.952,0.3257373701
171136.952,0.3257086947
171151.952,0.3256800255
171166.952,0.3256513626
171181.952,0.3256227058
171196.952,0.3255940551
171211.952,0.3255654107
171226.952,0.3255367724
171241.952,0.3255081404
171256.952,0.3254795145
171271.952,0.3254508947
171286.952,0.3254222812
171301.952,0.3253936738
171316.952,0.3253650726
171331.952,0.3253364775
171346.952,0.3253078887
171361.952,0.3252793059
171376.952,0.3252507294
171391.952,0.325222159
171406.952,0.3251935948
171421.952,0.3251650367
171436.952,0.3251364847
171451.952,0.325107939
171466.952,0.3250793993
171481.952,0.3250508659
171496.952,0.3250223385
171511.952,0.3249938173
171526.952,0.3249653023
171541.952,0.3249367934
171556.952,0.3249082906
171571.952,0.324879794
171586.952,0.3248513035
171601.952,0.3248228192
171616.952,0.3247943409
171631.952,0.3247658689
171646.952,0.3247374029
171661.952,0.324708943
171676.952,0.3246804893
171691.952,0.3246520417
171706.952,0.3246236003
171721.952,0.3245951649
171736.952,0.3245667357
171751.952,0.3245383126
171766.952,0.3245098956
171781.952,0.3244814847
171796.952,0.3244530799
171811.952,0.3244246812
171826.952,0.3243962886
171841.952,0.3243679022
171856.952,0.3243395218
171871.952,0.3243111475
171886.952,0.3242827794
171901.952,0.3242544173
171916.952,0.3242260613
171931.952,0.3241977115
171946.952,0.3241693677
171961.952,0.32414103
171976.952,0.3241126984
171991.952,0.3240843728
172006.952,0.3240560534
172021.952,0.32402774
172036.952,0.3239994327
172051.952,0.3239711315
172066.952,0.3239428364
172081.952,0.3239145474
172096.952,0.3238862644
172111.952,0.3238579875
172126.952,0.3238297167
172141.952,0.3238014519
172156.952,0.3237731932
172171.952,0.3237449405
172186.952,0.323716694
172201.952,0.3236884534
172216.952,0.323660219
172231.952,0.3236319906
172246.952,0.3236037682
172261.952,0.3235755519
172276.952,0.3235473417
172291.952,0.3235191375
172306.952,0.3234909394
172321.952,0.3234627473
172336.952,0.3234345612
172351.952,0.3234063812
172366.952,0.3233782072
172381.952,0.3233500393
172396.952,0.3233218774
172411.952,0.3232937215
172426.952,0.3232655717
172441.952,0.3232374279
172456.952,0.3232092901
172471.952,0.3231811584
172486.952,0.3231530326
172501.952,0.3231249129
172516.952,0.3230967993
172531.952,0.3230686916
172546.952,0.32304059
172561.952,0.3230124944
172576.952,0.3229844048
172591.952,0.3229563212
172606.952,0.3229282436
172621.952,0.322900172
172636.952,0.3228721065
172651.952,0.3228440469
172666.952,0.3228159934
172681.952,0.3227879458
172696.952,0.3227599043
172711.952,0.3227318687
172726.952,0.3227038391
172741.952,0.3226758156
172756.952,0.322647798
172771.952,0.3226197864
172786.952,0.3225917809
172801.952,0.3225637813
172816.952,0.3225357876
172831.952,0.3225078
172846.952,0.3224798184
172861.952,0.3224518427
172876.952,0.322423873
172891.952,0.3223959093
172906.952,0.3223679516
172921.952,0.3223399998
172936.952,0.322312054
172951.952,0.3222841142
172966.952,0.3222561804
172981.952,0.3222282525
172996.952,0.3222003306
173011.952,0.3221724146
173026.952,0.3221445046
173041.952,0.3221166006
173056.952,0.3220887025
173071.952,0.3220608104
173086.952,0.3220329242
173101.952,0.322005044
173116.952,0.3219771697
173131.952,0.3219493014
173146.952,0.321921439
173161.952,0.3218935826
173176.952,0.3218657321
173191.952,0.3218378875
173206.952,0.3218100489
173221.952,0.3217822163
173236.952,0.3217543895
173251.952,0.3217265687
173266.952,0.3216987539
173281.952,0.3216709449
173296.952,0.3216431419
173311.952,0.3216153448
173326.952,0.3215875537
173341.952,0.3215597685
173356.952,0.3215319891
173371.952,0.3215042158
173386.952,0.3214764483
173401.952,0.3214486867
173416.952,0.3214209311
173431.952,0.3213931814
173446.952,0.3213654375
173461.952,0.3213376996
173476.952,0.3213099676
173491.952,0.3212822415
173506.952,0.3212545214
173521.952,0.3212268071
173536.952,0.3211990987
173551.952,0.3211713962
173566.952,0.3211436996
173581.952,0.3211160089
173596.952,0.3210883241
173611.952,0.3210606452
173626.952,0.3210329722
173641.952,0.321005305
173656.952,0.3209776438
173671.952,0.3209499884
173686.952,0.3209223389
173701.952,0.3208946953
173716.952,0.3208670576
173731.952,0.3208394258
173746.952,0.3208117998
173761.952,0.3207841797
173776.952,0.3207565655
173791.952,0.3207289571
173806.952,0.3207013547
173821.952,0.320673758
173836.952,0.3206461673
173851.952,0.3206185824
173866.952,0.3205910034
173881.952,0.3205634302
173896.952,0.3205358629
173911.952,0.3205083015
173926.952,0.3204807459
173941.952,0.3204531961
173956.952,0.3204256523
173971.952,0.3203981142
173986.952,0.320370582
174001.952,0.3203430557
174016.952,0.3203155352
174031.952,0.3202880205
174046.952,0.3202605117
174061.952,0.3202330087
174076.952,0.3202055116
174091.952,0.3201780203
174106.952,0.3201505348
174121.952,0.3201230551
174136.952,0.3200955813
174151.952,0.3200681134
174166.952,0.3200406512
174181.952,0.3200131949
174196.952,0.3199857444
174211.952,0.3199582997
174226.952,0.3199308608
174241.952,0.3199034278
174256.952,0.3198760005
174271.952,0.3198485791
174286.952,0.3198211635
174301.952,0.3197937537
174316.952,0.3197663497
174331.952,0.3197389516
174346.952,0.3197115592
174361.952,0.3196841726
174376.952,0.3196567919
174391.952,0.3196294169
174406.952,0.3196020478
174421.952,0.3195746844
174436.952,0.3195473268
174451.952,0.3195199751
174466.952,0.3194926291
174481.952,0.3194652889
174496.952,0.3194379545
174511.952,0.3194106259
174526.952,0.319383303
174541.952,0.319355986
174556.952,0.3193286747
174571.952,0.3193013692
174586.952,0.3192740695
174601.952,0.3192467756
174616.952,0.3192194874
174631.952,0.3191922051
174646.952,0.3191649285
174661.952,0.3191376576
174676.952,0.3191103925
174691.952,0.3190831332
174706.952,0.3190558797
174721.952,0.3190286319
174736.952,0.3190013899
174751.952,0.3189741537
174766.952,0.3189469232
174781.952,0.3189196984
174796.952,0.3188924794
174811.952,0.3188652662
174826.952,0.3188380587
174841.952,0.318810857
174856.952,0.318783661
174871.952,0.3187564707
174886.952,0.3187292862
174901.952,0.3187021075
174916.952,0.3186749345
174931.952,0.3186477672
174946.952,0.3186206057
174961.952,0.3185934499
174976.952,0.3185662998
174991.952,0.3185391555
175006.952,0.3185120169
175021.952,0.318484884
175036.952,0.3184577568
175051.952,0.3184306354
175066.952,0.3184035197
175081.952,0.3183764097
175096.952,0.3183493055
175111.952,0.3183222069
175126.952,0.3182951141
175141.952,0.318268027
175156.952,0.3182409456
175171.952,0.3182138699
175186.952,0.3181868
175201.952,0.3181597357
175216.952,0.3181326771
175231.952,0.3181056243
175246.952,0.3180785771
175261.952,0.3180515357
175276.952,0.3180244999
175291.952,0.3179974699
175306.952,0.3179704455
175321.952,0.3179434269
175336.952,0.3179164139
175351.952,0.3178894067
175366.952,0.3178624051
175381.952,0.3178354092
175396.952,0.317808419
175411.952,0.3177814344
175426.952,0.3177544556
175441.952,0.3177274825
175456.952,0.317700515
175471.952,0.3176735532
175486.952,0.3176465971
175501.952,0.3176196466
175516.952,0.3175927018
175531.952,0.3175657627
175546.952,0.3175388293
175561.952,0.3175119015
175576.952,0.3174849794
175591.952,0.317458063
175606.952,0.3174311522
175621.952,0.3174042471
175636.952,0.3173773476
175651.952,0.3173504539
175666.952,0.3173235657
175681.952,0.3172966832
175696.952,0.3172698064
175711.952,0.3172429352
175726.952,0.3172160697
175741.952,0.3171892098
175756.952,0.3171623556
175771.952,0.317135507
175786.952,0.317108664
175801.952,0.3170818267
175816.952,0.3170549951
175831.952,0.317028169
175846.952,0.3170013486
175861.952,0.3169745339
175876.952,0.3169477248
175891.952,0.3169209213
175906.952,0.3168941234
175921.952,0.3168673312
175936.952,0.3168405445
175951.952,0.3168137636
175966.952,0.3167869882
175981.952,0.3167602184
175996.952,0.3167334543
176011.952,0.3167066958
176026.952,0.3166799429
176041.952,0.3166531957
176056.952,0.316626454
176071.952,0.3165997179
176086.952,0.3165729875
176101.952,0.3165462627
176116.952,0.3165195434
176131.952,0.3164928298
176146.952,0.3164661218
176161.952,0.3164394194
176176.952,0.3164127226
176191.952,0.3163860313
176206.952,0.3163593457
176221.952,0.3163326657
176236.952,0.3163059912
176251.952,0.3162793224
176266.952,0.3162526591
176281.952,0.3162260015
176296.952,0.3161993494
176311.952,0.3161727029
176326.952,0.316146062
176341.952,0.3161194267
176356.952,0.3160927969
176371.952,0.3160661727
176386.952,0.3160395541
176401.952,0.3160129411
176416.952,0.3159863337
176431.952,0.3159597318
176446.952,0.3159331355
176461.952,0.3159065447
176476.952,0.3158799596
176491.952,0.31585338
176506.952,0.3158268059
176521.952,0.3158002374
176536.952,0.3157736745
176551.952,0.3157471171
176566.952,0.3157205653
176581.952,0.3156940191
176596.952,0.3156674784
176611.952,0.3156409432
176626.952,0.3156144136
176641.952,0.3155878896
176656.952,0.3155613711
176671.952,0.3155348581
176686.952,0.3155083507
176701.952,0.3154818489
176716.952,0.3154553525
176731.952,0.3154288617
176746.952,0.3154023765
176761.952,0.3153758968
176776.952,0.3153494226
176791.952,0.3153229539
176806.952,0.3152964908
176821.952,0.3152700332
176836.952,0.3152435812
176851.952,0.3152171346
176866.952,0.3151906936
176881.952,0.3151642581
176896.952,0.3151378282
176911.952,0.3151114037
176926.952,0.3150849848
176941.952,0.3150585714
176956.952,0.3150321635
176971.952,0.3150057611
176986.952,0.3149793642
177001.952,0.3149529728
177016.952,0.314926587
177031.952,0.3149002066
177046.952,0.3148738317
177061.952,0.3148474624
177076.952,0.3148210986
177091.952,0.3147947402
177106.952,0.3147683874
177121.952,0.31474204
177136.952,0.3147156982
177151.952,0.3146893618
177166.952,0.3146630309
177181.952,0.3146367055
177196.952,0.3146103856
177211.952,0.3145840712
177226.952,0.3145577623
177241.952,0.3145314589
177256.952,0.3145051609
177271.952,0.3144788685
177286.952,0.3144525815
177301.952,0.3144262999
177316.952,0.3144000239
177331.952,0.3143737533
177346.952,0.3143474882
177361.952,0.3143212286
177376.952,0.3142949745
177391.952,0.3142687258
177406.952,0.3142424826
177421.952,0.3142162448
177436.952,0.3141900125
177451.952,0.3141637857
177466.952,0.3141375643
177481.952,0.3141113484
177496.952,0.3140851379
177511.952,0.3140589329
177526.952,0.3140327334
177541.952,0.3140065393
177556.952,0.3139803506
177571.952,0.3139541674
177586.952,0.3139279897
177601.952,0.3139018173
177616.952,0.3138756505
177631.952,0.3138494891
177646.952,0.3138233331
177661.952,0.3137971825
177676.952,0.3137710374
177691.952,0.3137448978
177706.952,0.3137187635
177721.952,0.3136926347
177736.952,0.3136665113
177751.952,0.3136403934
177766.952,0.3136142809
177781.952,0.3135881738
177796.952,0.3135620721
177811.952,0.3135359759
177826.952,0.313509885
177841.952,0.3134837996
177856.952,0.3134577197
177871.952,0.3134316451
177886.952,0.3134055759
177901.952,0.3133795122
177916.952,0.3133534539
177931.952,0.3133274009
177946.952,0.3133013534
177961.952,0.3132753113
177976.952,0.3132492746
177991.952,0.3132232433
178006.952,0.3131972174
178021.952,0.313171197
178036.952,0.3131451819
178051.952,0.3131191722
178066.952,0.3130931679
178081.952,0.313067169
178096.952,0.3130411755
178111.952,0.3130151873
178126.952,0.3129892046
178141.952,0.3129632273
178156.952,0.3129372553
178171.952,0.3129112887
178186.952,0.3128853276
178201.952,0.3128593718
178216.952,0.3128334213
178231.952,0.3128074763
178246.952,0.3127815366
178261.952,0.3127556023
178276.952,0.3127296734
178291.952,0.3127037498
178306.952,0.3126778317
178321.952,0.3126519189
178336.952,0.3126260114
178351.952,0.3126001093
178366.952,0.3125742126
178381.952,0.3125483213
178396.952,0.3125224353
178411.952,0.3124965547
178426.952,0.3124706794
178441.952,0.3124448095
178456.952,0.3124189449
178471.952,0.3123930857
178486.952,0.3123672319
178501.952,0.3123413834
178516.952,0.3123155402
178531.952,0.3122897024
178546.952,0.31226387
178561.952,0.3122380429
178576.952,0.3122122211
178591.952,0.3121864047
178606.952,0.3121605936
178621.952,0.3121347878
178636.952,0.3121089874
178651.952,0.3120831923
178666.952,0.3120574026
178681.952,0.3120316181
178696.952,0.3120058391
178711.952,0.3119800653
178726.952,0.3119542969
178741.952,0.3119285338
178756.952,0.311902776
178771.952,0.3118770235
178786.952,0.3118512764
178801.952,0.3118255346
178816.952,0.3117997981
178831.952,0.3117740669
178846.952,0.311748341
178861.952,0.3117226204
178876.952,0.3116969052
178891.952,0.3116711952
178906.952,0.3116454906
178921.952,0.3116197913
178936.952,0.3115940973
178951.952,0.3115684086
178966.952,0.3115427252
178981.952,0.311517047
178996.952,0.3114913742
179011.952,0.3114657067
179026.952,0.3114400445
179041.952,0.3114143876
179056.952,0.3113887359
179071.952,0.3113630896
179086.952,0.3113374486
179101.952,0.3113118128
179116.952,0.3112861823
179131.952,0.3112605571
179146.952,0.3112349372
179161.952,0.3112093226
179176.952,0.3111837133
179191.952,0.3111581092
179206.952,0.3111325104
179221.952,0.3111069169
179236.952,0.3110813287
179251.952,0.3110557457
179266.952,0.311030168
179281.952,0.3110045956
179296.952,0.3109790284
179311.952,0.3109534666
179326.952,0.3109279099
179341.952,0.3109023586
179356.952,0.3108768125
179371.952,0.3108512716
179386.952,0.3108257361
179401.952,0.3108002058
179416.952,0.3107746807
179431.952,0.3107491609
179446.952,0.3107236463
179461.952,0.310698137
179476.952,0.310672633
179491.952,0.3106471342
179506.952,0.3106216406
179521.952,0.3105961523
179536.952,0.3105706692
179551.952,0.3105451914
179566.952,0.3105197188
179581.952,0.3104942515
179596.952,0.3104687894
179611.952,0.3104433325
179626.952,0.3104178809
179641.952,0.3103924345
179656.952,0.3103669933
179671.952,0.3103415573
179686.952,0.3103161266
179701.952,0.3102907011
179716.952,0.3102652809
179731.952,0.3102398659
179746.952,0.310214456
179761.952,0.3101890514
179776.952,0.3101636521
179791.952,0.3101382579
179806.952,0.310112869
179821.952,0.3100874853
179836.952,0.3100621067
179851.952,0.3100367334
179866.952,0.3100113654
179881.952,0.3099860025
179896.952,0.3099606448
179911.952,0.3099352923
179926.952,0.3099099451
179941.952,0.309884603
179956.952,0.3098592662
179971.952,0.3098339345
179986.952,0.3098086081
180001.952,0.3097832868
180016.952,0.3097579707
180031.952,0.3097326599
180046.952,0.3097073542
180061.952,0.3096820537
180076.952,0.3096567584
180091.952,0.3096314683
180106.952,0.3096061834
180121.952,0.3095809036
180136.952,0.3095556291
180151.952,0.3095303597
180166.952,0.3095050955
180181.952,0.3094798365
180196.952,0.3094545826
180211.952,0.309429334
180226.952,0.3094040905
180241.952,0.3093788522
180256.952,0.309353619
180271.952,0.309328391
180286.952,0.3093031682
180301.952,0.3092779506
180316.952,0.3092527381
180331.952,0.3092275308
180346.952,0.3092023287
180361.952,0.3091771317
180376.952,0.3091519399
180391.952,0.3091267532
180406.952,0.3091015717
180421.952,0.3090763953
180436.952,0.3090512241
180451.952,0.3090260581
180466.952,0.3090008971
180481.952,0.3089757414
180496.952,0.3089505908
180511.952,0.3089254453
180526.952,0.308900305
180541.952,0.3088751698
180556.952,0.3088500398
180571.952,0.3088249149
180586.952,0.3087997952
180601.952,0.3087746805
180616.952,0.3087495711
180631.952,0.3087244667
180646.952,0.3086993675
180661.952,0.3086742734
180676.952,0.3086491845
180691.952,0.3086241006
180706.952,0.3085990219
180721.952,0.3085739484
180736.952,0.3085488799
180751.952,0.3085238166
180766.952,0.3084987584
180781.952,0.3084737053
180796.952,0.3084486573
180811.952,0.3084236145
180826.952,0.3083985767
180841.952,0.3083735441
180856.952,0.3083485166
180871.952,0.3083234942
180886.952,0.3082984769
180901.952,0.3082734647
180916.952,0.3082484576
180931.952,0.3082234557
180946.952,0.3081984588
180961.952,0.308173467
180976.952,0.3081484803
180991.952,0.3081234988
181006.952,0.3080985223
181021.952,0.3080735509
181036.952,0.3080485846
181051.952,0.3080236234
181066.952,0.3079986673
181081.952,0.3079737163
181096.952,0.3079487704
181111.952,0.3079238295
181126.952,0.3078988938
181141.952,0.3078739631
181156.952,0.3078490375
181171.952,0.307824117
181186.952,0.3077992016
181201.952,0.3077742913
181216.952,0.307749386
181231.952,0.3077244858
181246.952,0.3076995907
181261.952,0.3076747006
181276.952,0.3076498156
181291.952,0.3076249357
181306.952,0.3076000609
181321.952,0.3075751911
181336.952,0.3075503264
181351.952,0.3075254668
181366.952,0.3075006122
181381.952,0.3074757626
181396.952,0.3074509182
181411.952,0.3074260788
181426.952,0.3074012444
181441.952,0.3073764151
181456.952,0.3073515909
181471.952,0.3073267717
181486.952,0.3073019575
181501.952,0.3072771484
181516.952,0.3072523444
181531.952,0.3072275454
181546.952,0.3072027514
181561.952,0.3071779625
181576.952,0.3071531786
181591.952,0.3071283998
181606.952,0.307103626
181621.952,0.3070788573
181636.952,0.3070540935
181651.952,0.3070293349
181666.952,0.3070045812
181681.952,0.3069798326
181696.952,0.306955089
181711.952,0.3069303504
181726.952,0.3069056169
181741.952,0.3068808884
181756.952,0.3068561649
181771.952,0.3068314464
181786.952,0.306806733
181801.952,0.3067820246
181816.952,0.3067573212
181831.952,0.3067326228
181846.952,0.3067079294
181861.952,0.3066832411
181876.952,0.3066585577
181891.952,0.3066338794
181906.952,0.3066092061
181921.952,0.3065845377
181936.952,0.3065598744
181951.952,0.3065352161
181966.952,0.3065105628
181981.952,0.3064859145
181996.952,0.3064612712
182011.952,0.3064366329
182026.952,0.3064119996
182041.952,0.3063873713
182056.952,0.306362748
182071.952,0.3063381297
182086.952,0.3063135164
182101.952,0.3062889081
182116.952,0.3062643047
182131.952,0.3062397064
182146.952,0.306215113
182161.952,0.3061905247
182176.952,0.3061659413
182191.952,0.3061413629
182206.952,0.3061167894
182221.952,0.306092221
182236.952,0.3060676575
182251.952,0.306043099
182266.952,0.3060185455
182281.952,0.3059939969
182296.952,0.3059694534
182311.952,0.3059449148
182326.952,0.3059203811
182341.952,0.3058958525
182356.952,0.3058713288
182371.952,0.30584681
182386.952,0.3058222963
182401.952,0.3057977875
182416.952,0.3057732836
182431.952,0.3057487847
182446.952,0.3057242908
182461.952,0.3056998018
182476.952,0.3056753178
182491.952,0.3056508388
182506.952,0.3056263647
182521.952,0.3056018955
182536.952,0.3055774313
182551.952,0.305552972
182566.952,0.3055285177
182581.952,0.3055040684
182596.952,0.3054796239
182611.952,0.3054551845
182626.952,0.3054307499
182641.952,0.3054063203
182656.952,0.3053818957
182671.952,0.3053574759
182686.952,0.3053330612
182701.952,0.3053086513
182716.952,0.3052842464
182731.952,0.3052598464
182746.952,0.3052354513
182761.952,0.3052110612
182776.952,0.305186676
182791.952,0.3051622957
182806.952,0.3051379204
182821.952,0.3051135499
182836.952,0.3050891844
182851.952,0.3050648238
182866.952,0.3050404682
182881.952,0.3050161174
182896.952,0.3049917716
182911.952,0.3049674307
182926.952,0.3049430947
182941.952,0.3049187636
182956.952,0.3048944374
182971.952,0.3048701161
182986.952,0.3048457997
183001.952,0.3048214883
183016.952,0.3047971817
183031.952,0.30477288
183046.952,0.3047485833
183061.952,0.3047242914
183076.952,0.3047000045
183091.952,0.3046757224
183106.952,0.3046514452
183121.952,0.304627173
183136.952,0.3046029056
183151.952,0.3045786431
183166.952,0.3045543855
183181.952,0.3045301328
183196.952,0.304505885
183211.952,0.3044816421
183226.952,0.304457404
183241.952,0.3044331709
183256.952,0.3044089426
183271.952,0.3043847192
183286.952,0.3043605007
183301.952,0.3043362871
183316.952,0.3043120783
183331.952,0.3042878744
183346.952,0.3042636754
183361.952,0.3042394813
183376.952,0.304215292
183391.952,0.3041911076
183406.952,0.3041669281
183421.952,0.3041427534
183436.952,0.3041185836
183451.952,0.3040944187
183466.952,0.3040702586
183481.952,0.3040461034
183496.952,0.304021953
183511.952,0.3039978075
183526.952,0.3039736669
183541.952,0.3039495311
183556.952,0.3039254002
183571.952,0.3039012741
183586.952,0.3038771529
183601.952,0.3038530365
183616.952,0.303828925
183631.952,0.3038048183
183646.952,0.3037807165
183661.952,0.3037566195
183676.952,0.3037325274
183691.952,0.3037084401
183706.952,0.3036843576
183721.952,0.30366028
183736.952,0.3036362073
183751.952,0.3036121393
183766.952,0.3035880762
183781.952,0.3035640179
183796.952,0.3035399645
183811.952,0.3035159159
183826.952,0.3034918721
183841.952,0.3034678332
183856.952,0.303443799
183871.952,0.3034197697
183886.952,0.3033957453
183901.952,0.3033717256
183916.952,0.3033477108
183931.952,0.3033237008
183946.952,0.3032996956
183961.952,0.3032756952
183976.952,0.3032516996
183991.952,0.3032277089
184006.952,0.303203723
184021.952,0.3031797418
184036.952,0.3031557655
184051.952,0.303131794
184066.952,0.3031078273
184081.952,0.3030838654
184096.952,0.3030599084
184111.952,0.3030359561
184126.952,0.3030120086
184141.952,0.3029880659
184156.952,0.3029641281
184171.952,0.302940195
184186.952,0.3029162667
184201.952,0.3028923432
184216.952,0.3028684245
184231.952,0.3028445106
184246.952,0.3028206015
184261.952,0.3027966972
184276.952,0.3027727977
184291.952,0.3027489029
184306.952,0.302725013
184321.952,0.3027011278
184336.952,0.3026772474
184351.952,0.3026533718
184366.952,0.302629501
184381.952,0.302605635
184396.952,0.3025817737
184411.952,0.3025579172
184426.952,0.3025340655
184441.952,0.3025102185
184456.952,0.3024863764
184471.952,0.302462539
184486.952,0.3024387063
184501.952,0.3024148785
184516.952,0.3023910554
184531.952,0.302367237
184546.952,0.3023434235
184561.952,0.3023196147
184576.952,0.3022958106
184591.952,0.3022720114
184606.952,0.3022482168
184621.952,0.3022244271
184636.952,0.3022006421
184651.952,0.3021768618
184666.952,0.3021530863
184681.952,0.3021293156
184696.952,0.3021055496
184711.952,0.3020817883
184726.952,0.3020580318
184741.952,0.3020342801
184756.952,0.302010533
184771.952,0.3019867908
184786.952,0.3019630533
184801.952,0.3019393205
184816.952,0.3019155924
184831.952,0.3018918691
184846.952,0.3018681506
184861.952,0.3018444367
184876.952,0.3018207276
184891.952,0.3017970233
184906.952,0.3017733236
184921.952,0.3017496287
184936.952,0.3017259386
184951.952,0.3017022531
184966.952,0.3016785724
184981.952,0.3016548964
184996.952,0.3016312252
185011.952,0.3016075586
185026.952,0.3015838968
185041.952,0.3015602397
185056.952,0.3015365873
185071.952,0.3015129396
185086.952,0.3014892967
185101.952,0.3014656584
185116.952,0.3014420249
185131.952,0.3014183961
185146.952,0.301394772
185161.952,0.3013711526
185176.952,0.3013475379
185191.952,0.3013239279
185206.952,0.3013003227
185221.952,0.3012767221
185236.952,0.3012531262
185251.952,0.3012295351
185266.952,0.3012059486
185281.952,0.3011823668
185296.952,0.3011587898
185311.952,0.3011352174
185326.952,0.3011116497
185341.952,0.3010880867
185356.952,0.3010645284
185371.952,0.3010409748
185386.952,0.3010174259
185401.952,0.3009938817
185416.952,0.3009703421
185431.952,0.3009468073
185446.952,0.3009232771
185461.952,0.3008997516
185476.952,0.3008762308
185491.952,0.3008527147
185506.952,0.3008292032
185521.952,0.3008056965
185536.952,0.3007821944
185551.952,0.3007586969
185566.952,0.3007352042
185581.952,0.3007117161
185596.952,0.3006882327
185611.952,0.300664754
185626.952,0.3006412799
185641.952,0.3006178105
185656.952,0.3005943458
185671.952,0.3005708857
185686.952,0.3005474303
185701.952,0.3005239795
185716.952,0.3005005335
185731.952,0.300477092
185746.952,0.3004536553
185761.952,0.3004302231
185776.952,0.3004067957
185791.952,0.3003833729
185806.952,0.3003599547
185821.952,0.3003365412
185836.952,0.3003131324
185851.952,0.3002897282
185866.952,0.3002663286
185881.952,0.3002429337
185896.952,0.3002195434
185911.952,0.3001961578
185926.952,0.3001727768
185941.952,0.3001494005
185956.952,0.3001260288
185971.952,0.3001026617
185986.952,0.3000792993
186001.952,0.3000559415
186016.952,0.3000325883
186031.952,0.3000092398
186046.952,0.2999858959
186061.952,0.2999625566
186076.952,0.299939222
186091.952,0.299915892
186106.952,0.2998925666
186121.952,0.2998692458
186136.952,0.2998459297
186151.952,0.2998226182
186166.952,0.2997993113
186181.952,0.299776009
186196.952,0.2997527114
186211.952,0.2997294183
186226.952,0.2997061299
186241.952,0.2996828461
186256.952,0.2996595669
186271.952,0.2996362923
186286.952,0.2996130223
186301.952,0.299589757
186316.952,0.2995664962
186331.952,0.2995432401
186346.952,0.2995199885
186361.952,0.2994967416
186376.952,0.2994734993
186391.952,0.2994502615
186406.952,0.2994270284
186421.952,0.2994037999
186436.952,0.2993805759
186451.952,0.2993573566
186466.952,0.2993341418
186481.952,0.2993109317
186496.952,0.2992877261
186511.952,0.2992645251
186526.952,0.2992413288
186541.952,0.299218137
186556.952,0.2991949498
186571.952,0.2991717671
186586.952,0.2991485891
186601.952,0.2991254157
186616.952,0.2991022468
186631.952,0.2990790825
186646.952,0.2990559228
186661.952,0.2990327677
186676.952,0.2990096171
186691.952,0.2989864711
186706.952,0.2989633297
186721.952,0.2989401929
186736.952,0.2989170606
186751.952,0.298893933
186766.952,0.2988708098
186781.952,0.2988476913
186796.952,0.2988245773
186811.952,0.2988014679
186826.952,0.298778363
186841.952,0.2987552627
186856.952,0.298732167
186871.952,0.2987090758
186886.952,0.2986859892
186901.952,0.2986629072
186916.952,0.2986398297
186931.952,0.2986167567
186946.952,0.2985936884
186961.952,0.2985706245
186976.952,0.2985475652
186991.952,0.2985245105
187006.952,0.2985014603
187021.952,0.2984784147
187036.952,0.2984553736
187051.952,0.298432337
187066.952,0.298409305
187081.952,0.2983862776
187096.952,0.2983632547
187111.952,0.2983402363
187126.952,0.2983172224
187141.952,0.2982942131
187156.952,0.2982712084
187171.952,0.2982482081
187186.952,0.2982252124
187201.952,0.2982022213
187216.952,0.2981792346
187231.952,0.2981562525
187246.952,0.2981332749
187261.952,0.2981103019
187276.952,0.2980873334
187291.952,0.2980643694
187306.952,0.2980414099
187321.952,0.2980184549
187336.952,0.2979955045
187351.952,0.2979725586
187366.952,0.2979496172
187381.952,0.2979266803
187396.952,0.2979037479
187411.952,0.2978808201
187426.952,0.2978578967
187441.952,0.2978349779
187456.952,0.2978120636
187471.952,0.2977891538
187486.952,0.2977662485
187501.952,0.2977433477
187516.952,0.2977204514
187531.952,0.2976975597
187546.952,0.2976746724
187561.952,0.2976517896
187576.952,0.2976289113
187591.952,0.2976060376
187606.952,0.2975831683
187621.952,0.2975603035
187636.952,0.2975374432
187651.952,0.2975145874
187666.952,0.2974917361
187681.952,0.2974688893
187696.952,0.297446047
187711.952,0.2974232092
187726.952,0.2974003758
187741.952,0.297377547
187756.952,0.2973547226
187771.952,0.2973319027
187786.952,0.2973090873
187801.952,0.2972862764
187816.952,0.29726347
187831.952,0.297240668
187846.952,0.2972178706
187861.952,0.2971950776
187876.952,0.297172289
187891.952,0.297149505
187906.952,0.2971267254
187921.952,0.2971039503
187936.952,0.2970811796
187951.952,0.2970584135
187966.952,0.2970356518
187981.952,0.2970128945
187996.952,0.2969901418
188011.952,0.2969673935
188026.952,0.2969446496
188041.952,0.2969219103
188056.952,0.2968991753
188071.952,0.2968764449
188086.952,0.2968537189
188101.952,0.2968309973
188116.952,0.2968082802
188131.952,0.2967855676
188146.952,0.2967628594
188161.952,0.2967401557
188176.952,0.2967174564
188191.952,0.2966947616
188206.952,0.2966720712
188221.952,0.2966493853
188236.952,0.2966267038
188251.952,0.2966040267
188266.952,0.2965813541
188281.952,0.296558686
188296.952,0.2965360223
188311.952,0.296513363
188326.952,0.2964907081
188341.952,0.2964680577
188356.952,0.2964454118
188371.952,0.2964227702
188386.952,0.2964001331
188401.952,0.2963775005
188416.952,0.2963548722
188431.952,0.2963322484
188446.952,0.296309629
188461.952,0.2962870141
188476.952,0.2962644036
188491.952,0.2962417974
188506.952,0.2962191958
188521.952,0.2961965985
188536.952,0.2961740057
188551.952,0.2961514173
188566.952,0.2961288333
188581.952,0.2961062537
188596.952,0.2960836785
188611.952,0.2960611078
188626.952,0.2960385414
188641.952,0.2960159795
188656.952,0.295993422
188671.952,0.2959708689
188686.952,0.2959483202
188701.952,0.2959257759
188716.952,0.295903236
188731.952,0.2958807005
188746.952,0.2958581695
188761.952,0.2958356428
188776.952,0.2958131205
188791.952,0.2957906027
188806.952,0.2957680892
188821.952,0.2957455801
188836.952,0.2957230754
188851.952,0.2957005752
188866.952,0.2956780793
188881.952,0.2956555878
188896.952,0.2956331007
188911.952,0.295610618
188926.952,0.2955881396
188941.952,0.2955656657
188956.952,0.2955431961
188971.952,0.295520731
188986.952,0.2954982702
189001.952,0.2954758138
189016.952,0.2954533618
189031.952,0.2954309141
189046.952,0.2954084709
189061.952,0.295386032
189076.952,0.2953635975
189091.952,0.2953411674
189106.952,0.2953187416
189121.952,0.2952963203
189136.952,0.2952739033
189151.952,0.2952514906
189166.952,0.2952290824
189181.952,0.2952066785
189196.952,0.2951842789
189211.952,0.2951618838
189226.952,0.295139493
189241.952,0.2951171065
189256.952,0.2950947245
189271.952,0.2950723467
189286.952,0.2950499734
189301.952,0.2950276044
189316.952,0.2950052398
189331.952,0.2949828795
189346.952,0.2949605236
189361.952,0.294938172
189376.952,0.2949158248
189391.952,0.2948934819
189406.952,0.2948711434
189421.952,0.2948488092
189436.952,0.2948264794
189451.952,0.2948041539
189466.952,0.2947818328
189481.952,0.294759516
189496.952,0.2947372036
189511.952,0.2947148955
189526.952,0.2946925917
189541.952,0.2946702923
189556.952,0.2946479972
189571.952,0.2946257065
189586.952,0.29460342
189601.952,0.294581138
189616.952,0.2945588602
189631.952,0.2945365868
189646.952,0.2945143177
189661.952,0.294492053
189676.952,0.2944697926
189691.952,0.2944475365
189706.952,0.2944252847
189721.952,0.2944030373
189736.952,0.2943807942
189751.952,0.2943585554
189766.952,0.2943363209
189781.952,0.2943140907
189796.952,0.2942918649
189811.952,0.2942696434
189826.952,0.2942474262
189841.952,0.2942252133
189856.952,0.2942030047
189871.952,0.2941808005
189886.952,0.2941586005
189901.952,0.2941364049
189916.952,0.2941142136
189931.952,0.2940920266
189946.952,0.2940698438
189961.952,0.2940476654
189976.952,0.2940254913
189991.952,0.2940033215
190006.952,0.2939811561
190021.952,0.2939589949
190036.952,0.293936838
190051.952,0.2939146854
190066.952,0.2938925371
190081.952,0.2938703931
190096.952,0.2938482534
190111.952,0.293826118
190126.952,0.2938039868
190141.952,0.29378186
190156.952,0.2937597375
190171.952,0.2937376192
190186.952,0.2937155053
190201.952,0.2936933956
190216.952,0.2936712902
190231.952,0.2936491891
190246.952,0.2936270923
190261.952,0.2936049998
190276.952,0.2935829115
190291.952,0.2935608275
190306.952,0.2935387478
190321.952,0.2935166724
190336.952,0.2934946013
190351.952,0.2934725344
190366.952,0.2934504718
190381.952,0.2934284135
190396.952,0.2934063594
190411.952,0.2933843096
190426.952,0.2933622641
190441.952,0.2933402229
190456.952,0.2933181859
190471.952,0.2932961532
190486.952,0.2932741248
190501.952,0.2932521006
190516.952,0.2932300807
190531.952,0.293208065
190546.952,0.2931860536
190561.952,0.2931640464
190576.952,0.2931420436
190591.952,0.2931200449
190606.952,0.2930980506
190621.952,0.2930760604
190636.952,0.2930540746
190651.952,0.293032093
190666.952,0.2930101156
190681.952,0.2929881425
190696.952,0.2929661736
190711.952,0.292944209
190726.952,0.2929222486
190741.952,0.2929002925
190756.952,0.2928783406
190771.952,0.2928563929
190786.952,0.2928344495
190801.952,0.2928125104
190816.952,0.2927905754
190831.952,0.2927686448
190846.952,0.2927467183
190861.952,0.2927247961
190876.952,0.2927028781
190891.952,0.2926809644
190906.952,0.2926590548
190921.952,0.2926371495
190936.952,0.2926152485
190951.952,0.2925933517
190966.952,0.2925714591
190981.952,0.2925495707
190996.952,0.2925276865
191011.952,0.2925058066
191026.952,0.2924839309
191041.952,0.2924620594
191056.952,0.2924401921
191071.952,0.2924183291
191086.952,0.2923964702
191101.952,0.2923746156
191116.952,0.2923527652
191131.952,0.292330919
191146.952,0.2923090771
191161.952,0.2922872393
191176.952,0.2922654058
191191.952,0.2922435764
191206.952,0.2922217513
191221.952,0.2921999304
191236.952,0.2921781137
191251.952,0.2921563011
191266.952,0.2921344928
191281.952,0.2921126887
191296.952,0.2920908888
191311.952,0.2920690931
191326.952,0.2920473016
191341.952,0.2920255143
191356.952,0.2920037312
191371.952,0.2919819523
191386.952,0.2919601776
191401.952,0.291938407
191416.952,0.2919166407
191431.952,0.2918948786
191446.952,0.2918731206
191461.952,0.2918513668
191476.952,0.2918296173
191491.952,0.2918078719
191506.952,0.2917861307
191521.952,0.2917643936
191536.952,0.2917426608
191551.952,0.2917209322
191566.952,0.2916992077
191581.952,0.2916774874
191596.952,0.2916557713
191611.952,0.2916340593
191626.952,0.2916123516
191641.952,0.291590648
191656.952,0.2915689486
191671.952,0.2915472533
191686.952,0.2915255622
191701.952,0.2915038753
191716.952,0.2914821926
191731.952,0.291460514
191746.952,0.2914388396
191761.952,0.2914171694
191776.952,0.2913955034
191791.952,0.2913738415
191806.952,0.2913521837
191821.952,0.2913305301
191836.952,0.2913088807
191851.952,0.2912872355
191866.952,0.2912655944
191881.952,0.2912439574
191896.952,0.2912223246
191911.952,0.291200696
191926.952,0.2911790715
191941.952,0.2911574512
191956.952,0.291135835
191971.952,0.291114223
191986.952,0.2910926151
192001.952,0.2910710114
192016.952,0.2910494118
192031.952,0.2910278163
192046.952,0.291006225
192061.952,0.2909846379
192076.952,0.2909630549
192091.952,0.290941476
192106.952,0.2909199013
192121.952,0.2908983307
192136.952,0.2908767642
192151.952,0.2908552019
192166.952,0.2908336437
192181.952,0.2908120897
192196.952,0.2907905398
192211.952,0.290768994
192226.952,0.2907474523
192241.952,0.2907259148
192256.952,0.2907043814
192271.952,0.2906828521
192286.952,0.290661327
192301.952,0.290639806
192316.952,0.2906182891
192331.952,0.2905967763
192346.952,0.2905752677
192361.952,0.2905537631
192376.952,0.2905322627
192391.952,0.2905107664
192406.952,0.2904892743
192421.952,0.2904677862
192436.952,0.2904463023
192451.952,0.2904248224
192466.952,0.2904033467
192481.952,0.2903818751
192496.952,0.2903604076
192511.952,0.2903389442
192526.952,0.290317485
192541.952,0.2902960298
192556.952,0.2902745787
192571.952,0.2902531318
192586.952,0.2902316889
192601.952,0.2902102501
192616.952,0.2901888155
192631.952,0.2901673849
192646.952,0.2901459585
192661.952,0.2901245361
192676.952,0.2901031179
192691.952,0.2900817037
192706.952,0.2900602936
192721.952,0.2900388877
192736.952,0.2900174858
192751.952,0.289996088
192766.952,0.2899746943
192781.952,0.2899533047
192796.952,0.2899319192
192811.952,0.2899105377
192826.952,0.2898891604
192841.952,0.2898677871
192856.952,0.2898464179
192871.952,0.2898250528
192886.952,0.2898036918
192901.952,0.2897823349
192916.952,0.289760982
192931.952,0.2897396332
192946.952,0.2897182885
192961.952,0.2896969479
192976.952,0.2896756113
192991.952,0.2896542788
193006.952,0.2896329504
193021.952,0.2896116261
193036.952,0.2895903058
193051.952,0.2895689896
193066.952,0.2895476775
193081.952,0.2895263694
193096.952,0.2895050654
193111.952,0.2894837655
193126.952,0.2894624696
193141.952,0.2894411778
193156.952,0.2894198901
193171.952,0.2893986064
193186.952,0.2893773268
193201.952,0.2893560512
193216.952,0.2893347797
193231.952,0.2893135122
193246.952,0.2892922488
193261.952,0.2892709895
193276.952,0.2892497342
193291.952,0.2892284829
193306.952,0.2892072357
193321.952,0.2891859926
193336.952,0.2891647535
193351.952,0.2891435184
193366.952,0.2891222874
193381.952,0.2891010605
193396.952,0.2890798376
193411.952,0.2890586187
193426.952,0.2890374038
193441.952,0.2890161931
193456.952,0.2889949863
193471.952,0.2889737836
193486.952,0.2889525849
193501.952,0.2889313903
193516.952,0.2889101997
193531.952,0.2888890131
193546.952,0.2888678305
193561.952,0.288846652
193576.952,0.2888254775
193591.952,0.2888043071
193606.952,0.2887831407
193621.952,0.2887619783
193636.952,0.2887408199
193651.952,0.2887196656
193666.952,0.2886985153
193681.952,0.288677369
193696.952,0.2886562267
193711.952,0.2886350884
193726.952,0.2886139542
193741.952,0.288592824
193756.952,0.2885716978
193771.952,0.2885505756
193786.952,0.2885294574
193801.952,0.2885083433
193816.952,0.2884872331
193831.952,0.288466127
193846.952,0.2884450249
193861.952,0.2884239268
193876.952,0.2884028327
193891.952,0.2883817426
193906.952,0.2883606565
193921.952,0.2883395744
193936.952,0.2883184963
193951.952,0.2882974223
193966.952,0.2882763522
193981.952,0.2882552861
193996.952,0.288234224
194011.952,0.288213166
194026.952,0.2881921119
194041.952,0.2881710618
194056.952,0.2881500157
194071.952,0.2881289737
194086.952,0.2881079356
194101.952,0.2880869015
194116.952,0.2880658713
194131.952,0.2880448452
194146.952,0.2880238231
194161.952,0.288002805
194176.952,0.2879817908
194191.952,0.2879607806
194206.952,0.2879397744
194221.952,0.2879187722
194236.952,0.287897774
194251.952,0.2878767798
194266.952,0.2878557895
194281.952,0.2878348032
194296.952,0.2878138209
194311.952,0.2877928426
194326.952,0.2877718683
194341.952,0.2877508979
194356.952,0.2877299315
194371.952,0.2877089691
194386.952,0.2876880106
194401.952,0.2876670561
194416.952,0.2876461056
194431.952,0.2876251591
194446.952,0.2876042165
194461.952,0.2875832779
194476.952,0.2875623433
194491.952,0.2875414126
194506.952,0.2875204859
194521.952,0.2874995631
194536.952,0.2874786443
194551.952,0.2874577295
194566.952,0.2874368186
194581.952,0.2874159117
194596.952,0.2873950087
194611.952,0.2873741097
194626.952,0.2873532147
194641.952,0.2873323236
194656.952,0.2873114364
194671.952,0.2872905532
194686.952,0.287269674
194701.952,0.2872487987
194716.952,0.2872279273
194731.952,0.2872070599
194746.952,0.2871861965
194761.952,0.287165337
194776.952,0.2871444814
194791.952,0.2871236298
194806.952,0.2871027821
194821.952,0.2870819384
194836.952,0.2870610986
194851.952,0.2870402627
194866.952,0.2870194308
194881.952,0.2869986028
194896.952,0.2869777788
194911.952,0.2869569586
194926.952,0.2869361425
194941.952,0.2869153302
194956.952,0.2868945219
194971.952,0.2868737175
194986.952,0.286852917
195001.952,0.2868321205
195016.952,0.2868113279
195031.952,0.2867905392
195046.952,0.2867697545
195061.952,0.2867489736
195076.952,0.2867281967
195091.952,0.2867074237
195106.952,0.2866866547
195121.952,0.2866658895
195136.952,0.2866451283
195151.952,0.286624371
195166.952,0.2866036176
195181.952,0.2865828681
195196.952,0.2865621226
195211.952,0.2865413809
195226.952,0.2865206432
195241.952,0.2864999093
195256.952,0.2864791794
195271.952,0.2864584534
195286.952,0.2864377313
195301.952,0.2864170131
195316.952,0.2863962988
195331.952,0.2863755884
195346.952,0.286354882
195361.952,0.2863341794
195376.952,0.2863134807
195391.952,0.2862927859
195406.952,0.2862720951
195421.952,0.2862514081
195436.952,0.286230725
195451.952,0.2862100458
195466.952,0.2861893705
195481.952,0.2861686991
195496.952,0.2861480316
195511.952,0.286127368
195526.952,0.2861067083
195541.952,0.2860860525
195556.952,0.2860654005
195571.952,0.2860447525
195586.952,0.2860241083
195601.952,0.286003468
195616.952,0.2859828316
195631.952,0.2859621991
195646.952,0.2859415705
195661.952,0.2859209457
195676.952,0.2859003249
195691.952,0.2858797079
195706.952,0.2858590948
195721.952,0.2858384856
195736.952,0.2858178802
195751.952,0.2857972787
195766.952,0.2857766811
195781.952,0.2857560874
195796.952,0.2857354975
195811.952,0.2857149115
195826.952,0.2856943294
195841.952,0.2856737512
195856.952,0.2856531768
195871.952,0.2856326063
195886.952,0.2856120396
195901.952,0.2855914769
195916.952,0.2855709179
195931.952,0.2855503629
195946.952,0.2855298117
195961.952,0.2855092644
195976.952,0.2854887209
195991.952,0.2854681813
196006.952,0.2854476455
196021.952,0.2854271136
196036.952,0.2854065856
196051.952,0.2853860614
196066.952,0.285365541
196081.952,0.2853450246
196096.952,0.2853245119
196111.952,0.2853040031
196126.952,0.2852834982
196141.952,0.2852629971
196156.952,0.2852424999
196171.952,0.2852220065
196186.952,0.285201517
196201.952,0.2851810313
196216.952,0.2851605494
196231.952,0.2851400714
196246.952,0.2851195972
196261.952,0.2850991269
196276.952,0.2850786604
196291.952,0.2850581977
196306.952,0.2850377389
196321.952,0.2850172839
196336.952,0.2849968328
196351.952,0.2849763855
196366.952,0.284955942
196381.952,0.2849355023
196396.952,0.2849150665
196411.952,0.2848946345
196426.952,0.2848742064
196441.952,0.284853782
196456.952,0.2848333615
196471.952,0.2848129448
196486.952,0.284792532
196501.952,0.2847721229
196516.952,0.2847517177
196531.952,0.2847313163
196546.952,0.2847109188
196561.952,0.284690525
196576.952,0.2846701351
196591.952,0.284649749
196606.952,0.2846293667
196621.952,0.2846089882
196636.952,0.2845886135
196651.952,0.2845682427
196666.952,0.2845478757
196681.952,0.2845275124
196696.952,0.284507153
196711.952,0.2844867974
196726.952,0.2844664456
196741.952,0.2844460976
196756.952,0.2844257534
196771.952,0.284405413
196786.952,0.2843850765
196801.952,0.2843647437
196816.952,0.2843444147
196831.952,0.2843240895
196846.952,0.2843037682
196861.952,0.2842834506
196876.952,0.2842631368
196891.952,0.2842428268
196906.952,0.2842225207
196921.952,0.2842022183
196936.952,0.2841819197
196951.952,0.2841616249
196966.952,0.2841413339
196981.952,0.2841210467
196996.952,0.2841007632
197011.952,0.2840804836
197026.952,0.2840602078
197041.952,0.2840399357
197056.952,0.2840196674
197071.952,0.2839994029
197086.952,0.2839791422
197101.952,0.2839588853
197116.952,0.2839386322
197131.952,0.2839183828
197146.952,0.2838981372
197161.952,0.2838778954
197176.952,0.2838576574
197191.952,0.2838374231
197206.952,0.2838171927
197221.952,0.283796966
197236.952,0.2837767431
197251.952,0.2837565239
197266.952,0.2837363085
197281.952,0.2837160969
197296.952,0.2836958891
197311.952,0.283675685
197326.952,0.2836554847
197341.952,0.2836352882
197356.952,0.2836150954
197371.952,0.2835949064
197386.952,0.2835747212
197401.952,0.2835545397
197416.952,0.283534362
197431.952,0.283514188
197446.952,0.2834940178
197461.952,0.2834738514
197476.952,0.2834536887
197491.952,0.2834335298
197506.952,0.2834133746
197521.952,0.2833932232
197536.952,0.2833730755
197551.952,0.2833529316
197566.952,0.2833327915
197581.952,0.2833126551
197596.952,0.2832925224
197611.952,0.2832723935
197626.952,0.2832522684
197641.952,0.2832321469
197656.952,0.2832120293
197671.952,0.2831919154
197686.952,0.2831718052
197701.952,0.2831516987
197716.952,0.2831315961
197731.952,0.2831114971
197746.952,0.2830914019
197761.952,0.2830713104
197776.952,0.2830512227
197791.952,0.2830311387
197806.952,0.2830110584
197821.952,0.2829909819
197836.952,0.2829709091
197851.952,0.28295084
197866.952,0.2829307747
197881.952,0.2829107131
197896.952,0.2828906552
197911.952,0.2828706011
197926.952,0.2828505507
197941.952,0.282830504
197956.952,0.282810461
197971.952,0.2827904218
197986.952,0.2827703863
198001.952,0.2827503545
198016.952,0.2827303264
198031.952,0.2827103021
198046.952,0.2826902815
198061.952,0.2826702645
198076.952,0.2826502514
198091.952,0.2826302419
198106.952,0.2826102361
198121.952,0.2825902341
198136.952,0.2825702357
198151.952,0.2825502411
198166.952,0.2825302502
198181.952,0.282510263
198196.952,0.2824902796
198211.952,0.2824702998
198226.952,0.2824503237
198241.952,0.2824303514
198256.952,0.2824103827
198271.952,0.2823904177
198286.952,0.2823704565
198301.952,0.282350499
198316.952,0.2823305451
198331.952,0.282310595
198346.952,0.2822906485
198361.952,0.2822707058
198376.952,0.2822507668
198391.952,0.2822308314
198406.952,0.2822108998
198421.952,0.2821909718
198436.952,0.2821710476
198451.952,0.282151127
198466.952,0.2821312101
198481.952,0.2821112969
198496.952,0.2820913874
198511.952,0.2820714816
198526.952,0.2820515795
198541.952,0.2820316811
198556.952,0.2820117864
198571.952,0.2819918953
198586.952,0.2819720079
198601.952,0.2819521243
198616.952,0.2819322442
198631.952,0.2819123679
198646.952,0.2818924953
198661.952,0.2818726263
198676.952,0.281852761
198691.952,0.2818328994
198706.952,0.2818130415
198721.952,0.2817931872
198736.952,0.2817733367
198751.952,0.2817534897
198766.952,0.2817336465
198781.952,0.2817138069
198796.952,0.2816939711
198811.952,0.2816741388
198826.952,0.2816543103
198841.952,0.2816344854
198856.952,0.2816146642
198871.952,0.2815948466
198886.952,0.2815750327
198901.952,0.2815552225
198916.952,0.2815354159
198931.952,0.281515613
198946.952,0.2814958138
198961.952,0.2814760182
198976.952,0.2814562263
198991.952,0.281436438
199006.952,0.2814166534
199021.952,0.2813968725
199036.952,0.2813770952
199051.952,0.2813573216
199066.952,0.2813375516
199081.952,0.2813177852
199096.952,0.2812980226
199111.952,0.2812782635
199126.952,0.2812585081
199141.952,0.2812387564
199156.952,0.2812190083
199171.952,0.2811992639
199186.952,0.2811795231
199201.952,0.2811597859
199216.952,0.2811400524
199231.952,0.2811203226
199246.952,0.2811005963
199261.952,0.2810808738
199276.952,0.2810611548
199291.952,0.2810414395
199306.952,0.2810217278
199321.952,0.2810020198
199336.952,0.2809823154
199351.952,0.2809626147
199366.952,0.2809429175
199381.952,0.280923224
199396.952,0.2809035342
199411.952,0.280883848
199426.952,0.2808641654
199441.952,0.2808444864
199456.952,0.280824811
199471.952,0.2808051393
199486.952,0.2807854712
199501.952,0.2807658068
199516.952,0.2807461459
199531.952,0.2807264887
199546.952,0.2807068351
199561.952,0.2806871852
199576.952,0.2806675388
199591.952,0.2806478961
199606.952,0.280628257
199621.952,0.2806086215
199636.952,0.2805889896
199651.952,0.2805693613
199666.952,0.2805497367
199681.952,0.2805301156
199696.952,0.2805104982
199711.952,0.2804908844
199726.952,0.2804712742
199741.952,0.2804516676
199756.952,0.2804320646
199771.952,0.2804124653
199786.952,0.2803928695
199801.952,0.2803732773
199816.952,0.2803536888
199831.952,0.2803341038
199846.952,0.2803145225
199861.952,0.2802949447
199876.952,0.2802753706
199891.952,0.2802558001
199906.952,0.2802362331
199921.952,0.2802166698
199936.952,0.28019711
199951.952,0.2801775539
199966.952,0.2801580013
199981.952,0.2801384524
199996.952,0.280118907
200011.952,0.2800993652
200026.952,0.280079827
200041.952,0.2800602925
200056.952,0.2800407615
200071.952,0.280021234
200086.952,0.2800017102
200101.952,0.27998219
200116.952,0.2799626733
200131.952,0.2799431603
200146.952,0.2799236508
200161.952,0.2799041449
200176.952,0.2798846426
200191.952,0.2798651439
200206.952,0.2798456487
200221.952,0.2798261571
200236.952,0.2798066691
200251.952,0.2797871847
200266.952,0.2797677039
200281.952,0.2797482266
200296.952,0.2797287529
200311.952,0.2797092828
200326.952,0.2796898163
200341.952,0.2796703533
200356.952,0.2796508939
200371.952,0.2796314381
200386.952,0.2796119858
200401.952,0.2795925371
200416.952,0.279573092
200431.952,0.2795536504
200446.952,0.2795342125
200461.952,0.279514778
200476.952,0.2794953472
200491.952,0.2794759199
200506.952,0.2794564961
200521.952,0.2794370759
200536.952,0.2794176593
200551.952,0.2793982463
200566.952,0.2793788368
200581.952,0.2793594308
200596.952,0.2793400284
200611.952,0.2793206296
200626.952,0.2793012343
200641.952,0.2792818426
200656.952,0.2792624544
200671.952,0.2792430698
200686.952,0.2792236887
200701.952,0.2792043112
200716.952,0.2791849372
200731.952,0.2791655668
200746.952,0.2791461999
200761.952,0.2791268366
200776.952,0.2791074768
200791.952,0.2790881206
200806.952,0.2790687679
200821.952,0.2790494187
200836.952,0.2790300731
200851.952,0.279010731
200866.952,0.2789913925
200881.952,0.2789720575
200896.952,0.278952726
200911.952,0.2789333981
200926.952,0.2789140737
200941.952,0.2788947528
200956.952,0.2788754355
200971.952,0.2788561217
200986.952,0.2788368115
201001.952,0.2788175047
201016.952,0.2787982015
201031.952,0.2787789019
201046.952,0.2787596057
201061.952,0.2787403131
201076.952,0.278721024
201091.952,0.2787017385
201106.952,0.2786824564
201121.952,0.2786631779
201136.952,0.2786439029
201151.952,0.2786246315
201166.952,0.2786053635
201181.952,0.2785860991
201196.952,0.2785668382
201211.952,0.2785475808
201226.952,0.2785283269
201241.952,0.2785090766
201256.952,0.2784898297
201271.952,0.2784705864
201286.952,0.2784513466
201301.952,0.2784321103
201316.952,0.2784128775
201331.952,0.2783936482
201346.952,0.2783744224
201361.952,0.2783552002
201376.952,0.2783359814
201391.952,0.2783167662
201406.952,0.2782975544
201421.952,0.2782783462
201436.952,0.2782591415
201451.952,0.2782399402
201466.952,0.2782207425
201481.952,0.2782015483
201496.952,0.2781823576
201511.952,0.2781631703
201526.952,0.2781439866
201541.952,0.2781248064
201556.952,0.2781056297
201571.952,0.2780864564
201586.952,0.2780672867
201601.952,0.2780481204
201616.952,0.2780289577
201631.952,0.2780097984
201646.952,0.2779906427
201661.952,0.2779714904
201676.952,0.2779523416
201691.952,0.2779331963
201706.952,0.2779140545
201721.952,0.2778949161
201736.952,0.2778757813
201751.952,0.2778566499
201766.952,0.2778375221
201781.952,0.2778183977
201796.952,0.2777992768
201811.952,0.2777801594
201826.952,0.2777610454
201841.952,0.2777419349
201856.952,0.277722828
201871.952,0.2777037244
201886.952,0.2776846244
201901.952,0.2776655279
201916.952,0.2776464348
201931.952,0.2776273452
201946.952,0.277608259
201961.952,0.2775891764
201976.952,0.2775700972
201991.952,0.2775510215
202006.952,0.2775319492
202021.952,0.2775128804
202036.952,0.2774938151
202051.952,0.2774747533
202066.952,0.2774556949
202081.952,0.27743664
202096.952,0.2774175885
202111.952,0.2773985405
202126.952,0.277379496
202141.952,0.2773604549
202156.952,0.2773414173
202171.952,0.2773223832
202186.952,0.2773033525
202201.952,0.2772843253
202216.952,0.2772653015
202231.952,0.2772462812
202246.952,0.2772272643
202261.952,0.2772082509
202276.952,0.2771892409
202291.952,0.2771702344
202306.952,0.2771512314
202321.952,0.2771322318
202336.952,0.2771132356
202351.952,0.2770942429
202366.952,0.2770752537
202381.952,0.2770562679
202396.952,0.2770372855
202411.952,0.2770183066
202426.952,0.2769993311
202441.952,0.2769803591
202456.952,0.2769613905
202471.952,0.2769424253
202486.952,0.2769234636
202501.952,0.2769045054
202516.952,0.2768855505
202531.952,0.2768665992
202546.952,0.2768476512
202561.952,0.2768287067
202576.952,0.2768097656
202591.952,0.276790828
202606.952,0.2767718938
202621.952,0.276752963
202636.952,0.2767340356
202651.952,0.2767151117
202666.952,0.2766961912
202681.952,0.2766772742
202696.952,0.2766583605
202711.952,0.2766394503
202726.952,0.2766205435
202741.952,0.2766016402
202756.952,0.2765827403
202771.952,0.2765638438
202786.952,0.2765449507
202801.952,0.276526061
202816.952,0.2765071748
202831.952,0.276488292
202846.952,0.2764694126
202861.952,0.2764505366
202876.952,0.276431664
202891.952,0.2764127949
202906.952,0.2763939291
202921.952,0.2763750668
202936.952,0.2763562079
202951.952,0.2763373524
202966.952,0.2763185003
202981.952,0.2762996517
202996.952,0.2762808064
203011.952,0.2762619646
203026.952,0.2762431261
203041.952,0.2762242911
203056.952,0.2762054595
203071.952,0.2761866313
203086.952,0.2761678064
203101.952,0.276148985
203116.952,0.276130167
203131.952,0.2761113524
203146.952,0.2760925412
203161.952,0.2760737334
203176.952,0.276054929
203191.952,0.276036128
203206.952,0.2760173304
203221.952,0.2759985362
203236.952,0.2759797454
203251.952,0.275960958
203266.952,0.2759421739
203281.952,0.2759233933
203296.952,0.2759046161
203311.952,0.2758858422
203326.952,0.2758670718
203341.952,0.2758483047
203356.952,0.275829541
203371.952,0.2758107807
203386.952,0.2757920238
203401.952,0.2757732703
203416.952,0.2757545202
203431.952,0.2757357734
203446.952,0.2757170301
203461.952,0.2756982901
203476.952,0.2756795535
203491.952,0.2756608203
203506.952,0.2756420904
203521.952,0.275623364
203536.952,0.2756046409
203551.952,0.2755859212
203566.952,0.2755672049
203581.952,0.2755484919
203596.952,0.2755297824
203611.952,0.2755110762
203626.952,0.2754923733
203641.952,0.2754736739
203656.952,0.2754549778
203671.952,0.2754362851
203686.952,0.2754175958
203701.952,0.2753989098
203716.952,0.2753802272
203731.952,0.2753615479
203746.952,0.2753428721
203761.952,0.2753241996
203776.952,0.2753055304
203791.952,0.2752868647
203806.952,0.2752682022
203821.952,0.2752495432
203836.952,0.2752308875
203851.952,0.2752122352
203866.952,0.2751935862
203881.952,0.2751749406
203896.952,0.2751562983
203911.952,0.2751376594
203926.952,0.2751190239
203941.952,0.2751003917
203956.952,0.2750817628
203971.952,0.2750631374
203986.952,0.2750445152
204001.952,0.2750258965
204016.952,0.275007281
204031.952,0.274988669
204046.952,0.2749700602
204061.952,0.2749514548
204076.952,0.2749328528
204091.952,0.2749142541
204106.952,0.2748956588
204121.952,0.2748770668
204136.952,0.2748584781
204151.952,0.2748398928
204166.952,0.2748213108
204181.952,0.2748027322
204196.952,0.2747841569
204211.952,0.274765585
204226.952,0.2747470164
204241.952,0.2747284511
204256.952,0.2747098892
204271.952,0.2746913306
204286.952,0.2746727753
204301.952,0.2746542234
204316.952,0.2746356748
204331.952,0.2746171295
204346.952,0.2745985876
204361.952,0.2745800489
204376.952,0.2745615137
204391.952,0.2745429817
204406.952,0.2745244531
204421.952,0.2745059278
204436.952,0.2744874059
204451.952,0.2744688872
204466.952,0.2744503719
204481.952,0.2744318599
204496.952,0.2744133512
204511.952,0.2743948459
204526.952,0.2743763439
204541.952,0.2743578452
204556.952,0.2743393498
204571.952,0.2743208577
204586.952,0.274302369
204601.952,0.2742838835
204616.952,0.2742654014
204631.952,0.2742469226
204646.952,0.2742284471
204661.952,0.274209975
204676.952,0.2741915061
204691.952,0.2741730406
204706.952,0.2741545783
204721.952,0.2741361194
204736.952,0.2741176638
204751.952,0.2740992115
204766.952,0.2740807625
204781.952,0.2740623168
204796.952,0.2740438744
204811.952,0.2740254353
204826.952,0.2740069995
204841.952,0.2739885671
204856.952,0.2739701379
204871.952,0.273951712
204886.952,0.2739332894
204901.952,0.2739148702
204916.952,0.2738964542
204931.952,0.2738780415
204946.952,0.2738596321
204961.952,0.2738412261
204976.952,0.2738228233
204991.952,0.2738044238
205006.952,0.2737860276
205021.952,0.2737676347
205036.952,0.2737492451
205051.952,0.2737308587
205066.952,0.2737124757
205081.952,0.273694096
205096.952,0.2736757195
205111.952,0.2736573464
205126.952,0.2736389765
205141.952,0.2736206099
205156.952,0.2736022466
205171.952,0.2735838866
205186.952,0.2735655298
205201.952,0.2735471764
205216.952,0.2735288262
205231.952,0.2735104793
205246.952,0.2734921357
205261.952,0.2734737954
205276.952,0.2734554583
205291.952,0.2734371245
205306.952,0.273418794
205321.952,0.2734004668
205336.952,0.2733821429
205351.952,0.2733638222
205366.952,0.2733455048
205381.952,0.2733271907
205396.952,0.2733088798
205411.952,0.2732905722
205426.952,0.2732722679
205441.952,0.2732539669
205456.952,0.2732356691
205471.952,0.2732173746
205486.952,0.2731990834
205501.952,0.2731807954
205516.952,0.2731625107
205531.952,0.2731442292
205546.952,0.273125951
205561.952,0.2731076761
205576.952,0.2730894045
205591.952,0.2730711361
205606.952,0.2730528709
205621.952,0.2730346091
205636.952,0.2730163504
205651.952,0.2729980951
205666.952,0.272979843
205681.952,0.2729615941
205696.952,0.2729433485
205711.952,0.2729251062
205726.952,0.2729068671
205741.952,0.2728886313
205756.952,0.2728703987
205771.952,0.2728521694
205786.952,0.2728339433
205801.952,0.2728157205
205816.952,0.2727975009
205831.952,0.2727792845
205846.952,0.2727610715
205861.952,0.2727428616
205876.952,0.272724655
205891.952,0.2727064517
205906.952,0.2726882515
205921.952,0.2726700547
205936.952,0.2726518611
205951.952,0.2726336707
205966.952,0.2726154835
205981.952,0.2725972996
205996.952,0.272579119
206011.952,0.2725609415
206026.952,0.2725427673
206041.952,0.2725245964
206056.952,0.2725064287
206071.952,0.2724882642
206086.952,0.2724701029
206101.952,0.2724519449
206116.952,0.2724337901
206131.952,0.2724156385
206146.952,0.2723974902
206161.952,0.2723793451
206176.952,0.2723612032
206191.952,0.2723430646
206206.952,0.2723249292
206221.952,0.272306797
206236.952,0.272288668
206251.952,0.2722705423
206266.952,0.2722524198
206281.952,0.2722343005
206296.952,0.2722161844
206311.952,0.2721980715
206326.952,0.2721799619
206341.952,0.2721618555
206356.952,0.2721437523
206371.952,0.2721256523
206386.952,0.2721075556
206401.952,0.272089462
206416.952,0.2720713717
206431.952,0.2720532846
206446.952,0.2720352007
206461.952,0.27201712
206476.952,0.2719990425
206491.952,0.2719809683
206506.952,0.2719628972
206521.952,0.2719448294
206536.952,0.2719267647
206551.952,0.2719087033
206566.952,0.2718906451
206581.952,0.2718725901
206596.952,0.2718545383
206611.952,0.2718364896
206626.952,0.2718184442
206641.952,0.271800402
206656.952,0.271782363
206671.952,0.2717643273
206686.952,0.2717462947
206701.952,0.2717282653
206716.952,0.2717102391
206731.952,0.2716922161
206746.952,0.2716741963
206761.952,0.2716561797
206776.952,0.2716381663
206791.952,0.271620156
206806.952,0.271602149
206821.952,0.2715841452
206836.952,0.2715661446
206851.952,0.2715481471
206866.952,0.2715301529
206881.952,0.2715121618
206896.952,0.2714941739
206911.952,0.2714761892
206926.952,0.2714582077
206941.952,0.2714402294
206956.952,0.2714222543
206971.952,0.2714042823
206986.952,0.2713863136
207001.952,0.271368348
207016.952,0.2713503856
207031.952,0.2713324264
207046.952,0.2713144704
207061.952,0.2712965175
207076.952,0.2712785679
207091.952,0.2712606214
207106.952,0.2712426781
207121.952,0.2712247379
207136.952,0.271206801
207151.952,0.2711888672
207166.952,0.2711709366
207181.952,0.2711530091
207196.952,0.2711350849
207211.952,0.2711171638
207226.952,0.2710992458
207241.952,0.2710813311
207256.952,0.2710634195
207271.952,0.2710455111
207286.952,0.2710276058
207301.952,0.2710097038
207316.952,0.2709918049
207331.952,0.2709739091
207346.952,0.2709560165
207361.952,0.2709381271
207376.952,0.2709202408
207391.952,0.2709023578
207406.952,0.2708844778
207421.952,0.270866601
207436.952,0.2708487274
207451.952,0.270830857
207466.952,0.2708129897
207481.952,0.2707951256
207496.952,0.2707772646
207511.952,0.2707594067
207526.952,0.2707415521
207541.952,0.2707237006
207556.952,0.2707058522
207571.952,0.270688007
207586.952,0.2706701649
207601.952,0.270652326
207616.952,0.2706344903
207631.952,0.2706166577
207646.952,0.2705988282
207661.952,0.2705810019
207676.952,0.2705631787
207691.952,0.2705453587
207706.952,0.2705275418
207721.952,0.2705097281
207736.952,0.2704919175
207751.952,0.2704741101
207766.952,0.2704563058
207781.952,0.2704385046
207796.952,0.2704207066
207811.952,0.2704029117
207826.952,0.27038512
207841.952,0.2703673314
207856.952,0.2703495459
207871.952,0.2703317636
207886.952,0.2703139844
207901.952,0.2702962083
207916.952,0.2702784354
207931.952,0.2702606656
207946.952,0.270242899
207961.952,0.2702251355
207976.952,0.2702073751
207991.952,0.2701896178
208006.952,0.2701718637
208021.952,0.2701541127
208036.952,0.2701363648
208051.952,0.27011862
208066.952,0.2701008784
208081.952,0.2700831399
208096.952,0.2700654045
208111.952,0.2700476723
208126.952,0.2700299432
208141.952,0.2700122171
208156.952,0.2699944943
208171.952,0.2699767745
208186.952,0.2699590579
208201.952,0.2699413443
208216.952,0.2699236339
208231.952,0.2699059266
208246.952,0.2698882225
208261.952,0.2698705214
208276.952,0.2698528235
208291.952,0.2698351286
208306.952,0.2698174369
208321.952,0.2697997483
208336.952,0.2697820628
208351.952,0.2697643805
208366.952,0.2697467012
208381.952,0.269729025
208396.952,0.269711352
208411.952,0.269693682
208426.952,0.2696760152
208441.952,0.2696583515
208456.952,0.2696406909
208471.952,0.2696230333
208486.952,0.2696053789
208501.952,0.2695877276
208516.952,0.2695700794
208531.952,0.2695524343
208546.952,0.2695347923
208561.952,0.2695171534
208576.952,0.2694995176
208591.952,0.2694818849
208606.952,0.2694642553
208621.952,0.2694466288
208636.952,0.2694290053
208651.952,0.269411385
208666.952,0.2693937678
208681.952,0.2693761537
208696.952,0.2693585426
208711.952,0.2693409347
208726.952,0.2693233298
208741.952,0.2693057281
208756.952,0.2692881294
208771.952,0.2692705338
208786.952,0.2692529413
208801.952,0.2692353519
208816.952,0.2692177656
208831.952,0.2692001823
208846.952,0.2691826022
208861.952,0.2691650251
208876.952,0.2691474511
208891.952,0.2691298802
208906.952,0.2691123124
208921.952,0.2690947477
208936.952,0.269077186
208951.952,0.2690596274
208966.952,0.2690420719
208981.952,0.2690245195
208996.952,0.2690069702
209011.952,0.2689894239
209026.952,0.2689718807
209041.952,0.2689543406
209056.952,0.2689368036
209071.952,0.2689192696
209086.952,0.2689017387
209101.952,0.2688842109
209116.952,0.2688666861
209131.952,0.2688491644
209146.952,0.2688316458
209161.952,0.2688141303
209176.952,0.2687966178
209191.952,0.2687791084
209206.952,0.268761602
209221.952,0.2687440988
209236.952,0.2687265986
209251.952,0.2687091014
209266.952,0.2686916073
209281.952,0.2686741163
209296.952,0.2686566284
209311.952,0.2686391435
209326.952,0.2686216616
209341.952,0.2686041828
209356.952,0.2685867071
209371.952,0.2685692345
209386.952,0.2685517649
209401.952,0.2685342983
209416.952,0.2685168348
209431.952,0.2684993744
209446.952,0.268481917
209461.952,0.2684644627
209476.952,0.2684470114
209491.952,0.2684295632
209506.952,0.268412118
209521.952,0.2683946759
209536.952,0.2683772368
209551.952,0.2683598008
209566.952,0.2683423678
209581.952,0.2683249378
209596.952,0.268307511
209611.952,0.2682900871
209626.952,0.2682726663
209641.952,0.2682552486
209656.952,0.2682378339
209671.952,0.2682204222
209686.952,0.2682030136
209701.952,0.268185608
209716.952,0.2681682055
209731.952,0.268150806
209746.952,0.2681334095
209761.952,0.2681160161
209776.952,0.2680986257
209791.952,0.2680812383
209806.952,0.268063854
209821.952,0.2680464727
209836.952,0.2680290945
209851.952,0.2680117193
209866.952,0.2679943471
209881.952,0.2679769779
209896.952,0.2679596118
209911.952,0.2679422487
209926.952,0.2679248887
209941.952,0.2679075317
209956.952,0.2678901777
209971.952,0.2678728267
209986.952,0.2678554787
210001.952,0.2678381338
210016.952,0.2678207919
210031.952,0.267803453
210046.952,0.2677861172
210061.952,0.2677687844
210076.952,0.2677514546
210091.952,0.2677341278
210106.952,0.267716804
210121.952,0.2676994833
210136.952,0.2676821655
210151.952,0.2676648508
210166.952,0.2676475392
210181.952,0.2676302305
210196.952,0.2676129248
210211.952,0.2675956222
210226.952,0.2675783226
210241.952,0.2675610259
210256.952,0.2675437323
210271.952,0.2675264417
210286.952,0.2675091542
210301.952,0.2674918696
210316.952,0.267474588
210331.952,0.2674573095
210346.952,0.267440034
210361.952,0.2674227614
210376.952,0.2674054919
210391.952,0.2673882254
210406.952,0.2673709619
210421.952,0.2673537014
210436.952,0.2673364438
210451.952,0.2673191893
210466.952,0.2673019378
210481.952,0.2672846893
210496.952,0.2672674438
210511.952,0.2672502013
210526.952,0.2672329618
210541.952,0.2672157253
210556.952,0.2671984918
210571.952,0.2671812613
210586.952,0.2671640338
210601.952,0.2671468093
210616.952,0.2671295878
210631.952,0.2671123692
210646.952,0.2670951537
210661.952,0.2670779412
210676.952,0.2670607316
210691.952,0.2670435251
210706.952,0.2670263215
210721.952,0.2670091209
210736.952,0.2669919233
210751.952,0.2669747287
210766.952,0.2669575371
210781.952,0.2669403485
210796.952,0.2669231628
210811.952,0.2669059802
210826.952,0.2668888005
210841.952,0.2668716238
210856.952,0.2668544501
210871.952,0.2668372794
210886.952,0.2668201116
210901.952,0.2668029469
210916.952,0.2667857851
210931.952,0.2667686263
210946.952,0.2667514704
210961.952,0.2667343176
210976.952,0.2667171677
210991.952,0.2667000208
211006.952,0.2666828769
211021.952,0.2666657359
211036.952,0.266648598
211051.952,0.266631463
211066.952,0.2666143309
211081.952,0.2665972019
211096.952,0.2665800758
211111.952,0.2665629527
211126.952,0.2665458325
211141.952,0.2665287153
211156.952,0.2665116011
211171.952,0.2664944899
211186.952,0.2664773816
211201.952,0.2664602763
211216.952,0.2664431739
211231.952,0.2664260745
211246.952,0.2664089781
211261.952,0.2663918846
211276.952,0.2663747941
211291.952,0.2663577066
211306.952,0.266340622
211321.952,0.2663235404
211336.952,0.2663064618
211351.952,0.2662893861
211366.952,0.2662723133
211381.952,0.2662552435
211396.952,0.2662381767
211411.952,0.2662211128
211426.952,0.2662040519
211441.952,0.2661869939
211456.952,0.2661699389
211471.952,0.2661528868
211486.952,0.2661358377
211501.952,0.2661187916
211516.952,0.2661017484
211531.952,0.2660847081
211546.952,0.2660676708
211561.952,0.2660506364
211576.952,0.266033605
211591.952,0.2660165765
211606.952,0.265999551
211621.952,0.2659825284
211636.952,0.2659655088
211651.952,0.2659484921
211666.952,0.2659314783
211681.952,0.2659144675
211696.952,0.2658974596
211711.952,0.2658804547
211726.952,0.2658634527
211741.952,0.2658464537
211756.952,0.2658294576
211771.952,0.2658124644
211786.952,0.2657954741
211801.952,0.2657784868
211816.952,0.2657615025
211831.952,0.265744521
211846.952,0.2657275425
211861.952,0.265710567
211876.952,0.2656935943
211891.952,0.2656766246
211906.952,0.2656596579
211921.952,0.265642694
211936.952,0.2656257331
211951.952,0.2656087751
211966.952,0.2655918201
211981.952,0.2655748679
211996.952,0.2655579187
212011.952,0.2655409725
212026.952,0.2655240291
212041.952,0.2655070887
212056.952,0.2654901512
212071.952,0.2654732166
212086.952,0.2654562849
212101.952,0.2654393562
212116.952,0.2654224304
212131.952,0.2654055075
212146.952,0.2653885875
212161.952,0.2653716704
212176.952,0.2653547563
212191.952,0.2653378451
212206.952,0.2653209367
212221.952,0.2653040313
212236.952,0.2652871289
212251.952,0.2652702293
212266.952,0.2652533326
212281.952,0.2652364389
212296.952,0.2652195481
212311.952,0.2652026602
212326.952,0.2651857751
212341.952,0.2651688931
212356.952,0.2651520139
212371.952,0.2651351376
212386.952,0.2651182642
212401.952,0.2651013937
212416.952,0.2650845262
212431.952,0.2650676615
212446.952,0.2650507998
212461.952,0.2650339409
212476.952,0.265017085
212491.952,0.2650002319
212506.952,0.2649833818
212521.952,0.2649665346
212536.952,0.2649496902
212551.952,0.2649328488
212566.952,0.2649160102
212581.952,0.2648991746
212596.952,0.2648823419
212611.952,0.264865512
212626.952,0.2648486851
212641.952,0.264831861
212656.952,0.2648150398
212671.952,0.2647982216
212686.952,0.2647814062
212701.952,0.2647645937
212716.952,0.2647477841
212731.952,0.2647309774
212746.952,0.2647141736
212761.952,0.2646973727
212776.952,0.2646805746
212791.952,0.2646637795
212806.952,0.2646469872
212821.952,0.2646301979
212836.952,0.2646134114
212851.952,0.2645966278
212866.952,0.2645798471
212881.952,0.2645630692
212896.952,0.2645462943
212911.952,0.2645295222
212926.952,0.264512753
212941.952,0.2644959867
212956.952,0.2644792233
212971.952,0.2644624628
212986.952,0.2644457051
213001.952,0.2644289503
213016.952,0.2644121984
213031.952,0.2643954493
213046.952,0.2643787032
213061.952,0.2643619599
213076.952,0.2643452195
213091.952,0.264328482
213106.952,0.2643117473
213121.952,0.2642950155
213136.952,0.2642782866
213151.952,0.2642615605
213166.952,0.2642448373
213181.952,0.264228117
213196.952,0.2642113996
213211.952,0.264194685
213226.952,0.2641779733
213241.952,0.2641612645
213256.952,0.2641445585
213271.952,0.2641278554
213286.952,0.2641111551
213301.952,0.2640944578
213316.952,0.2640777632
213331.952,0.2640610716
213346.952,0.2640443828
213361.952,0.2640276969
213376.952,0.2640110138
213391.952,0.2639943336
213406.952,0.2639776562
213421.952,0.2639609817
213436.952,0.2639443101
213451.952,0.2639276413
213466.952,0.2639109754
213481.952,0.2638943123
213496.952,0.2638776521
213511.952,0.2638609947
213526.952,0.2638443402
213541.952,0.2638276885
213556.952,0.2638110397
213571.952,0.2637943938
213586.952,0.2637777507
213601.952,0.2637611104
213616.952,0.263744473
213631.952,0.2637278384
213646.952,0.2637112067
213661.952,0.2636945779
213676.952,0.2636779518
213691.952,0.2636613287
213706.952,0.2636447083
213721.952,0.2636280909
213736.952,0.2636114762
213751.952,0.2635948644
213766.952,0.2635782554
213781.952,0.2635616493
213796.952,0.263545046
213811.952,0.2635284456
213826.952,0.263511848
213841.952,0.2634952532
213856.952,0.2634786613
213871.952,0.2634620722
213886.952,0.263445486
213901.952,0.2634289026
213916.952,0.263412322
213931.952,0.2633957442
213946.952,0.2633791693
213961.952,0.2633625972
213976.952,0.263346028
213991.952,0.2633294616
214006.952,0.263312898
214021.952,0.2632963372
214036.952,0.2632797793
214051.952,0.2632632242
214066.952,0.2632466719
214081.952,0.2632301225
214096.952,0.2632135759
214111.952,0.2631970321
214126.952,0.2631804911
214141.952,0.2631639529
214156.952,0.2631474176
214171.952,0.2631308851
214186.952,0.2631143554
214201.952,0.2630978286
214216.952,0.2630813046
214231.952,0.2630647833
214246.952,0.2630482649
214261.952,0.2630317494
214276.952,0.2630152366
214291.952,0.2629987267
214306.952,0.2629822195
214321.952,0.2629657152
214336.952,0.2629492137
214351.952,0.262932715
214366.952,0.2629162192
214381.952,0.2628997261
214396.952,0.2628832359
214411.952,0.2628667485
214426.952,0.2628502638
214441.952,0.262833782
214456.952,0.262817303
214471.952,0.2628008268
214486.952,0.2627843535
214501.952,0.2627678829
214516.952,0.2627514151
214531.952,0.2627349502
214546.952,0.262718488
214561.952,0.2627020286
214576.952,0.2626855721
214591.952,0.2626691183
214606.952,0.2626526674
214621.952,0.2626362193
214636.952,0.2626197739
214651.952,0.2626033314
214666.952,0.2625868916
214681.952,0.2625704547
214696.952,0.2625540206
214711.952,0.2625375892
214726.952,0.2625211607
214741.952,0.2625047349
214756.952,0.262488312
214771.952,0.2624718918
214786.952,0.2624554745
214801.952,0.2624390599
214816.952,0.2624226481
214831.952,0.2624062391
214846.952,0.2623898329
214861.952,0.2623734295
214876.952,0.2623570289
214891.952,0.2623406311
214906.952,0.262324236
214921.952,0.2623078438
214936.952,0.2622914543
214951.952,0.2622750677
214966.952,0.2622586838
214981.952,0.2622423027
214996.952,0.2622259244
215011.952,0.2622095488
215026.952,0.2621931761
215041.952,0.2621768061
215056.952,0.2621604389
215071.952,0.2621440745
215086.952,0.2621277129
215101.952,0.2621113541
215116.952,0.262094998
215131.952,0.2620786447
215146.952,0.2620622942
215161.952,0.2620459465
215176.952,0.2620296015
215191.952,0.2620132593
215206.952,0.2619969199
215221.952,0.2619805833
215236.952,0.2619642494
215251.952,0.2619479184
215266.952,0.2619315901
215281.952,0.2619152645
215296.952,0.2618989417
215311.952,0.2618826218
215326.952,0.2618663045
215341.952,0.2618499901
215356.952,0.2618336784
215371.952,0.2618173695
215386.952,0.2618010633
215401.952,0.2617847599
215416.952,0.2617684593
215431.952,0.2617521614
215446.952,0.2617358663
215461.952,0.261719574
215476.952,0.2617032844
215491.952,0.2616869976
215506.952,0.2616707136
215521.952,0.2616544323
215536.952,0.2616381538
215551.952,0.261621878
215566.952,0.261605605
215581.952,0.2615893348
215596.952,0.2615730673
215611.952,0.2615568025
215626.952,0.2615405406
215641.952,0.2615242813
215656.952,0.2615080249
215671.952,0.2614917712
215686.952,0.2614755202
215701.952,0.261459272
215716.952,0.2614430265
215731.952,0.2614267838
215746.952,0.2614105439
215761.952,0.2613943067
215776.952,0.2613780722
215791.952,0.2613618405
215806.952,0.2613456116
215821.952,0.2613293853
215836.952,0.2613131619
215851.952,0.2612969412
215866.952,0.2612807232
215881.952,0.261264508
215896.952,0.2612482955
215911.952,0.2612320857
215926.952,0.2612158787
215941.952,0.2611996745
215956.952,0.261183473
215971.952,0.2611672742
215986.952,0.2611510782
216001.952,0.2611348849
216016.952,0.2611186943
216031.952,0.2611025065
216046.952,0.2610863214
216061.952,0.2610701391
216076.952,0.2610539594
216091.952,0.2610377826
216106.952,0.2610216084
216121.952,0.261005437
216136.952,0.2609892683
216151.952,0.2609731024
216166.952,0.2609569392
216181.952,0.2609407787
216196.952,0.260924621
216211.952,0.2609084659
216226.952,0.2608923137
216241.952,0.2608761641
216256.952,0.2608600173
216271.952,0.2608438732
216286.952,0.2608277318
216301.952,0.2608115931
216316.952,0.2607954572
216331.952,0.260779324
216346.952,0.2607631935
216361.952,0.2607470658
216376.952,0.2607309407
216391.952,0.2607148184
216406.952,0.2606986988
216421.952,0.2606825819
216436.952,0.2606664678
216451.952,0.2606503564
216466.952,0.2606342476
216481.952,0.2606181417
216496.952,0.2606020384
216511.952,0.2605859378
216526.952,0.26056984
216541.952,0.2605537448
216556.952,0.2605376524
216571.952,0.2605215627
216586.952,0.2605054757
216601.952,0.2604893914
216616.952,0.2604733099
216631.952,0.260457231
216646.952,0.2604411549
216661.952,0.2604250814
216676.952,0.2604090107
216691.952,0.2603929427
216706.952,0.2603768774
216721.952,0.2603608148
216736.952,0.2603447549
216751.952,0.2603286977
216766.952,0.2603126432
216781.952,0.2602965914
216796.952,0.2602805424
216811.952,0.260264496
216826.952,0.2602484523
216841.952,0.2602324113
216856.952,0.2602163731
216871.952,0.2602003375
216886.952,0.2601843046
216901.952,0.2601682745
216916.952,0.260152247
216931.952,0.2601362222
216946.952,0.2601202002
216961.952,0.2601041808
216976.952,0.2600881641
216991.952,0.2600721501
217006.952,0.2600561388
217021.952,0.2600401302
217036.952,0.2600241243
217051.952,0.2600081211
217066.952,0.2599921206
217081.952,0.2599761228
217096.952,0.2599601276
217111.952,0.2599441352
217126.952,0.2599281454
217141.952,0.2599121583
217156.952,0.259896174
217171.952,0.2598801923
217186.952,0.2598642133
217201.952,0.2598482369
217216.952,0.2598322633
217231.952,0.2598162923
217246.952,0.2598003241
217261.952,0.2597843585
217276.952,0.2597683956
217291.952,0.2597524354
217306.952,0.2597364778
217321.952,0.259720523
217336.952,0.2597045708
217351.952,0.2596886213
217366.952,0.2596726745
217381.952,0.2596567303
217396.952,0.2596407889
217411.952,0.2596248501
217426.952,0.259608914
217441.952,0.2595929805
217456.952,0.2595770498
217471.952,0.2595611217
217486.952,0.2595451963
217501.952,0.2595292735
217516.952,0.2595133535
217531.952,0.2594974361
217546.952,0.2594815214
217561.952,0.2594656093
217576.952,0.2594496999
217591.952,0.2594337932
217606.952,0.2594178892
217621.952,0.2594019878
217636.952,0.2593860891
217651.952,0.259370193
217666.952,0.2593542997
217681.952,0.2593384089
217696.952,0.2593225209
217711.952,0.2593066355
217726.952,0.2592907528
217741.952,0.2592748727
217756.952,0.2592589953
217771.952,0.2592431206
217786.952,0.2592272485
217801.952,0.2592113791
217816.952,0.2591955123
217831.952,0.2591796483
217846.952,0.2591637868
217861.952,0.259147928
217876.952,0.2591320719
217891.952,0.2591162184
217906.952,0.2591003676
217921.952,0.2590845195
217936.952,0.259068674
217951.952,0.2590528311
217966.952,0.2590369909
217981.952,0.2590211534
217996.952,0.2590053185
218011.952,0.2589894862
218026.952,0.2589736566
218041.952,0.2589578297
218056.952,0.2589420054
218071.952,0.2589261838
218086.952,0.2589103648
218101.952,0.2588945484
218116.952,0.2588787347
218131.952,0.2588629236
218146.952,0.2588471152
218161.952,0.2588313095
218176.952,0.2588155063
218191.952,0.2587997058
218206.952,0.258783908
218221.952,0.2587681128
218236.952,0.2587523203
218251.952,0.2587365303
218266.952,0.2587207431
218281.952,0.2587049584
218296.952,0.2586891764
218311.952,0.2586733971
218326.952,0.2586576203
218341.952,0.2586418463
218356.952,0.2586260748
218371.952,0.258610306
218386.952,0.2585945398
218401.952,0.2585787763
218416.952,0.2585630154
218431.952,0.2585472571
218446.952,0.2585315014
218461.952,0.2585157484
218476.952,0.258499998
218491.952,0.2584842503
218506.952,0.2584685052
218521.952,0.2584527627
218536.952,0.2584370228
218551.952,0.2584212856
218566.952,0.258405551
218581.952,0.258389819
218596.952,0.2583740896
218611.952,0.2583583629
218626.952,0.2583426388
218641.952,0.2583269173
218656.952,0.2583111984
218671.952,0.2582954822
218686.952,0.2582797686
218701.952,0.2582640576
218716.952,0.2582483492
218731.952,0.2582326435
218746.952,0.2582169403
218761.952,0.2582012398
218776.952,0.2581855419
218791.952,0.2581698467
218806.952,0.258154154
218821.952,0.258138464
218836.952,0.2581227765
218851.952,0.2581070917
218866.952,0.2580914095
218881.952,0.2580757299
218896.952,0.258060053
218911.952,0.2580443786
218926.952,0.2580287069
218941.952,0.2580130377
218956.952,0.2579973712
218971.952,0.2579817073
218986.952,0.257966046
219001.952,0.2579503873
219016.952,0.2579347312
219031.952,0.2579190777
219046.952,0.2579034268
219061.952,0.2578877786
219076.952,0.2578721329
219091.952,0.2578564899
219106.952,0.2578408494
219121.952,0.2578252116
219136.952,0.2578095763
219151.952,0.2577939437
219166.952,0.2577783136
219181.952,0.2577626862
219196.952,0.2577470613
219211.952,0.2577314391
219226.952,0.2577158195
219241.952,0.2577002024
219256.952,0.257684588
219271.952,0.2576689761
219286.952,0.2576533669
219301.952,0.2576377602
219316.952,0.2576221562
219331.952,0.2576065547
219346.952,0.2575909559
219361.952,0.2575753596
219376.952,0.2575597659
219391.952,0.2575441748
219406.952,0.2575285863
219421.952,0.2575130004
219436.952,0.2574974171
219451.952,0.2574818364
219466.952,0.2574662582
219481.952,0.2574506827
219496.952,0.2574351097
219511.952,0.2574195394
219526.952,0.2574039716
219541.952,0.2573884064
219556.952,0.2573728438
219571.952,0.2573572837
219586.952,0.2573417263
219601.952,0.2573261714
219616.952,0.2573106192
219631.952,0.2572950695
219646.952,0.2572795224
219661.952,0.2572639778
219676.952,0.2572484359
219691.952,0.2572328965
219706.952,0.2572173597
219721.952,0.2572018255
219736.952,0.2571862939
219751.952,0.2571707648
219766.952,0.2571552383
219781.952,0.2571397144
219796.952,0.2571241931
219811.952,0.2571086744
219826.952,0.2570931582
219841.952,0.2570776446
219856.952,0.2570621335
219871.952,0.2570466251
219886.952,0.2570311192
219901.952,0.2570156159
219916.952,0.2570001151
219931.952,0.256984617
219946.952,0.2569691214
219961.952,0.2569536283
219976.952,0.2569381378
219991.952,0.2569226499
220006.952,0.2569071646
220021.952,0.2568916818
220036.952,0.2568762016
220051.952,0.256860724
220066.952,0.2568452489
220081.952,0.2568297764
220096.952,0.2568143065
220111.952,0.2567988391
220126.952,0.2567833743
220141.952,0.256767912
220156.952,0.2567524523
220171.952,0.2567369952
220186.952,0.2567215406
220201.952,0.2567060886
220216.952,0.2566906391
220231.952,0.2566751922
220246.952,0.2566597479
220261.952,0.2566443061
220276.952,0.2566288668
220291.952,0.2566134302
220306.952,0.256597996
220321.952,0.2565825645
220336.952,0.2565671355
220351.952,0.256551709
220366.952,0.2565362851
220381.952,0.2565208637
220396.952,0.2565054449
220411.952,0.2564900286
220426.952,0.2564746149
220441.952,0.2564592038
220456.952,0.2564437952
220471.952,0.2564283891
220486.952,0.2564129856
220501.952,0.2563975846
220516.952,0.2563821862
220531.952,0.2563667903
220546.952,0.256351397
220561.952,0.2563360062
220576.952,0.2563206179
220591.952,0.2563052322
220606.952,0.2562898491
220621.952,0.2562744684
220636.952,0.2562590904
220651.952,0.2562437148
220666.952,0.2562283418
220681.952,0.2562129714
220696.952,0.2561976035
220711.952,0.2561822381
220726.952,0.2561668752
220741.952,0.2561515149
220756.952,0.2561361571
220771.952,0.2561208019
220786.952,0.2561054492
220801.952,0.256090099
220816.952,0.2560747514
220831.952,0.2560594063
220846.952,0.2560440637
220861.952,0.2560287237
220876.952,0.2560133862
220891.952,0.2559980512
220906.952,0.2559827188
220921.952,0.2559673889
220936.952,0.2559520615
220951.952,0.2559367366
220966.952,0.2559214143
220981.952,0.2559060945
220996.952,0.2558907772
221011.952,0.2558754625
221026.952,0.2558601503
221041.952,0.2558448406
221056.952,0.2558295334
221071.952,0.2558142287
221086.952,0.2557989266
221101.952,0.255783627
221116.952,0.2557683299
221131.952,0.2557530353
221146.952,0.2557377433
221161.952,0.2557224538
221176.952,0.2557071668
221191.952,0.2556918823
221206.952,0.2556766003
221221.952,0.2556613209
221236.952,0.2556460439
221251.952,0.2556307695
221266.952,0.2556154976
221281.952,0.2556002282
221296.952,0.2555849614
221311.952,0.255569697
221326.952,0.2555544352
221341.952,0.2555391758
221356.952,0.255523919
221371.952,0.2555086647
221386.952,0.2554934129
221401.952,0.2554781636
221416.952,0.2554629168
221431.952,0.2554476726
221446.952,0.2554324308
221461.952,0.2554171916
221476.952,0.2554019548
221491.952,0.2553867206
221506.952,0.2553714888
221521.952,0.2553562596
221536.952,0.2553410329
221551.952,0.2553258087
221566.952,0.255310587
221581.952,0.2552953677
221596.952,0.255280151
221611.952,0.2552649368
221626.952,0.2552497251
221641.952,0.2552345159
221656.952,0.2552193092
221671.952,0.255204105
221686.952,0.2551889033
221701.952,0.2551737041
221716.952,0.2551585074
221731.952,0.2551433132
221746.952,0.2551281214
221761.952,0.2551129322
221776.952,0.2550977455
221791.952,0.2550825612
221806.952,0.2550673795
221821.952,0.2550522003
221836.952,0.2550370235
221851.952,0.2550218493
221866.952,0.2550066775
221881.952,0.2549915082
221896.952,0.2549763414
221911.952,0.2549611771
221926.952,0.2549460153
221941.952,0.254930856
221956.952,0.2549156992
221971.952,0.2549005448
221986.952,0.254885393
222001.952,0.2548702436
222016.952,0.2548550967
222031.952,0.2548399523
222046.952,0.2548248104
222061.952,0.254809671
222076.952,0.254794534
222091.952,0.2547793995
222106.952,0.2547642676
222121.952,0.2547491381
222136.952,0.254734011
222151.952,0.2547188865
222166.952,0.2547037644
222181.952,0.2546886449
222196.952,0.2546735278
222211.952,0.2546584131
222226.952,0.254643301
222241.952,0.2546281913
222256.952,0.2546130841
222271.952,0.2545979794
222286.952,0.2545828772
222301.952,0.2545677774
222316.952,0.2545526801
222331.952,0.2545375853
222346.952,0.2545224929
222361.952,0.254507403
222376.952,0.2544923156
222391.952,0.2544772307
222406.952,0.2544621482
222421.952,0.2544470682
222436.952,0.2544319907
222451.952,0.2544169157
222466.952,0.2544018431
222481.952,0.2543867729
222496.952,0.2543717053
222511.952,0.2543566401
222526.952,0.2543415774
222541.952,0.2543265171
222556.952,0.2543114593
222571.952,0.254296404
222586.952,0.2542813511
222601.952,0.2542663007
222616.952,0.2542512528
222631.952,0.2542362073
222646.952,0.2542211643
222661.952,0.2542061237
222676.952,0.2541910856
222691.952,0.25417605
222706.952,0.2541610168
222721.952,0.2541459861
222736.952,0.2541309578
222751.952,0.254115932
222766.952,0.2541009086
222781.952,0.2540858877
222796.952,0.2540708693
222811.952,0.2540558533
222826.952,0.2540408398
222841.952,0.2540258287
222856.952,0.2540108201
222871.952,0.2539958139
222886.952,0.2539808102
222901.952,0.2539658089
222916.952,0.2539508101
222931.952,0.2539358137
222946.952,0.2539208198
222961.952,0.2539058283
222976.952,0.2538908393
222991.952,0.2538758527
223006.952,0.2538608686
223021.952,0.2538458869
223036.952,0.2538309076
223051.952,0.2538159308
223066.952,0.2538009565
223081.952,0.2537859846
223096.952,0.2537710151
223111.952,0.2537560481
223126.952,0.2537410835
223141.952,0.2537261214
223156.952,0.2537111617
223171.952,0.2536962044
223186.952,0.2536812496
223201.952,0.2536662972
223216.952,0.2536513473
223231.952,0.2536363998
223246.952,0.2536214547
223261.952,0.2536065121
223276.952,0.2535915719
223291.952,0.2535766342
223306.952,0.2535616988
223321.952,0.253546766
223336.952,0.2535318355
223351.952,0.2535169075
223366.952,0.2535019819
223381.952,0.2534870588
223396.952,0.2534721381
223411.952,0.2534572198
223426.952,0.2534423039
223441.952,0.2534273905
223456.952,0.2534124795
223471.952,0.2533975709
223486.952,0.2533826648
223501.952,0.2533677611
223516.952,0.2533528598
223531.952,0.2533379609
223546.952,0.2533230645
223561.952,0.2533081705
223576.952,0.2532932789
223591.952,0.2532783898
223606.952,0.253263503
223621.952,0.2532486187
223636.952,0.2532337368
223651.952,0.2532188574
223666.952,0.2532039803
223681.952,0.2531891057
223696.952,0.2531742335
223711.952,0.2531593637
223726.952,0.2531444963
223741.952,0.2531296314
223756.952,0.2531147689
223771.952,0.2530999088
223786.952,0.2530850511
223801.952,0.2530701958
223816.952,0.2530553429
223831.952,0.2530404925
223846.952,0.2530256445
223861.952,0.2530107988
223876.952,0.2529959556
223891.952,0.2529811148
223906.952,0.2529662765
223921.952,0.2529514405
223936.952,0.2529366069
223951.952,0.2529217758
223966.952,0.2529069471
223981.952,0.2528921207
223996.952,0.2528772968
224011.952,0.2528624753
224026.952,0.2528476562
224041.952,0.2528328395
224056.952,0.2528180252
224071.952,0.2528032133
224086.952,0.2527884039
224101.952,0.2527735968
224116.952,0.2527587921
224131.952,0.2527439899
224146.952,0.25272919
224161.952,0.2527143926
224176.952,0.2526995975
224191.952,0.2526848048
224206.952,0.2526700146
224221.952,0.2526552267
224236.952,0.2526404413
224251.952,0.2526256582
224266.952,0.2526108776
224281.952,0.2525960993
224296.952,0.2525813235
224311.952,0.25256655
224326.952,0.2525517789
224341.952,0.2525370103
224356.952,0.252522244
224371.952,0.2525074801
224386.952,0.2524927186
224401.952,0.2524779595
224416.952,0.2524632028
224431.952,0.2524484485
224446.952,0.2524336966
224461.952,0.2524189471
224476.952,0.2524041999
224491.952,0.2523894552
224506.952,0.2523747128
224521.952,0.2523599729
224536.952,0.2523452353
224551.952,0.2523305001
224566.952,0.2523157673
224581.952,0.2523010369
224596.952,0.2522863089
224611.952,0.2522715832
224626.952,0.25225686
224641.952,0.2522421391
224656.952,0.2522274206
224671.952,0.2522127045
224686.952,0.2521979908
224701.952,0.2521832794
224716.952,0.2521685705
224731.952,0.2521538639
224746.952,0.2521391597
224761.952,0.2521244579
224776.952,0.2521097584
224791.952,0.2520950614
224806.952,0.2520803667
224821.952,0.2520656744
224836.952,0.2520509845
224851.952,0.2520362969
224866.952,0.2520216117
224881.952,0.2520069289
224896.952,0.2519922485
224911.952,0.2519775705
224926.952,0.2519628948
224941.952,0.2519482215
224956.952,0.2519335506
224971.952,0.251918882
224986.952,0.2519042158
225001.952,0.251889552
225016.952,0.2518748906
225031.952,0.2518602315
225046.952,0.2518455748
225061.952,0.2518309204
225076.952,0.2518162685
225091.952,0.2518016189
225106.952,0.2517869716
225121.952,0.2517723268
225136.952,0.2517576843
225151.952,0.2517430441
225166.952,0.2517284064
225181.952,0.251713771
225196.952,0.2516991379
225211.952,0.2516845072
225226.952,0.2516698789
225241.952,0.251655253
225256.952,0.2516406294
225271.952,0.2516260081
225286.952,0.2516113893
225301.952,0.2515967728
225316.952,0.2515821586
225331.952,0.2515675468
225346.952,0.2515529374
225361.952,0.2515383303
225376.952,0.2515237256
225391.952,0.2515091232
225406.952,0.2514945232
225421.952,0.2514799256
225436.952,0.2514653303
225451.952,0.2514507373
225466.952,0.2514361467
225481.952,0.2514215585
225496.952,0.2514069726
225511.952,0.2513923891
225526.952,0.2513778079
225541.952,0.2513632291
225556.952,0.2513486526
225571.952,0.2513340785
225586.952,0.2513195067
225601.952,0.2513049372
225616.952,0.2512903702
225631.952,0.2512758054
225646.952,0.251261243
225661.952,0.251246683
225676.952,0.2512321253
225691.952,0.25121757
225706.952,0.251203017
225721.952,0.2511884663
225736.952,0.251173918
225751.952,0.251159372
225766.952,0.2511448284
225781.952,0.2511302871
225796.952,0.2511157481
225811.952,0.2511012115
225826.952,0.2510866773
225841.952,0.2510721453
225856.952,0.2510576157
225871.952,0.2510430885
225886.952,0.2510285636
225901.952,0.251014041
225916.952,0.2509995208
225931.952,0.2509850029
225946.952,0.2509704873
225961.952,0.2509559741
225976.952,0.2509414632
225991.952,0.2509269547
226006.952,0.2509124484
226021.952,0.2508979445
226036.952,0.250883443
226051.952,0.2508689438
226066.952,0.2508544469
226081.952,0.2508399523
226096.952,0.2508254601
226111.952,0.2508109702
226126.952,0.2507964826
226141.952,0.2507819974
226156.952,0.2507675145
226171.952,0.2507530339
226186.952,0.2507385556
226201.952,0.2507240797
226216.952,0.2507096061
226231.952,0.2506951348
226246.952,0.2506806658
226261.952,0.2506661992
226276.952,0.2506517349
226291.952,0.2506372729
226306.952,0.2506228133
226321.952,0.2506083559
226336.952,0.2505939009
226351.952,0.2505794482
226366.952,0.2505649979
226381.952,0.2505505498
226396.952,0.2505361041
226411.952,0.2505216607
226426.952,0.2505072196
226441.952,0.2504927808
226456.952,0.2504783443
226471.952,0.2504639102
226486.952,0.2504494784
226501.952,0.2504350488
226516.952,0.2504206217
226531.952,0.2504061968
226546.952,0.2503917742
226561.952,0.250377354
226576.952,0.250362936
226591.952,0.2503485204
226606.952,0.2503341071
226621.952,0.2503196961
226636.952,0.2503052874
226651.952,0.250290881
226666.952,0.2502764769
226681.952,0.2502620752
226696.952,0.2502476757
226711.952,0.2502332786
226726.952,0.2502188838
226741.952,0.2502044912
226756.952,0.250190101
226771.952,0.2501757131
226786.952,0.2501613275
226801.952,0.2501469442
226816.952,0.2501325632
226831.952,0.2501181845
226846.952,0.2501038081
226861.952,0.250089434
226876.952,0.2500750622
226891.952,0.2500606927
226906.952,0.2500463255
226921.952,0.2500319607
226936.952,0.2500175981
226951.952,0.2500032378
226966.952,0.2499888798
226981.952,0.2499745241
226996.952,0.2499601707
227011.952,0.2499458196
227026.952,0.2499314709
227041.952,0.2499171244
227056.952,0.2499027802
227071.952,0.2498884383
227086.952,0.2498740986
227101.952,0.2498597613
227116.952,0.2498454263
227131.952,0.2498310936
227146.952,0.2498167631
227161.952,0.249802435
227176.952,0.2497881091
227191.952,0.2497737856
227206.952,0.2497594643
227221.952,0.2497451453
227236.952,0.2497308286
227251.952,0.2497165142
227266.952,0.2497022021
227281.952,0.2496878923
227296.952,0.2496735848
227311.952,0.2496592795
227326.952,0.2496449766
227341.952,0.2496306759
227356.952,0.2496163775
227371.952,0.2496020814
227386.952,0.2495877875
227401.952,0.249573496
227416.952,0.2495592067
227431.952,0.2495449198
227446.952,0.2495306351
227461.952,0.2495163527
227476.952,0.2495020725
227491.952,0.2494877947
227506.952,0.2494735191
227521.952,0.2494592458
227536.952,0.2494449748
227551.952,0.2494307061
227566.952,0.2494164396
227581.952,0.2494021754
227596.952,0.2493879135
227611.952,0.2493736539
227626.952,0.2493593966
227641.952,0.2493451415
227656.952,0.2493308887
227671.952,0.2493166382
227686.952,0.2493023899
227701.952,0.2492881439
227716.952,0.2492739002
227731.952,0.2492596588
227746.952,0.2492454196
227761.952,0.2492311827
227776.952,0.2492169481
227791.952,0.2492027158
227806.952,0.2491884857
227821.952,0.2491742579
227836.952,0.2491600323
227851.952,0.249145809
227866.952,0.249131588
227881.952,0.2491173693
227896.952,0.2491031528
227911.952,0.2490889386
227926.952,0.2490747267
227941.952,0.249060517
227956.952,0.2490463096
227971.952,0.2490321044
227986.952,0.2490179015
228001.952,0.2490037009
228016.952,0.2489895025
228031.952,0.2489753064
228046.952,0.2489611126
228061.952,0.248946921
228076.952,0.2489327316
228091.952,0.2489185446
228106.952,0.2489043598
228121.952,0.2488901772
228136.952,0.2488759969
228151.952,0.2488618189
228166.952,0.2488476431
228181.952,0.2488334696
228196.952,0.2488192983
228211.952,0.2488051293
228226.952,0.2487909626
228241.952,0.2487767981
228256.952,0.2487626358
228271.952,0.2487484758
228286.952,0.2487343181
228301.952,0.2487201626
228316.952,0.2487060094
228331.952,0.2486918584
228346.952,0.2486777096
228361.952,0.2486635631
228376.952,0.2486494189
228391.952,0.2486352769
228406.952,0.2486211372
228421.952,0.2486069997
228436.952,0.2485928644
228451.952,0.2485787314
228466.952,0.2485646007
228481.952,0.2485504722
228496.952,0.2485363459
228511.952,0.2485222219
228526.952,0.2485081001
228541.952,0.2484939806
228556.952,0.2484798633
228571.952,0.2484657483
228586.952,0.2484516355
228601.952,0.2484375249
228616.952,0.2484234166
228631.952,0.2484093105
228646.952,0.2483952067
228661.952,0.2483811051
228676.952,0.2483670057
228691.952,0.2483529086
228706.952,0.2483388137
228721.952,0.248324721
228736.952,0.2483106306
228751.952,0.2482965425
228766.952,0.2482824565
228781.952,0.2482683728
228796.952,0.2482542913
228811.952,0.2482402121
228826.952,0.2482261351
228841.952,0.2482120603
228856.952,0.2481979878
228871.952,0.2481839175
228886.952,0.2481698494
228901.952,0.2481557836
228916.952,0.24814172
228931.952,0.2481276586
228946.952,0.2481135995
228961.952,0.2480995425
228976.952,0.2480854878
228991.952,0.2480714354
229006.952,0.2480573851
229021.952,0.2480433371
229036.952,0.2480292914
229051.952,0.2480152478
229066.952,0.2480012065
229081.952,0.2479871674
229096.952,0.2479731305
229111.952,0.2479590958
229126.952,0.2479450634
229141.952,0.2479310332
229156.952,0.2479170052
229171.952,0.2479029794
229186.952,0.2478889559
229201.952,0.2478749346
229216.952,0.2478609154
229231.952,0.2478468986
229246.952,0.2478328839
229261.952,0.2478188714
229276.952,0.2478048612
229291.952,0.2477908532
229306.952,0.2477768474
229321.952,0.2477628438
229336.952,0.2477488425
229351.952,0.2477348433
229366.952,0.2477208464
229381.952,0.2477068517
229396.952,0.2476928592
229411.952,0.2476788689
229426.952,0.2476648808
229441.952,0.247650895
229456.952,0.2476369113
229471.952,0.2476229299
229486.952,0.2476089507
229501.952,0.2475949736
229516.952,0.2475809988
229531.952,0.2475670262
229546.952,0.2475530558
229561.952,0.2475390877
229576.952,0.2475251217
229591.952,0.2475111579
229606.952,0.2474971964
229621.952,0.247483237
229636.952,0.2474692799
229651.952,0.2474553249
229666.952,0.2474413722
229681.952,0.2474274217
229696.952,0.2474134734
229711.952,0.2473995272
229726.952,0.2473855833
229741.952,0.2473716416
229756.952,0.2473577021
229771.952,0.2473437648
229786.952,0.2473298297
229801.952,0.2473158968
229816.952,0.247301966
229831.952,0.2472880375
229846.952,0.2472741112
229861.952,0.2472601871
229876.952,0.2472462652
229891.952,0.2472323455
229906.952,0.2472184279
229921.952,0.2472045126
229936.952,0.2471905995
229951.952,0.2471766886
229966.952,0.2471627798
229981.952,0.2471488733
229996.952,0.2471349689
230011.952,0.2471210668
230026.952,0.2471071668
230041.952,0.247093269
230056.952,0.2470793734
230071.952,0.24706548
230086.952,0.2470515888
230101.952,0.2470376998
230116.952,0.247023813
230131.952,0.2470099284
230146.952,0.2469960459
230161.952,0.2469821657
230176.952,0.2469682876
230191.952,0.2469544117
230206.952,0.246940538
230221.952,0.2469266665
230236.952,0.2469127972
230251.952,0.2468989301
230266.952,0.2468850651
230281.952,0.2468712024
230296.952,0.2468573418
230311.952,0.2468434834
230326.952,0.2468296272
230341.952,0.2468157731
230356.952,0.2468019213
230371.952,0.2467880716
230386.952,0.2467742241
230401.952,0.2467603788
230416.952,0.2467465357
230431.952,0.2467326947
230446.952,0.2467188559
230461.952,0.2467050193
230476.952,0.2466911849
230491.952,0.2466773527
230506.952,0.2466635226
230521.952,0.2466496947
230536.952,0.246635869
230551.952,0.2466220455
230566.952,0.2466082241
230581.952,0.2465944049
230596.952,0.2465805879
230611.952,0.2465667731
230626.952,0.2465529604
230641.952,0.2465391499
230656.952,0.2465253416
230671.952,0.2465115354
230686.952,0.2464977315
230701.952,0.2464839296
230716.952,0.24647013
230731.952,0.2464563325
230746.952,0.2464425372
230761.952,0.2464287441
230776.952,0.2464149531
230791.952,0.2464011643
230806.952,0.2463873777
230821.952,0.2463735932
230836.952,0.2463598109
230851.952,0.2463460308
230866.952,0.2463322528
230881.952,0.246318477
230896.952,0.2463047033
230911.952,0.2462909319
230926.952,0.2462771625
230941.952,0.2462633954
230956.952,0.2462496304
230971.952,0.2462358675
230986.952,0.2462221069
231001.952,0.2462083484
231016.952,0.246194592
231031.952,0.2461808378
231046.952,0.2461670858
231061.952,0.2461533359
231076.952,0.2461395882
231091.952,0.2461258426
231106.952,0.2461120992
231121.952,0.246098358
231136.952,0.2460846189
231151.952,0.2460708819
231166.952,0.2460571471
231181.952,0.2460434145
231196.952,0.246029684
231211.952,0.2460159557
231226.952,0.2460022295
231241.952,0.2459885055
231256.952,0.2459747836
231271.952,0.2459610639
231286.952,0.2459473464
231301.952,0.245933631
231316.952,0.2459199177
231331.952,0.2459062066
231346.952,0.2458924976
231361.952,0.2458787908
231376.952,0.2458650861
231391.952,0.2458513836
231406.952,0.2458376832
231421.952,0.245823985
231436.952,0.2458102889
231451.952,0.245796595
231466.952,0.2457829032
231481.952,0.2457692135
231496.952,0.245755526
231511.952,0.2457418407
231526.952,0.2457281574
231541.952,0.2457144764
231556.952,0.2457007974
231571.952,0.2456871206
231586.952,0.245673446
231601.952,0.2456597735
231616.952,0.2456461031
231631.952,0.2456324349
231646.952,0.2456187688
231661.952,0.2456051048
231676.952,0.245591443
231691.952,0.2455777833
231706.952,0.2455641258
231721.952,0.2455504704
231736.952,0.2455368171
231751.952,0.245523166
231766.952,0.245509517
231781.952,0.2454958701
231796.952,0.2454822254
231811.952,0.2454685828
231826.952,0.2454549423
231841.952,0.245441304
231856.952,0.2454276678
231871.952,0.2454140337
231886.952,0.2454004018
231901.952,0.245386772
231916.952,0.2453731443
231931.952,0.2453595188
231946.952,0.2453458954
231961.952,0.2453322741
231976.952,0.2453186549
231991.952,0.2453050379
232006.952,0.245291423
232021.952,0.2452778102
232036.952,0.2452641996
232051.952,0.245250591
232066.952,0.2452369846
232081.952,0.2452233804
232096.952,0.2452097782
232111.952,0.2451961782
232126.952,0.2451825803
232141.952,0.2451689845
232156.952,0.2451553908
232171.952,0.2451417993
232186.952,0.2451282099
232201.952,0.2451146226
232216.952,0.2451010374
232231.952,0.2450874544
232246.952,0.2450738734
232261.952,0.2450602946
232276.952,0.2450467179
232291.952,0.2450331434
232306.952,0.2450195709
232321.952,0.2450060005
232336.952,0.2449924323
232351.952,0.2449788662
232366.952,0.2449653022
232381.952,0.2449517403
232396.952,0.2449381806
232411.952,0.2449246229
232426.952,0.2449110674
232441.952,0.244897514
232456.952,0.2448839627
232471.952,0.2448704135
232486.952,0.2448568664
232501.952,0.2448433214
232516.952,0.2448297785
232531.952,0.2448162378
232546.952,0.2448026991
232561.952,0.2447891626
232576.952,0.2447756282
232591.952,0.2447620958
232606.952,0.2447485656
232621.952,0.2447350375
232636.952,0.2447215115
232651.952,0.2447079877
232666.952,0.2446944659
232681.952,0.2446809462
232696.952,0.2446674286
232711.952,0.2446539131
232726.952,0.2446403998
232741.952,0.2446268885
232756.952,0.2446133794
232771.952,0.2445998723
232786.952,0.2445863674
232801.952,0.2445728645
232816.952,0.2445593638
232831.952,0.2445458651
232846.952,0.2445323686
232861.952,0.2445188741
232876.952,0.2445053818
232891.952,0.2444918915
232906.952,0.2444784034
232921.952,0.2444649173
232936.952,0.2444514334
232951.952,0.2444379515
232966.952,0.2444244717
232981.952,0.2444109941
232996.952,0.2443975185
233011.952,0.244384045
233026.952,0.2443705736
233041.952,0.2443571043
233056.952,0.2443436371
233071.952,0.244330172
233086.952,0.244316709
233101.952,0.2443032481
233116.952,0.2442897893
233131.952,0.2442763326
233146.952,0.2442628779
233161.952,0.2442494254
233176.952,0.2442359749
233191.952,0.2442225265
233206.952,0.2442090802
233221.952,0.244195636
233236.952,0.2441821939
233251.952,0.2441687539
233266.952,0.244155316
233281.952,0.2441418801
233296.952,0.2441284464
233311.952,0.2441150147
233326.952,0.2441015851
233341.952,0.2440881576
233356.952,0.2440747321
233371.952,0.2440613088
233386.952,0.2440478876
233401.952,0.2440344684
233416.952,0.2440210513
233431.952,0.2440076363
233446.952,0.2439942233
233461.952,0.2439808125
233476.952,0.2439674037
233491.952,0.243953997
233506.952,0.2439405924
233521.952,0.2439271899
233536.952,0.2439137894
233551.952,0.2439003911
233566.952,0.2438869948
233581.952,0.2438736006
233596.952,0.2438602084
233611.952,0.2438468183
233626.952,0.2438334303
233641.952,0.2438200444
233656.952,0.2438066606
233671.952,0.2437932788
233686.952,0.2437798991
233701.952,0.2437665215
233716.952,0.243753146
233731.952,0.2437397725
233746.952,0.2437264011
233761.952,0.2437130317
233776.952,0.2436996645
233791.952,0.2436862993
233806.952,0.2436729362
233821.952,0.2436595751
233836.952,0.2436462161
233851.952,0.2436328592
233866.952,0.2436195044
233881.952,0.2436061516
233896.952,0.2435928009
233911.952,0.2435794522
233926.952,0.2435661056
233941.952,0.2435527611
233956.952,0.2435394187
233971.952,0.2435260783
233986.952,0.24351274
234001.952,0.2434994037
234016.952,0.2434860695
234031.952,0.2434727374
234046.952,0.2434594073
234061.952,0.2434460793
234076.952,0.2434327534
234091.952,0.2434194295
234106.952,0.2434061077
234121.952,0.2433927879
234136.952,0.2433794702
234151.952,0.2433661546
234166.952,0.243352841
234181.952,0.2433395294
234196.952,0.24332622
234211.952,0.2433129126
234226.952,0.2432996072
234241.952,0.2432863039
234256.952,0.2432730027
234271.952,0.2432597035
234286.952,0.2432464063
234301.952,0.2432331113
234316.952,0.2432198182
234331.952,0.2432065273
234346.952,0.2431932383
234361.952,0.2431799515
234376.952,0.2431666667
234391.952,0.2431533839
234406.952,0.2431401032
234421.952,0.2431268245
234436.952,0.2431135479
234451.952,0.2431002734
234466.952,0.2430870009
234481.952,0.2430737304
234496.952,0.243060462
234511.952,0.2430471956
234526.952,0.2430339313
234541.952,0.243020669
234556.952,0.2430074088
234571.952,0.2429941506
234586.952,0.2429808945
234601.952,0.2429676404
234616.952,0.2429543884
234631.952,0.2429411384
234646.952,0.2429278904
234661.952,0.2429146445
234676.952,0.2429014006
234691.952,0.2428881588
234706.952,0.242874919
234721.952,0.2428616813
234736.952,0.2428484456
234751.952,0.2428352119
234766.952,0.2428219803
234781.952,0.2428087507
234796.952,0.2427955232
234811.952,0.2427822977
234826.952,0.2427690742
234841.952,0.2427558528
234856.952,0.2427426334
234871.952,0.242729416
234886.952,0.2427162007
234901.952,0.2427029874
234916.952,0.2426897762
234931.952,0.242676567
234946.952,0.2426633598
234961.952,0.2426501547
234976.952,0.2426369515
234991.952,0.2426237505
235006.952,0.2426105514
235021.952,0.2425973544
235036.952,0.2425841594
235051.952,0.2425709665
235066.952,0.2425577756
235081.952,0.2425445867
235096.952,0.2425313998
235111.952,0.242518215
235126.952,0.2425050322
235141.952,0.2424918514
235156.952,0.2424786727
235171.952,0.242465496
235186.952,0.2424523213
235201.952,0.2424391487
235216.952,0.242425978
235231.952,0.2424128094
235246.952,0.2423996428
235261.952,0.2423864783
235276.952,0.2423733157
235291.952,0.2423601552
235306.952,0.2423469968
235321.952,0.2423338403
235336.952,0.2423206859
235351.952,0.2423075334
235366.952,0.242294383
235381.952,0.2422812347
235396.952,0.2422680883
235411.952,0.242254944
235426.952,0.2422418017
235441.952,0.2422286614
235456.952,0.2422155231
235471.952,0.2422023869
235486.952,0.2421892526
235501.952,0.2421761204
235516.952,0.2421629902
235531.952,0.242149862
235546.952,0.2421367358
235561.952,0.2421236117
235576.952,0.2421104896
235591.952,0.2420973694
235606.952,0.2420842513
235621.952,0.2420711352
235636.952,0.2420580212
235651.952,0.2420449091
235666.952,0.242031799
235681.952,0.242018691
235696.952,0.242005585
235711.952,0.2419924809
235726.952,0.2419793789
235741.952,0.2419662789
235756.952,0.2419531809
235771.952,0.241940085
235786.952,0.241926991
235801.952,0.241913899
235816.952,0.2419008091
235831.952,0.2418877211
235846.952,0.2418746352
235861.952,0.2418615513
235876.952,0.2418484693
235891.952,0.2418353894
235906.952,0.2418223115
235921.952,0.2418092356
235936.952,0.2417961617
235951.952,0.2417830898
235966.952,0.2417700199
235981.952,0.241756952
235996.952,0.2417438861
236011.952,0.2417308222
236026.952,0.2417177603
236041.952,0.2417047005
236056.952,0.2416916426
236071.952,0.2416785867
236086.952,0.2416655328
236101.952,0.2416524809
236116.952,0.241639431
236131.952,0.2416263831
236146.952,0.2416133373
236161.952,0.2416002934
236176.952,0.2415872515
236191.952,0.2415742116
236206.952,0.2415611737
236221.952,0.2415481378
236236.952,0.2415351039
236251.952,0.241522072
236266.952,0.241509042
236281.952,0.2414960141
236296.952,0.2414829882
236311.952,0.2414699642
236326.952,0.2414569423
236341.952,0.2414439223
236356.952,0.2414309044
236371.952,0.2414178884
236386.952,0.2414048744
236401.952,0.2413918624
236416.952,0.2413788525
236431.952,0.2413658444
236446.952,0.2413528384
236461.952,0.2413398344
236476.952,0.2413268324
236491.952,0.2413138323
236506.952,0.2413008342
236521.952,0.2412878382
236536.952,0.2412748441
236551.952,0.241261852
236566.952,0.2412488618
236581.952,0.2412358737
236596.952,0.2412228876
236611.952,0.2412099034
236626.952,0.2411969212
236641.952,0.241183941
236656.952,0.2411709628
236671.952,0.2411579866
236686.952,0.2411450123
236701.952,0.24113204
236716.952,0.2411190698
236731.952,0.2411061015
236746.952,0.2410931351
236761.952,0.2410801708
236776.952,0.2410672084
236791.952,0.241054248
236806.952,0.2410412896
236821.952,0.2410283332
236836.952,0.2410153787
236851.952,0.2410024263
236866.952,0.2409894758
236881.952,0.2409765272
236896.952,0.2409635807
236911.952,0.2409506361
236926.952,0.2409376935
236941.952,0.2409247529
236956.952,0.2409118142
236971.952,0.2408988776
236986.952,0.2408859429
237001.952,0.2408730101
237016.952,0.2408600794
237031.952,0.2408471506
237046.952,0.2408342238
237061.952,0.2408212989
237076.952,0.2408083761
237091.952,0.2407954552
237106.952,0.2407825362
237121.952,0.2407696193
237136.952,0.2407567043
237151.952,0.2407437913
237166.952,0.2407308802
237181.952,0.2407179711
237196.952,0.240705064
237211.952,0.2406921588
237226.952,0.2406792557
237241.952,0.2406663544
237256.952,0.2406534552
237271.952,0.2406405579
237286.952,0.2406276626
237301.952,0.2406147692
237316.952,0.2406018778
237331.952,0.2405889884
237346.952,0.2405761009
237361.952,0.2405632154
237376.952,0.2405503318
237391.952,0.2405374502
237406.952,0.2405245706
237421.952,0.2405116929
237436.952,0.2404988172
237451.952,0.2404859435
237466.952,0.2404730717
237481.952,0.2404602019
237496.952,0.240447334
237511.952,0.2404344681
237526.952,0.2404216041
237541.952,0.2404087421
237556.952,0.2403958821
237571.952,0.240383024
237586.952,0.2403701678
237601.952,0.2403573137
237616.952,0.2403444615
237631.952,0.2403316112
237646.952,0.2403187629
237661.952,0.2403059165
237676.952,0.2402930721
237691.952,0.2402802297
237706.952,0.2402673891
237721.952,0.2402545506
237736.952,0.240241714
237751.952,0.2402288794
237766.952,0.2402160467
237781.952,0.2402032159
237796.952,0.2401903871
237811.952,0.2401775603
237826.952,0.2401647354
237841.952,0.2401519124
237856.952,0.2401390914
237871.952,0.2401262724
237886.952,0.2401134552
237901.952,0.2401006401
237916.952,0.2400878269
237931.952,0.2400750156
237946.952,0.2400622063
237961.952,0.2400493989
237976.952,0.2400365935
237991.952,0.24002379
238006.952,0.2400109884
238021.952,0.2399981888
238036.952,0.2399853911
238051.952,0.2399725954
238066.952,0.2399598016
238081.952,0.2399470098
238096.952,0.2399342199
238111.952,0.239921432
238126.952,0.2399086459
238141.952,0.2398958619
238156.952,0.2398830797
238171.952,0.2398702995
238186.952,0.2398575213
238201.952,0.2398447449
238216.952,0.2398319706
238231.952,0.2398191981
238246.952,0.2398064276
238261.952,0.239793659
238276.952,0.2397808924
238291.952,0.2397681277
238306.952,0.2397553649
238321.952,0.2397426041
238336.952,0.2397298452
238351.952,0.2397170882
238366.952,0.2397043332
238381.952,0.2396915801
238396.952,0.2396788289
238411.952,0.2396660797
238426.952,0.2396533323
238441.952,0.239640587
238456.952,0.2396278435
238471.952,0.239615102
238486.952,0.2396023624
238501.952,0.2395896248
238516.952,0.239576889
238531.952,0.2395641552
238546.952,0.2395514234
238561.952,0.2395386934
238576.952,0.2395259654
238591.952,0.2395132393
238606.952,0.2395005152
238621.952,0.2394877929
238636.952,0.2394750726
238651.952,0.2394623542
238666.952,0.2394496378
238681.952,0.2394369232
238696.952,0.2394242106
238711.952,0.2394114999
238726.952,0.2393987912
238741.952,0.2393860843
238756.952,0.2393733794
238771.952,0.2393606764
238786.952,0.2393479753
238801.952,0.2393352761
238816.952,0.2393225789
238831.952,0.2393098836
238846.952,0.2392971902
238861.952,0.2392844987
238876.952,0.2392718091
238891.952,0.2392591215
238906.952,0.2392464358
238921.952,0.239233752
238936.952,0.2392210701
238951.952,0.2392083901
238966.952,0.239195712
238981.952,0.2391830359
238996.952,0.2391703617
239011.952,0.2391576893
239026.952,0.2391450189
239041.952,0.2391323505
239056.952,0.2391196839
239071.952,0.2391070192
239086.952,0.2390943565
239101.952,0.2390816956
239116.952,0.2390690367
239131.952,0.2390563797
239146.952,0.2390437246
239161.952,0.2390310714
239176.952,0.2390184201
239191.952,0.2390057708
239206.952,0.2389931233
239221.952,0.2389804777
239236.952,0.2389678341
239251.952,0.2389551924
239266.952,0.2389425525
239281.952,0.2389299146
239296.952,0.2389172786
239311.952,0.2389046445
239326.952,0.2388920123
239341.952,0.238879382
239356.952,0.2388667536
239371.952,0.2388541271
239386.952,0.2388415025
239401.952,0.2388288798
239416.952,0.2388162591
239431.952,0.2388036402
239446.952,0.2387910232
239461.952,0.2387784081
239476.952,0.238765795
239491.952,0.2387531837
239506.952,0.2387405743
239521.952,0.2387279669
239536.952,0.2387153613
239551.952,0.2387027576
239566.952,0.2386901559
239581.952,0.238677556
239596.952,0.238664958
239611.952,0.238652362
239626.952,0.2386397678
239641.952,0.2386271755
239656.952,0.2386145851
239671.952,0.2386019966
239686.952,0.2385894101
239701.952,0.2385768254
239716.952,0.2385642426
239731.952,0.2385516617
239746.952,0.2385390826
239761.952,0.2385265055
239776.952,0.2385139303
239791.952,0.238501357
239806.952,0.2384887855
239821.952,0.238476216
239836.952,0.2384636483
239851.952,0.2384510826
239866.952,0.2384385187
239881.952,0.2384259567
239896.952,0.2384133966
239911.952,0.2384008384
239926.952,0.2383882821
239941.952,0.2383757277
239956.952,0.2383631751
239971.952,0.2383506245
239986.952,0.2383380757
240001.952,0.2383255288
240016.952,0.2383129839
240031.952,0.2383004408
240046.952,0.2382878995
240061.952,0.2382753602
240076.952,0.2382628228
240091.952,0.2382502872
240106.952,0.2382377535
240121.952,0.2382252217
240136.952,0.2382126918
240151.952,0.2382001638
240166.952,0.2381876376
240181.952,0.2381751134
240196.952,0.238162591
240211.952,0.2381500705
240226.952,0.2381375519
240241.952,0.2381250351
240256.952,0.2381125203
240271.952,0.2381000073
240286.952,0.2380874962
240301.952,0.2380749869
240316.952,0.2380624796
240331.952,0.2380499741
240346.952,0.2380374705
240361.952,0.2380249688
240376.952,0.238012469
240391.952,0.237999971
240406.952,0.2379874749
240421.952,0.2379749807
240436.952,0.2379624884
240451.952,0.2379499979
240466.952,0.2379375093
240481.952,0.2379250226
240496.952,0.2379125378
240511.952,0.2379000548
240526.952,0.2378875737
240541.952,0.2378750945
240556.952,0.2378626172
240571.952,0.2378501417
240586.952,0.2378376681
240601.952,0.2378251963
240616.952,0.2378127265
240631.952,0.2378002585
240646.952,0.2377877923
240661.952,0.2377753281
240676.952,0.2377628657
240691.952,0.2377504051
240706.952,0.2377379465
240721.952,0.2377254897
240736.952,0.2377130348
240751.952,0.2377005817
240766.952,0.2376881305
240781.952,0.2376756812
240796.952,0.2376632337
240811.952,0.2376507881
240826.952,0.2376383444
240841.952,0.2376259025
240856.952,0.2376134625
240871.952,0.2376010244
240886.952,0.2375885881
240901.952,0.2375761537
240916.952,0.2375637211
240931.952,0.2375512904
240946.952,0.2375388616
240961.952,0.2375264346
240976.952,0.2375140095
240991.952,0.2375015863
241006.952,0.2374891649
241021.952,0.2374767453
241036.952,0.2374643276
241051.952,0.2374519118
241066.952,0.2374394979
241081.952,0.2374270858
241096.952,0.2374146755
241111.952,0.2374022671
241126.952,0.2373898606
241141.952,0.2373774559
241156.952,0.2373650531
241171.952,0.2373526521
241186.952,0.237340253
241201.952,0.2373278557
241216.952,0.2373154603
241231.952,0.2373030668
241246.952,0.2372906751
241261.952,0.2372782852
241276.952,0.2372658972
241291.952,0.2372535111
241306.952,0.2372411268
241321.952,0.2372287443
241336.952,0.2372163637
241351.952,0.237203985
241366.952,0.2371916081
241381.952,0.237179233
241396.952,0.2371668598
241411.952,0.2371544885
241426.952,0.237142119
241441.952,0.2371297513
241456.952,0.2371173855
241471.952,0.2371050216
241486.952,0.2370926595
241501.952,0.2370802992
241516.952,0.2370679408
241531.952,0.2370555842
241546.952,0.2370432294
241561.952,0.2370308766
241576.952,0.2370185255
241591.952,0.2370061763
241606.952,0.2369938289
241621.952,0.2369814834
241636.952,0.2369691398
241651.952,0.2369567979
241666.952,0.2369444579
241681.952,0.2369321198
241696.952,0.2369197835
241711.952,0.236907449
241726.952,0.2368951164
241741.952,0.2368827856
241756.952,0.2368704566
241771.952,0.2368581295
241786.952,0.2368458042
241801.952,0.2368334808
241816.952,0.2368211592
241831.952,0.2368088394
241846.952,0.2367965215
241861.952,0.2367842054
241876.952,0.2367718912
241891.952,0.2367595787
241906.952,0.2367472682
241921.952,0.2367349594
241936.952,0.2367226525
241951.952,0.2367103474
241966.952,0.2366980442
241981.952,0.2366857427
241996.952,0.2366734432
242011.952,0.2366611454
242026.952,0.2366488495
242041.952,0.2366365554
242056.952,0.2366242631
242071.952,0.2366119727
242086.952,0.2365996841
242101.952,0.2365873973
242116.952,0.2365751124
242131.952,0.2365628293
242146.952,0.236550548
242161.952,0.2365382686
242176.952,0.2365259909
242191.952,0.2365137151
242206.952,0.2365014412
242221.952,0.236489169
242236.952,0.2364768987
242251.952,0.2364646302
242266.952,0.2364523635
242281.952,0.2364400987
242296.952,0.2364278357
242311.952,0.2364155745
242326.952,0.2364033151
242341.952,0.2363910576
242356.952,0.2363788018
242371.952,0.2363665479
242386.952,0.2363542959
242401.952,0.2363420456
242416.952,0.2363297972
242431.952,0.2363175505
242446.952,0.2363053057
242461.952,0.2362930628
242476.952,0.2362808216
242491.952,0.2362685823
242506.952,0.2362563448
242521.952,0.2362441091
242536.952,0.2362318752
242551.952,0.2362196431
242566.952,0.2362074129
242581.952,0.2361951844
242596.952,0.2361829578
242611.952,0.236170733
242626.952,0.23615851
242641.952,0.2361462889
242656.952,0.2361340695
242671.952,0.236121852
242686.952,0.2361096363
242701.952,0.2360974224
242716.952,0.2360852103
242731.952,0.236073
242746.952,0.2360607915
242761.952,0.2360485849
242776.952,0.23603638
242791.952,0.236024177
242806.952,0.2360119757
242821.952,0.2359997763
242836.952,0.2359875787
242851.952,0.2359753829
242866.952,0.235963189
242881.952,0.2359509968
242896.952,0.2359388064
242911.952,0.2359266179
242926.952,0.2359144311
242941.952,0.2359022462
242956.952,0.235890063
242971.952,0.2358778817
242986.952,0.2358657022
243001.952,0.2358535244
243016.952,0.2358413485
243031.952,0.2358291744
243046.952,0.2358170021
243061.952,0.2358048316
243076.952,0.2357926629
243091.952,0.235780496
243106.952,0.235768331
243121.952,0.2357561677
243136.952,0.2357440062
243151.952,0.2357318465
243166.952,0.2357196886
243181.952,0.2357075325
243196.952,0.2356953783
243211.952,0.2356832258
243226.952,0.2356710751
243241.952,0.2356589262
243256.952,0.2356467792
243271.952,0.2356346339
243286.952,0.2356224904
243301.952,0.2356103487
243316.952,0.2355982088
243331.952,0.2355860707
243346.952,0.2355739344
243361.952,0.2355617999
243376.952,0.2355496672
243391.952,0.2355375363
243406.952,0.2355254072
243421.952,0.2355132799
243436.952,0.2355011544
243451.952,0.2354890307
243466.952,0.2354769087
243481.952,0.2354647886
243496.952,0.2354526703
243511.952,0.2354405537
243526.952,0.2354284389
243541.952,0.235416326
243556.952,0.2354042148
243571.952,0.2353921054
243586.952,0.2353799978
243601.952,0.235367892
243616.952,0.235355788
243631.952,0.2353436857
243646.952,0.2353315853
243661.952,0.2353194867
243676.952,0.2353073898
243691.952,0.2352952947
243706.952,0.2352832014
243721.952,0.2352711099
243736.952,0.2352590202
243751.952,0.2352469323
243766.952,0.2352348461
243781.952,0.2352227618
243796.952,0.2352106792
243811.952,0.2351985984
243826.952,0.2351865194
243841.952,0.2351744422
243856.952,0.2351623668
243871.952,0.2351502931
243886.952,0.2351382213
243901.952,0.2351261512
243916.952,0.2351140829
243931.952,0.2351020163
243946.952,0.2350899516
243961.952,0.2350778886
243976.952,0.2350658275
243991.952,0.2350537681
244006.952,0.2350417104
244021.952,0.2350296546
244036.952,0.2350176005
244051.952,0.2350055482
244066.952,0.2349934977
244081.952,0.234981449
244096.952,0.2349694021
244111.952,0.2349573569
244126.952,0.2349453135
244141.952,0.2349332719
244156.952,0.234921232
244171.952,0.234909194
244186.952,0.2348971577
244201.952,0.2348851231
244216.952,0.2348730904
244231.952,0.2348610594
244246.952,0.2348490302
244261.952,0.2348370028
244276.952,0.2348249771
244291.952,0.2348129533
244306.952,0.2348009311
244321.952,0.2347889108
244336.952,0.2347768922
244351.952,0.2347648754
244366.952,0.2347528604
244381.952,0.2347408472
244396.952,0.2347288357
244411.952,0.234716826
244426.952,0.234704818
244441.952,0.2346928118
244456.952,0.2346808074
244471.952,0.2346688048
244486.952,0.2346568039
244501.952,0.2346448048
244516.952,0.2346328074
244531.952,0.2346208119
244546.952,0.2346088181
244561.952,0.234596826
244576.952,0.2345848357
244591.952,0.2345728472
244606.952,0.2345608605
244621.952,0.2345488755
244636.952,0.2345368923
244651.952,0.2345249108
244666.952,0.2345129311
244681.952,0.2345009532
244696.952,0.234488977
244711.952,0.2344770026
244726.952,0.2344650299
244741.952,0.234453059
244756.952,0.2344410899
244771.952,0.2344291225
244786.952,0.2344171569
244801.952,0.2344051931
244816.952,0.234393231
244831.952,0.2343812706
244846.952,0.2343693121
244861.952,0.2343573552
244876.952,0.2343454002
244891.952,0.2343334469
244906.952,0.2343214953
244921.952,0.2343095455
244936.952,0.2342975975
244951.952,0.2342856512
244966.952,0.2342737067
244981.952,0.2342617639
244996.952,0.2342498229
245011.952,0.2342378837
245026.952,0.2342259461
245041.952,0.2342140104
245056.952,0.2342020764
245071.952,0.2341901441
245086.952,0.2341782136
245101.952,0.2341662849
245116.952,0.2341543579
245131.952,0.2341424327
245146.952,0.2341305092
245161.952,0.2341185874
245176.952,0.2341066674
245191.952,0.2340947492
245206.952,0.2340828327
245221.952,0.2340709179
245236.952,0.234059005
245251.952,0.2340470937
245266.952,0.2340351842
245281.952,0.2340232764
245296.952,0.2340113704
245311.952,0.2339994662
245326.952,0.2339875637
245341.952,0.2339756629
245356.952,0.2339637639
245371.952,0.2339518666
245386.952,0.233939971
245401.952,0.2339280773
245416.952,0.2339161852
245431.952,0.2339042949
245446.952,0.2338924063
245461.952,0.2338805195
245476.952,0.2338686344
245491.952,0.2338567511
245506.952,0.2338448695
245521.952,0.2338329897
245536.952,0.2338211115
245551.952,0.2338092352
245566.952,0.2337973605
245581.952,0.2337854877
245596.952,0.2337736165
245611.952,0.2337617471
245626.952,0.2337498794
245641.952,0.2337380135
245656.952,0.2337261493
245671.952,0.2337142868
245686.952,0.2337024261
245701.952,0.2336905671
245716.952,0.2336787098
245731.952,0.2336668543
245746.952,0.2336550005
245761.952,0.2336431485
245776.952,0.2336312982
245791.952,0.2336194496
245806.952,0.2336076028
245821.952,0.2335957577
245836.952,0.2335839143
245851.952,0.2335720726
245866.952,0.2335602327
245881.952,0.2335483945
245896.952,0.2335365581
245911.952,0.2335247234
245926.952,0.2335128904
245941.952,0.2335010591
245956.952,0.2334892296
245971.952,0.2334774018
245986.952,0.2334655758
246001.952,0.2334537514
246016.952,0.2334419288
246031.952,0.2334301079
246046.952,0.2334182888
246061.952,0.2334064714
246076.952,0.2333946557
246091.952,0.2333828417
246106.952,0.2333710295
246121.952,0.2333592189
246136.952,0.2333474102
246151.952,0.2333356031
246166.952,0.2333237978
246181.952,0.2333119941
246196.952,0.2333001922
246211.952,0.2332883921
246226.952,0.2332765936
246241.952,0.2332647969
246256.952,0.2332530019
246271.952,0.2332412086
246286.952,0.2332294171
246301.952,0.2332176273
246316.952,0.2332058391
246331.952,0.2331940528
246346.952,0.2331822681
246361.952,0.2331704851
246376.952,0.2331587039
246391.952,0.2331469244
246406.952,0.2331351466
246421.952,0.2331233705
246436.952,0.2331115962
246451.952,0.2330998235
246466.952,0.2330880526
246481.952,0.2330762834
246496.952,0.2330645159
246511.952,0.2330527502
246526.952,0.2330409861
246541.952,0.2330292238
246556.952,0.2330174632
246571.952,0.2330057043
246586.952,0.2329939471
246601.952,0.2329821916
246616.952,0.2329704378
246631.952,0.2329586858
246646.952,0.2329469355
246661.952,0.2329351868
246676.952,0.2329234399
246691.952,0.2329116947
246706.952,0.2328999512
246721.952,0.2328882095
246736.952,0.2328764694
246751.952,0.232864731
246766.952,0.2328529944
246781.952,0.2328412595
246796.952,0.2328295262
246811.952,0.2328177947
246826.952,0.2328060649
246841.952,0.2327943368
246856.952,0.2327826104
246871.952,0.2327708858
246886.952,0.2327591628
246901.952,0.2327474415
246916.952,0.232735722
246931.952,0.2327240041
246946.952,0.232712288
246961.952,0.2327005735
246976.952,0.2326888608
246991.952,0.2326771497
247006.952,0.2326654404
247021.952,0.2326537328
247036.952,0.2326420269
247051.952,0.2326303226
247066.952,0.2326186201
247081.952,0.2326069193
247096.952,0.2325952202
247111.952,0.2325835228
247126.952,0.2325718271
247141.952,0.2325601331
247156.952,0.2325484408
247171.952,0.2325367502
247186.952,0.2325250613
247201.952,0.2325133741
247216.952,0.2325016885
247231.952,0.2324900047
247246.952,0.2324783226
247261.952,0.2324666422
247276.952,0.2324549635
247291.952,0.2324432865
247306.952,0.2324316112
247321.952,0.2324199375
247336.952,0.2324082656
247351.952,0.2323965954
247366.952,0.2323849269
247381.952,0.23237326
247396.952,0.2323615949
247411.952,0.2323499314
247426.952,0.2323382697
247441.952,0.2323266096
247456.952,0.2323149512
247471.952,0.2323032946
247486.952,0.2322916396
247501.952,0.2322799863
247516.952,0.2322683347
247531.952,0.2322566848
247546.952,0.2322450366
247561.952,0.23223339
247576.952,0.2322217452
247591.952,0.2322101021
247606.952,0.2321984606
247621.952,0.2321868208
247636.952,0.2321751828
247651.952,0.2321635464
247666.952,0.2321519117
247681.952,0.2321402787
247696.952,0.2321286473
247711.952,0.2321170177
247726.952,0.2321053898
247741.952,0.2320937635
247756.952,0.2320821389
247771.952,0.232070516
247786.952,0.2320588948
247801.952,0.2320472753
247816.952,0.2320356575
247831.952,0.2320240413
247846.952,0.2320124269
247861.952,0.2320008141
247876.952,0.231989203
247891.952,0.2319775936
247906.952,0.2319659858
247921.952,0.2319543798
247936.952,0.2319427754
247951.952,0.2319311727
247966.952,0.2319195717
247981.952,0.2319079724
247996.952,0.2318963747
248011.952,0.2318847788
248026.952,0.2318731845
248041.952,0.2318615919
248056.952,0.2318500009
248071.952,0.2318384117
248086.952,0.2318268241
248101.952,0.2318152382
248116.952,0.231803654
248131.952,0.2317920715
248146.952,0.2317804906
248161.952,0.2317689114
248176.952,0.2317573339
248191.952,0.2317457581
248206.952,0.2317341839
248221.952,0.2317226114
248236.952,0.2317110406
248251.952,0.2316994715
248266.952,0.231687904
248281.952,0.2316763382
248296.952,0.2316647741
248311.952,0.2316532117
248326.952,0.2316416509
248341.952,0.2316300918
248356.952,0.2316185344
248371.952,0.2316069786
248386.952,0.2315954246
248401.952,0.2315838722
248416.952,0.2315723214
248431.952,0.2315607723
248446.952,0.2315492249
248461.952,0.2315376792
248476.952,0.2315261352
248491.952,0.2315145928
248506.952,0.231503052
248521.952,0.231491513
248536.952,0.2314799756
248551.952,0.2314684399
248566.952,0.2314569058
248581.952,0.2314453734
248596.952,0.2314338427
248611.952,0.2314223136
248626.952,0.2314107862
248641.952,0.2313992605
248656.952,0.2313877365
248671.952,0.2313762141
248686.952,0.2313646933
248701.952,0.2313531742
248716.952,0.2313416568
248731.952,0.2313301411
248746.952,0.231318627
248761.952,0.2313071146
248776.952,0.2312956038
248791.952,0.2312840947
248806.952,0.2312725873
248821.952,0.2312610815
248836.952,0.2312495774
248851.952,0.231238075
248866.952,0.2312265742
248881.952,0.231215075
248896.952,0.2312035776
248911.952,0.2311920817
248926.952,0.2311805876
248941.952,0.2311690951
248956.952,0.2311576042
248971.952,0.2311461151
248986.952,0.2311346275
249001.952,0.2311231416
249016.952,0.2311116574
249031.952,0.2311001749
249046.952,0.231088694
249061.952,0.2310772147
249076.952,0.2310657371
249091.952,0.2310542612
249106.952,0.2310427869
249121.952,0.2310313143
249136.952,0.2310198433
249151.952,0.231008374
249166.952,0.2309969063
249181.952,0.2309854403
249196.952,0.2309739759
249211.952,0.2309625132
249226.952,0.2309510521
249241.952,0.2309395927
249256.952,0.2309281349
249271.952,0.2309166788
249286.952,0.2309052243
249301.952,0.2308937715
249316.952,0.2308823204
249331.952,0.2308708709
249346.952,0.230859423
249361.952,0.2308479768
249376.952,0.2308365322
249391.952,0.2308250893
249406.952,0.230813648
249421.952,0.2308022084
249436.952,0.2307907704
249451.952,0.230779334
249466.952,0.2307678993
249481.952,0.2307564663
249496.952,0.2307450349
249511.952,0.2307336051
249526.952,0.230722177
249541.952,0.2307107505
249556.952,0.2306993257
249571.952,0.2306879025
249586.952,0.230676481
249601.952,0.2306650611
249616.952,0.2306536428
249631.952,0.2306422262
249646.952,0.2306308112
249661.952,0.2306193979
249676.952,0.2306079862
249691.952,0.2305965762
249706.952,0.2305851678
249721.952,0.230573761
249736.952,0.2305623559
249751.952,0.2305509524
249766.952,0.2305395505
249781.952,0.2305281503
249796.952,0.2305167517
249811.952,0.2305053548
249826.952,0.2304939595
249841.952,0.2304825658
249856.952,0.2304711738
249871.952,0.2304597834
249886.952,0.2304483946
249901.952,0.2304370075
249916.952,0.230425622
249931.952,0.2304142382
249946.952,0.230402856
249961.952,0.2303914754
249976.952,0.2303800964
249991.952,0.2303687191
250006.952,0.2303573434
250021.952,0.2303459694
250036.952,0.230334597
250051.952,0.2303232262
250066.952,0.230311857
250081.952,0.2303004895
250096.952,0.2302891236
250111.952,0.2302777593
250126.952,0.2302663967
250141.952,0.2302550357
250156.952,0.2302436763
250171.952,0.2302323186
250186.952,0.2302209625
250201.952,0.230209608
250216.952,0.2301982552
250231.952,0.2301869039
250246.952,0.2301755543
250261.952,0.2301642064
250276.952,0.23015286
250291.952,0.2301415153
250306.952,0.2301301722
250321.952,0.2301188307
250336.952,0.2301074909
250351.952,0.2300961527
250366.952,0.2300848161
250381.952,0.2300734811
250396.952,0.2300621478
250411.952,0.2300508161
250426.952,0.230039486
250441.952,0.2300281575
250456.952,0.2300168306
250471.952,0.2300055054
250486.952,0.2299941818
250501.952,0.2299828598
250516.952,0.2299715395
250531.952,0.2299602207
250546.952,0.2299489036
250561.952,0.2299375881
250576.952,0.2299262742
250591.952,0.229914962
250606.952,0.2299036513
250621.952,0.2298923423
250636.952,0.2298810349
250651.952,0.2298697291
250666.952,0.229858425
250681.952,0.2298471224
250696.952,0.2298358215
250711.952,0.2298245222
250726.952,0.2298132245
250741.952,0.2298019284
250756.952,0.2297906339
250771.952,0.2297793411
250786.952,0.2297680498
250801.952,0.2297567602
250816.952,0.2297454722
250831.952,0.2297341858
250846.952,0.229722901
250861.952,0.2297116179
250876.952,0.2297003363
250891.952,0.2296890564
250906.952,0.2296777781
250921.952,0.2296665013
250936.952,0.2296552262
250951.952,0.2296439528
250966.952,0.2296326809
250981.952,0.2296214106
250996.952,0.229610142
251011.952,0.2295988749
251026.952,0.2295876095
251041.952,0.2295763456
251056.952,0.2295650834
251071.952,0.2295538228
251086.952,0.2295425638
251101.952,0.2295313064
251116.952,0.2295200506
251131.952,0.2295087965
251146.952,0.2294975439
251161.952,0.2294862929
251176.952,0.2294750436
251191.952,0.2294637958
251206.952,0.2294525497
251221.952,0.2294413051
251236.952,0.2294300622
251251.952,0.2294188209
251266.952,0.2294075811
251281.952,0.229396343
251296.952,0.2293851065
251311.952,0.2293738716
251326.952,0.2293626383
251341.952,0.2293514065
251356.952,0.2293401764
251371.952,0.2293289479
251386.952,0.229317721
251401.952,0.2293064957
251416.952,0.229295272
251431.952,0.2292840499
251446.952,0.2292728294
251461.952,0.2292616105
251476.952,0.2292503932
251491.952,0.2292391775
251506.952,0.2292279634
251521.952,0.2292167509
251536.952,0.22920554
251551.952,0.2291943307
251566.952,0.229183123
251581.952,0.2291719169
251596.952,0.2291607123
251611.952,0.2291495094
251626.952,0.2291383081
251641.952,0.2291271084
251656.952,0.2291159102
251671.952,0.2291047137
251686.952,0.2290935188
251701.952,0.2290823254
251716.952,0.2290711337
251731.952,0.2290599435
251746.952,0.2290487549
251761.952,0.229037568
251776.952,0.2290263826
251791.952,0.2290151988
251806.952,0.2290040166
251821.952,0.228992836
251836.952,0.228981657
251851.952,0.2289704796
251866.952,0.2289593037
251881.952,0.2289481295
251896.952,0.2289369569
251911.952,0.2289257858
251926.952,0.2289146163
251941.952,0.2289034484
251956.952,0.2288922822
251971.952,0.2288811175
251986.952,0.2288699543
252001.952,0.2288587928
252016.952,0.2288476329
252031.952,0.2288364745
252046.952,0.2288253178
252061.952,0.2288141626
252076.952,0.228803009
252091.952,0.228791857
252106.952,0.2287807066
252121.952,0.2287695577
252136.952,0.2287584105
252151.952,0.2287472648
252166.952,0.2287361207
252181.952,0.2287249782
252196.952,0.2287138373
252211.952,0.228702698
252226.952,0.2286915602
252241.952,0.2286804241
252256.952,0.2286692895
252271.952,0.2286581565
252286.952,0.2286470251
252301.952,0.2286358952
252316.952,0.228624767
252331.952,0.2286136403
252346.952,0.2286025152
252361.952,0.2285913917
252376.952,0.2285802697
252391.952,0.2285691494
252406.952,0.2285580306
252421.952,0.2285469134
252436.952,0.2285357978
252451.952,0.2285246837
252466.952,0.2285135713
252481.952,0.2285024604
252496.952,0.2284913511
252511.952,0.2284802433
252526.952,0.2284691372
252541.952,0.2284580326
252556.952,0.2284469296
252571.952,0.2284358281
252586.952,0.2284247283
252601.952,0.22841363
252616.952,0.2284025333
252631.952,0.2283914381
252646.952,0.2283803446
252661.952,0.2283692526
252676.952,0.2283581622
252691.952,0.2283470733
252706.952,0.2283359861
252721.952,0.2283249004
252736.952,0.2283138162
252751.952,0.2283027337
252766.952,0.2282916527
252781.952,0.2282805733
252796.952,0.2282694954
252811.952,0.2282584192
252826.952,0.2282473445
252841.952,0.2282362713
252856.952,0.2282251998
252871.952,0.2282141298
252886.952,0.2282030613
252901.952,0.2281919945
252916.952,0.2281809292
252931.952,0.2281698654
252946.952,0.2281588033
252961.952,0.2281477427
252976.952,0.2281366837
252991.952,0.2281256262
253006.952,0.2281145703
253021.952,0.228103516
253036.952,0.2280924632
253051.952,0.228081412
253066.952,0.2280703624
253081.952,0.2280593143
253096.952,0.2280482678
253111.952,0.2280372229
253126.952,0.2280261795
253141.952,0.2280151377
253156.952,0.2280040974
253171.952,0.2279930587
253186.952,0.2279820216
253201.952,0.227970986
253216.952,0.227959952
253231.952,0.2279489195
253246.952,0.2279378886
253261.952,0.2279268593
253276.952,0.2279158316
253291.952,0.2279048053
253306.952,0.2278937807
253321.952,0.2278827576
253336.952,0.2278717361
253351.952,0.2278607161
253366.952,0.2278496977
253381.952,0.2278386808
253396.952,0.2278276655
253411.952,0.2278166518
253426.952,0.2278056396
253441.952,0.227794629
253456.952,0.2277836199
253471.952,0.2277726124
253486.952,0.2277616064
253501.952,0.227750602
253516.952,0.2277395991
253531.952,0.2277285978
253546.952,0.2277175981
253561.952,0.2277065999
253576.952,0.2276956032
253591.952,0.2276846081
253606.952,0.2276736146
253621.952,0.2276626226
253636.952,0.2276516322
253651.952,0.2276406433
253666.952,0.227629656
253681.952,0.2276186702
253696.952,0.227607686
253711.952,0.2275967033
253726.952,0.2275857222
253741.952,0.2275747426
253756.952,0.2275637646
253771.952,0.2275527881
253786.952,0.2275418132
253801.952,0.2275308398
253816.952,0.227519868
253831.952,0.2275088977
253846.952,0.2274979289
253861.952,0.2274869617
253876.952,0.2274759961
253891.952,0.227465032
253906.952,0.2274540695
253921.952,0.2274431085
253936.952,0.227432149
253951.952,0.2274211911
253966.952,0.2274102347
253981.952,0.2273992799
253996.952,0.2273883266
254011.952,0.2273773749
254026.952,0.2273664247
254041.952,0.227355476
254056.952,0.2273445289
254071.952,0.2273335834
254086.952,0.2273226393
254101.952,0.2273116969
254116.952,0.2273007559
254131.952,0.2272898165
254146.952,0.2272788787
254161.952,0.2272679423
254176.952,0.2272570076
254191.952,0.2272460743
254206.952,0.2272351426
254221.952,0.2272242125
254236.952,0.2272132839
254251.952,0.2272023568
254266.952,0.2271914313
254281.952,0.2271805073
254296.952,0.2271695848
254311.952,0.2271586639
254326.952,0.2271477445
254341.952,0.2271368266
254356.952,0.2271259103
254371.952,0.2271149955
254386.952,0.2271040823
254401.952,0.2270931706
254416.952,0.2270822604
254431.952,0.2270713518
254446.952,0.2270604447
254461.952,0.2270495391
254476.952,0.2270386351
254491.952,0.2270277326
254506.952,0.2270168316
254521.952,0.2270059322
254536.952,0.2269950343
254551.952,0.2269841379
254566.952,0.226973243
254581.952,0.2269623497
254596.952,0.226951458
254611.952,0.2269405677
254626.952,0.226929679
254641.952,0.2269187918
254656.952,0.2269079062
254671.952,0.2268970221
254686.952,0.2268861395
254701.952,0.2268752584
254716.952,0.2268643789
254731.952,0.2268535009
254746.952,0.2268426244
254761.952,0.2268317494
254776.952,0.226820876
254791.952,0.2268100041
254806.952,0.2267991337
254821.952,0.2267882649
254836.952,0.2267773976
254851.952,0.2267665318
254866.952,0.2267556675
254881.952,0.2267448048
254896.952,0.2267339436
254911.952,0.2267230839
254926.952,0.2267122257
254941.952,0.2267013691
254956.952,0.226690514
254971.952,0.2266796604
254986.952,0.2266688083
255001.952,0.2266579578
255016.952,0.2266471087
255031.952,0.2266362612
255046.952,0.2266254153
255061.952,0.2266145708
255076.952,0.2266037279
255091.952,0.2265928864
255106.952,0.2265820465
255121.952,0.2265712082
255136.952,0.2265603713
255151.952,0.226549536
255166.952,0.2265387022
255181.952,0.2265278699
255196.952,0.2265170391
255211.952,0.2265062098
255226.952,0.2264953821
255241.952,0.2264845559
255256.952,0.2264737312
255271.952,0.226462908
255286.952,0.2264520863
255301.952,0.2264412661
255316.952,0.2264304475
255331.952,0.2264196304
255346.952,0.2264088148
255361.952,0.2263980007
255376.952,0.2263871881
255391.952,0.226376377
255406.952,0.2263655675
255421.952,0.2263547594
255436.952,0.2263439529
255451.952,0.2263331479
255466.952,0.2263223444
255481.952,0.2263115424
255496.952,0.226300742
255511.952,0.226289943
255526.952,0.2262791456
255541.952,0.2262683496
255556.952,0.2262575552
255571.952,0.2262467623
255586.952,0.2262359709
255601.952,0.226225181
255616.952,0.2262143926
255631.952,0.2262036057
255646.952,0.2261928204
255661.952,0.2261820365
255676.952,0.2261712542
255691.952,0.2261604733
255706.952,0.226149694
255721.952,0.2261389162
255736.952,0.2261281399
255751.952,0.2261173651
255766.952,0.2261065918
255781.952,0.22609582
255796.952,0.2260850497
255811.952,0.2260742809
255826.952,0.2260635136
255841.952,0.2260527478
255856.952,0.2260419836
255871.952,0.2260312208
255886.952,0.2260204596
255901.952,0.2260096998
255916.952,0.2259989416
255931.952,0.2259881848
255946.952,0.2259774296
255961.952,0.2259666758
255976.952,0.2259559236
255991.952,0.2259451729
256006.952,0.2259344236
256021.952,0.2259236759
256036.952,0.2259129297
256051.952,0.2259021849
256066.952,0.2258914417
256081.952,0.2258807
256096.952,0.2258699597
256111.952,0.225859221
256126.952,0.2258484838
256141.952,0.225837748
256156.952,0.2258270138
256171.952,0.2258162811
256186.952,0.2258055498
256201.952,0.2257948201
256216.952,0.2257840919
256231.952,0.2257733651
256246.952,0.2257626399
256261.952,0.2257519161
256276.952,0.2257411939
256291.952,0.2257304731
256306.952,0.2257197538
256321.952,0.2257090361
256336.952,0.2256983198
256351.952,0.225687605
256366.952,0.2256768917
256381.952,0.22566618
256396.952,0.2256554697
256411.952,0.2256447609
256426.952,0.2256340535
256441.952,0.2256233477
256456.952,0.2256126434
256471.952,0.2256019406
256486.952,0.2255912392
256501.952,0.2255805394
256516.952,0.225569841
256531.952,0.2255591442
256546.952,0.2255484488
256561.952,0.2255377549
256576.952,0.2255270625
256591.952,0.2255163716
256606.952,0.2255056822
256621.952,0.2254949943
256636.952,0.2254843078
256651.952,0.2254736229
256666.952,0.2254629394
256681.952,0.2254522574
256696.952,0.225441577
256711.952,0.225430898
256726.952,0.2254202204
256741.952,0.2254095444
256756.952,0.2253988699
256771.952,0.2253881968
256786.952,0.2253775253
256801.952,0.2253668552
256816.952,0.2253561866
256831.952,0.2253455195
256846.952,0.2253348539
256861.952,0.2253241897
256876.952,0.2253135271
256891.952,0.2253028659
256906.952,0.2252922062
256921.952,0.225281548
256936.952,0.2252708913
256951.952,0.225260236
256966.952,0.2252495822
256981.952,0.22523893
256996.952,0.2252282792
257011.952,0.2252176299
257026.952,0.225206982
257041.952,0.2251963357
257056.952,0.2251856908
257071.952,0.2251750474
257086.952,0.2251644055
257101.952,0.225153765
257116.952,0.2251431261
257131.952,0.2251324886
257146.952,0.2251218526
257161.952,0.2251112181
257176.952,0.225100585
257191.952,0.2250899535
257206.952,0.2250793234
257221.952,0.2250686948
257236.952,0.2250580676
257251.952,0.225047442
257266.952,0.2250368178
257281.952,0.2250261951
257296.952,0.2250155739
257311.952,0.2250049541
257326.952,0.2249943358
257341.952,0.224983719
257356.952,0.2249731037
257371.952,0.2249624898
257386.952,0.2249518774
257401.952,0.2249412665
257416.952,0.2249306571
257431.952,0.2249200491
257446.952,0.2249094426
257461.952,0.2248988376
257476.952,0.224888234
257491.952,0.224877632
257506.952,0.2248670313
257521.952,0.2248564322
257536.952,0.2248458345
257551.952,0.2248352383
257566.952,0.2248246436
257581.952,0.2248140504
257596.952,0.2248034586
257611.952,0.2247928682
257626.952,0.2247822794
257641.952,0.224771692
257656.952,0.2247611061
257671.952,0.2247505217
257686.952,0.2247399387
257701.952,0.2247293572
257716.952,0.2247187771
257731.952,0.2247081985
257746.952,0.2246976214
257761.952,0.2246870458
257776.952,0.2246764716
257791.952,0.2246658989
257806.952,0.2246553276
257821.952,0.2246447579
257836.952,0.2246341895
257851.952,0.2246236227
257866.952,0.2246130573
257881.952,0.2246024934
257896.952,0.2245919309
257911.952,0.2245813699
257926.952,0.2245708103
257941.952,0.2245602523
257956.952,0.2245496957
257971.952,0.2245391405
257986.952,0.2245285868
258001.952,0.2245180346
258016.952,0.2245074838
258031.952,0.2244969345
258046.952,0.2244863866
258061.952,0.2244758403
258076.952,0.2244652953
258091.952,0.2244547519
258106.952,0.2244442098
258121.952,0.2244336693
258136.952,0.2244231302
258151.952,0.2244125926
258166.952,0.2244020564
258181.952,0.2243915217
258196.952,0.2243809884
258211.952,0.2243704566
258226.952,0.2243599262
258241.952,0.2243493974
258256.952,0.2243388699
258271.952,0.2243283439
258286.952,0.2243178194
258301.952,0.2243072963
258316.952,0.2242967747
258331.952,0.2242862546
258346.952,0.2242757359
258361.952,0.2242652186
258376.952,0.2242547028
258391.952,0.2242441885
258406.952,0.2242336756
258421.952,0.2242231641
258436.952,0.2242126541
258451.952,0.2242021456
258466.952,0.2241916385
258481.952,0.2241811329
258496.952,0.2241706287
258511.952,0.224160126
258526.952,0.2241496247
258541.952,0.2241391249
258556.952,0.2241286265
258571.952,0.2241181296
258586.952,0.2241076341
258601.952,0.2240971401
258616.952,0.2240866475
258631.952,0.2240761564
258646.952,0.2240656667
258661.952,0.2240551784
258676.952,0.2240446917
258691.952,0.2240342063
258706.952,0.2240237224
258721.952,0.22401324
258736.952,0.224002759
258751.952,0.2239922794
258766.952,0.2239818013
258781.952,0.2239713247
258796.952,0.2239608494
258811.952,0.2239503757
258826.952,0.2239399033
258841.952,0.2239294325
258856.952,0.223918963
258871.952,0.223908495
258886.952,0.2238980285
258901.952,0.2238875634
258916.952,0.2238770997
258931.952,0.2238666375
258946.952,0.2238561767
258961.952,0.2238457174
258976.952,0.2238352595
258991.952,0.223824803
259006.952,0.223814348
259021.952,0.2238038945
259036.952,0.2237934423
259051.952,0.2237829916
259066.952,0.2237725424
259081.952,0.2237620946
259096.952,0.2237516482
259111.952,0.2237412033
259126.952,0.2237307598
259141.952,0.2237203177
259156.952,0.2237098771
259171.952,0.2236994379
259186.952,0.2236890002
259201.952,0.2236785639
259216.952,0.223668129
259231.952,0.2236576956
259246.952,0.2236472636
259261.952,0.2236368331
259276.952,0.2236264039
259291.952,0.2236159763
259306.952,0.22360555
259321.952,0.2235951252
259336.952,0.2235847018
259351.952,0.2235742799
259366.952,0.2235638594
259381.952,0.2235534403
259396.952,0.2235430227
259411.952,0.2235326064
259426.952,0.2235221917
259441.952,0.2235117783
259456.952,0.2235013664
259471.952,0.2234909559
259486.952,0.2234805469
259501.952,0.2234701393
259516.952,0.2234597331
259531.952,0.2234493283
259546.952,0.223438925
259561.952,0.2234285231
259576.952,0.2234181227
259591.952,0.2234077236
259606.952,0.223397326
259621.952,0.2233869299
259636.952,0.2233765351
259651.952,0.2233661418
259666.952,0.2233557499
259681.952,0.2233453595
259696.952,0.2233349704
259711.952,0.2233245828
259726.952,0.2233141966
259741.952,0.2233038119
259756.952,0.2232934286
259771.952,0.2232830467
259786.952,0.2232726662
259801.952,0.2232622872
259816.952,0.2232519095
259831.952,0.2232415334
259846.952,0.2232311586
259861.952,0.2232207852
259876.952,0.2232104133
259891.952,0.2232000428
259906.952,0.2231896738
259921.952,0.2231793061
259936.952,0.2231689399
259951.952,0.2231585751
259966.952,0.2231482117
259981.952,0.2231378497
259996.952,0.2231274892
260011.952,0.2231171301
260026.952,0.2231067724
260041.952,0.2230964161
260056.952,0.2230860613
260071.952,0.2230757078
260086.952,0.2230653558
260101.952,0.2230550052
260116.952,0.2230446561
260131.952,0.2230343083
260146.952,0.223023962
260161.952,0.2230136171
260176.952,0.2230032736
260191.952,0.2229929315
260206.952,0.2229825908
260221.952,0.2229722516
260236.952,0.2229619138
260251.952,0.2229515774
260266.952,0.2229412424
260281.952,0.2229309088
260296.952,0.2229205766
260311.952,0.2229102459
260326.952,0.2228999166
260341.952,0.2228895887
260356.952,0.2228792622
260371.952,0.2228689371
260386.952,0.2228586134
260401.952,0.2228482912
260416.952,0.2228379703
260431.952,0.2228276509
260446.952,0.2228173329
260461.952,0.2228070163
260476.952,0.2227967011
260491.952,0.2227863873
260506.952,0.222776075
260521.952,0.222765764
260536.952,0.2227554545
260551.952,0.2227451464
260566.952,0.2227348396
260581.952,0.2227245343
260596.952,0.2227142304
260611.952,0.222703928
260626.952,0.2226936269
260641.952,0.2226833272
260656.952,0.222673029
260671.952,0.2226627321
260686.952,0.2226524367
260701.952,0.2226421427
260716.952,0.22263185
260731.952,0.2226215588
260746.952,0.222611269
260761.952,0.2226009806
260776.952,0.2225906936
260791.952,0.222580408
260806.952,0.2225701239
260821.952,0.2225598411
260836.952,0.2225495597
260851.952,0.2225392798
260866.952,0.2225290012
260881.952,0.2225187241
260896.952,0.2225084483
260911.952,0.222498174
260926.952,0.222487901
260941.952,0.2224776295
260956.952,0.2224673594
260971.952,0.2224570907
260986.952,0.2224468233
261001.952,0.2224365574
261016.952,0.2224262929
261031.952,0.2224160298
261046.952,0.2224057681
261061.952,0.2223955077
261076.952,0.2223852488
261091.952,0.2223749913
261106.952,0.2223647352
261121.952,0.2223544805
261136.952,0.2223442272
261151.952,0.2223339753
261166.952,0.2223237248
261181.952,0.2223134757
261196.952,0.222303228
261211.952,0.2222929817
261226.952,0.2222827367
261241.952,0.2222724932
261256.952,0.2222622511
261271.952,0.2222520104
261286.952,0.2222417711
261301.952,0.2222315331
261316.952,0.2222212966
261331.952,0.2222110615
261346.952,0.2222008277
261361.952,0.2221905954
261376.952,0.2221803645
261391.952,0.2221701349
261406.952,0.2221599068
261421.952,0.22214968
261436.952,0.2221394546
261451.952,0.2221292307
261466.952,0.2221190081
261481.952,0.2221087869
261496.952,0.2220985671
261511.952,0.2220883487
261526.952,0.2220781317
261541.952,0.2220679161
261556.952,0.2220577019
261571.952,0.2220474891
261586.952,0.2220372776
261601.952,0.2220270676
261616.952,0.2220168589
261631.952,0.2220066517
261646.952,0.2219964458
261661.952,0.2219862413
261676.952,0.2219760382
261691.952,0.2219658365
261706.952,0.2219556362
261721.952,0.2219454373
261736.952,0.2219352397
261751.952,0.2219250436
261766.952,0.2219148488
261781.952,0.2219046555
261796.952,0.2218944635
261811.952,0.2218842729
261826.952,0.2218740837
261841.952,0.2218638959
261856.952,0.2218537094
261871.952,0.2218435244
261886.952,0.2218333407
261901.952,0.2218231585
261916.952,0.2218129776
261931.952,0.2218027981
261946.952,0.2217926199
261961.952,0.2217824432
261976.952,0.2217722679
261991.952,0.2217620939
262006.952,0.2217519213
262021.952,0.2217417501
262036.952,0.2217315803
262051.952,0.2217214119
262066.952,0.2217112448
262081.952,0.2217010792
262096.952,0.2216909149
262111.952,0.221680752
262126.952,0.2216705904
262141.952,0.2216604303
262156.952,0.2216502715
262171.952,0.2216401142
262186.952,0.2216299582
262201.952,0.2216198036
262216.952,0.2216096503
262231.952,0.2215994985
262246.952,0.221589348
262261.952,0.2215791989
262276.952,0.2215690512
262291.952,0.2215589048
262306.952,0.2215487598
262321.952,0.2215386163
262336.952,0.2215284741
262351.952,0.2215183332
262366.952,0.2215081938
262381.952,0.2214980557
262396.952,0.221487919
262411.952,0.2214777837
262426.952,0.2214676497
262441.952,0.2214575171
262456.952,0.2214473859
262471.952,0.2214372561
262486.952,0.2214271277
262501.952,0.2214170006
262516.952,0.2214068749
262531.952,0.2213967506
262546.952,0.2213866276
262561.952,0.2213765061
262576.952,0.2213663859
262591.952,0.221356267
262606.952,0.2213461496
262621.952,0.2213360335
262636.952,0.2213259188
262651.952,0.2213158054
262666.952,0.2213056935
262681.952,0.2212955829
262696.952,0.2212854736
262711.952,0.2212753658
262726.952,0.2212652593
262741.952,0.2212551542
262756.952,0.2212450504
262771.952,0.2212349481
262786.952,0.221224847
262801.952,0.2212147474
262816.952,0.2212046491
262831.952,0.2211945522
262846.952,0.2211844567
262861.952,0.2211743625
262876.952,0.2211642697
262891.952,0.2211541783
262906.952,0.2211440883
262921.952,0.2211339996
262936.952,0.2211239122
262951.952,0.2211138263
262966.952,0.2211037417
262981.952,0.2210936584
262996.952,0.2210835766
263011.952,0.2210734961
263026.952,0.2210634169
263041.952,0.2210533392
263056.952,0.2210432628
263071.952,0.2210331877
263086.952,0.2210231141
263101.952,0.2210130417
263116.952,0.2210029708
263131.952,0.2209929012
263146.952,0.220982833
263161.952,0.2209727661
263176.952,0.2209627006
263191.952,0.2209526365
263206.952,0.2209425737
263221.952,0.2209325123
263236.952,0.2209224522
263251.952,0.2209123935
263266.952,0.2209023362
263281.952,0.2208922802
263296.952,0.2208822256
263311.952,0.2208721724
263326.952,0.2208621205
263341.952,0.2208520699
263356.952,0.2208420208
263371.952,0.220831973
263386.952,0.2208219265
263401.952,0.2208118814
263416.952,0.2208018377
263431.952,0.2207917953
263446.952,0.2207817543
263461.952,0.2207717146
263476.952,0.2207616763
263491.952,0.2207516393
263506.952,0.2207416037
263521.952,0.2207315695
263536.952,0.2207215366
263551.952,0.220711505
263566.952,0.2207014749
263581.952,0.220691446
263596.952,0.2206814186
263611.952,0.2206713925
263626.952,0.2206613677
263641.952,0.2206513443
263656.952,0.2206413222
263671.952,0.2206313015
263686.952,0.2206212822
263701.952,0.2206112642
263716.952,0.2206012476
263731.952,0.2205912323
263746.952,0.2205812183
263761.952,0.2205712058
263776.952,0.2205611945
263791.952,0.2205511846
263806.952,0.2205411761
263821.952,0.2205311689
263836.952,0.2205211631
263851.952,0.2205111586
263866.952,0.2205011555
263881.952,0.2204911537
263896.952,0.2204811533
263911.952,0.2204711542
263926.952,0.2204611564
263941.952,0.2204511601
263956.952,0.220441165
263971.952,0.2204311713
263986.952,0.220421179
264001.952,0.220411188
264016.952,0.2204011983
264031.952,0.22039121
264046.952,0.2203812231
264061.952,0.2203712375
264076.952,0.2203612532
264091.952,0.2203512703
264106.952,0.2203412887
264121.952,0.2203313085
264136.952,0.2203213296
264151.952,0.220311352
264166.952,0.2203013759
264181.952,0.220291401
264196.952,0.2202814275
264211.952,0.2202714553
264226.952,0.2202614845
264241.952,0.220251515
264256.952,0.2202415469
264271.952,0.2202315801
264286.952,0.2202216147
264301.952,0.2202116505
264316.952,0.2202016878
264331.952,0.2201917264
264346.952,0.2201817663
264361.952,0.2201718075
264376.952,0.2201618501
264391.952,0.2201518941
264406.952,0.2201419393
264421.952,0.220131986
264436.952,0.2201220339
264451.952,0.2201120832
264466.952,0.2201021338
264481.952,0.2200921858
264496.952,0.2200822391
264511.952,0.2200722938
264526.952,0.2200623498
264541.952,0.2200524071
264556.952,0.2200424657
264571.952,0.2200325257
264586.952,0.2200225871
264601.952,0.2200126498
264616.952,0.2200027138
264631.952,0.2199927791
264646.952,0.2199828458
264661.952,0.2199729138
264676.952,0.2199629832
264691.952,0.2199530538
264706.952,0.2199431259
264721.952,0.2199331992
264736.952,0.2199232739
264751.952,0.2199133499
264766.952,0.2199034273
264781.952,0.219893506
264796.952,0.219883586
264811.952,0.2198736674
264826.952,0.21986375
264841.952,0.2198538341
264856.952,0.2198439194
264871.952,0.2198340061
264886.952,0.2198240941
264901.952,0.2198141835
264916.952,0.2198042741
264931.952,0.2197943662
264946.952,0.2197844595
264961.952,0.2197745542
264976.952,0.2197646502
264991.952,0.2197547475
265006.952,0.2197448461
265021.952,0.2197349461
265036.952,0.2197250475
265051.952,0.2197151501
265066.952,0.2197052541
265081.952,0.2196953594
265096.952,0.219685466
265111.952,0.219675574
265126.952,0.2196656832
265141.952,0.2196557938
265156.952,0.2196459058
265171.952,0.219636019
265186.952,0.2196261336
265201.952,0.2196162495
265216.952,0.2196063668
265231.952,0.2195964854
265246.952,0.2195866052
265261.952,0.2195767265
265276.952,0.219566849
265291.952,0.2195569729
265306.952,0.2195470981
265321.952,0.2195372246
265336.952,0.2195273524
265351.952,0.2195174816
265366.952,0.219507612
265381.952,0.2194977438
265396.952,0.219487877
265411.952,0.2194780114
265426.952,0.2194681472
265441.952,0.2194582843
265456.952,0.2194484227
265471.952,0.2194385624
265486.952,0.2194287035
265501.952,0.2194188459
265516.952,0.2194089896
265531.952,0.2193991346
265546.952,0.2193892809
265561.952,0.2193794286
265576.952,0.2193695776
265591.952,0.2193597278
265606.952,0.2193498795
265621.952,0.2193400324
265636.952,0.2193301866
265651.952,0.2193203422
265666.952,0.2193104991
265681.952,0.2193006573
265696.952,0.2192908168
265711.952,0.2192809777
265726.952,0.2192711398
265741.952,0.2192613033
265756.952,0.2192514681
265771.952,0.2192416342
265786.952,0.2192318016
265801.952,0.2192219703
265816.952,0.2192121404
265831.952,0.2192023117
265846.952,0.2191924844
265861.952,0.2191826584
265876.952,0.2191728337
265891.952,0.2191630103
265906.952,0.2191531883
265921.952,0.2191433675
265936.952,0.2191335481
265951.952,0.2191237299
265966.952,0.2191139131
265981.952,0.2191040976
265996.952,0.2190942834
266011.952,0.2190844706
266026.952,0.219074659
266041.952,0.2190648487
266056.952,0.2190550398
266071.952,0.2190452322
266086.952,0.2190354258
266101.952,0.2190256208
266116.952,0.2190158171
266131.952,0.2190060147
266146.952,0.2189962136
266161.952,0.2189864139
266176.952,0.2189766154
266191.952,0.2189668182
266206.952,0.2189570224
266221.952,0.2189472278
266236.952,0.2189374346
266251.952,0.2189276427
266266.952,0.2189178521
266281.952,0.2189080627
266296.952,0.2188982747
266311.952,0.218888488
266326.952,0.2188787026
266341.952,0.2188689186
266356.952,0.2188591358
266371.952,0.2188493543
266386.952,0.2188395741
266401.952,0.2188297953
266416.952,0.2188200177
266431.952,0.2188102414
266446.952,0.2188004665
266461.952,0.2187906928
266476.952,0.2187809205
266491.952,0.2187711494
266506.952,0.2187613797
266521.952,0.2187516113
266536.952,0.2187418441
266551.952,0.2187320783
266566.952,0.2187223138
266581.952,0.2187125505
266596.952,0.2187027886
266611.952,0.218693028
266626.952,0.2186832687
266641.952,0.2186735106
266656.952,0.2186637539
266671.952,0.2186539985
266686.952,0.2186442444
266701.952,0.2186344916
266716.952,0.21862474
266731.952,0.2186149898
266746.952,0.2186052409
266761.952,0.2185954933
266776.952,0.2185857469
266791.952,0.2185760019
266806.952,0.2185662582
266821.952,0.2185565157
266836.952,0.2185467746
266851.952,0.2185370348
266866.952,0.2185272962
266881.952,0.218517559
266896.952,0.218507823
266911.952,0.2184980884
266926.952,0.218488355
266941.952,0.2184786229
266956.952,0.2184688922
266971.952,0.2184591627
266986.952,0.2184494345
267001.952,0.2184397077
267016.952,0.2184299821
267031.952,0.2184202578
267046.952,0.2184105348
267061.952,0.2184008131
267076.952,0.2183910927
267091.952,0.2183813735
267106.952,0.2183716557
267121.952,0.2183619392
267136.952,0.2183522239
267151.952,0.21834251
267166.952,0.2183327973
267181.952,0.218323086
267196.952,0.2183133759
267211.952,0.2183036671
267226.952,0.2182939596
267241.952,0.2182842534
267256.952,0.2182745485
267271.952,0.2182648449
267286.952,0.2182551425
267301.952,0.2182454415
267316.952,0.2182357417
267331.952,0.2182260433
267346.952,0.2182163461
267361.952,0.2182066502
267376.952,0.2181969556
267391.952,0.2181872623
267406.952,0.2181775703
267421.952,0.2181678795
267436.952,0.2181581901
267451.952,0.2181485019
267466.952,0.2181388151
267481.952,0.2181291295
267496.952,0.2181194452
267511.952,0.2181097621
267526.952,0.2181000804
267541.952,0.2180904
267556.952,0.2180807208
267571.952,0.2180710429
267586.952,0.2180613663
267601.952,0.218051691
267616.952,0.218042017
267631.952,0.2180323443
267646.952,0.2180226728
267661.952,0.2180130026
267676.952,0.2180033338
267691.952,0.2179936661
267706.952,0.2179839998
267721.952,0.2179743348
267736.952,0.217964671
267751.952,0.2179550085
267766.952,0.2179453474
267781.952,0.2179356874
267796.952,0.2179260288
267811.952,0.2179163715
267826.952,0.2179067154
267841.952,0.2178970606
267856.952,0.2178874071
267871.952,0.2178777548
267886.952,0.2178681039
267901.952,0.2178584542
267916.952,0.2178488058
267931.952,0.2178391587
267946.952,0.2178295129
267961.952,0.2178198683
267976.952,0.217810225
267991.952,0.217800583
268006.952,0.2177909423
268021.952,0.2177813029
268036.952,0.2177716647
268051.952,0.2177620278
268066.952,0.2177523922
268081.952,0.2177427579
268096.952,0.2177331248
268111.952,0.217723493
268126.952,0.2177138625
268141.952,0.2177042333
268156.952,0.2176946053
268171.952,0.2176849786
268186.952,0.2176753532
268201.952,0.2176657291
268216.952,0.2176561062
268231.952,0.2176464846
268246.952,0.2176368643
268261.952,0.2176272452
268276.952,0.2176176275
268291.952,0.217608011
268306.952,0.2175983957
268321.952,0.2175887818
268336.952,0.2175791691
268351.952,0.2175695577
268366.952,0.2175599476
268381.952,0.2175503387
268396.952,0.2175407311
268411.952,0.2175311248
268426.952,0.2175215197
268441.952,0.2175119159
268456.952,0.2175023134
268471.952,0.2174927122
268486.952,0.2174831122
268501.952,0.2174735135
268516.952,0.2174639161
268531.952,0.2174543199
268546.952,0.217444725
268561.952,0.2174351314
268576.952,0.217425539
268591.952,0.2174159479
268606.952,0.2174063581
268621.952,0.2173967695
268636.952,0.2173871822
268651.952,0.2173775962
268666.952,0.2173680114
268681.952,0.2173584279
268696.952,0.2173488457
268711.952,0.2173392648
268726.952,0.2173296851
268741.952,0.2173201066
268756.952,0.2173105295
268771.952,0.2173009536
268786.952,0.2172913789
268801.952,0.2172818055
268816.952,0.2172722334
268831.952,0.2172626626
268846.952,0.217253093
268861.952,0.2172435247
268876.952,0.2172339576
268891.952,0.2172243919
268906.952,0.2172148273
268921.952,0.2172052641
268936.952,0.2171957021
268951.952,0.2171861413
268966.952,0.2171765818
268981.952,0.2171670236
268996.952,0.2171574666
269011.952,0.2171479109
269026.952,0.2171383565
269041.952,0.2171288033
269056.952,0.2171192514
269071.952,0.2171097008
269086.952,0.2171001514
269101.952,0.2170906032
269116.952,0.2170810563
269131.952,0.2170715107
269146.952,0.2170619664
269161.952,0.2170524233
269176.952,0.2170428814
269191.952,0.2170333408
269206.952,0.2170238015
269221.952,0.2170142634
269236.952,0.2170047266
269251.952,0.216995191
269266.952,0.2169856567
269281.952,0.2169761237
269296.952,0.2169665919
269311.952,0.2169570614
269326.952,0.2169475321
269341.952,0.2169380041
269356.952,0.2169284773
269371.952,0.2169189518
269386.952,0.2169094275
269401.952,0.2168999045
269416.952,0.2168903828
269431.952,0.2168808623
269446.952,0.216871343
269461.952,0.216861825
269476.952,0.2168523083
269491.952,0.2168427928
269506.952,0.2168332786
269521.952,0.2168237656
269536.952,0.2168142539
269551.952,0.2168047434
269566.952,0.2167952342
269581.952,0.2167857262
269596.952,0.2167762195
269611.952,0.216766714
269626.952,0.2167572098
269641.952,0.2167477069
269656.952,0.2167382051
269671.952,0.2167287047
269686.952,0.2167192055
269701.952,0.2167097075
269716.952,0.2167002108
269731.952,0.2166907153
269746.952,0.2166812211
269761.952,0.2166717281
269776.952,0.2166622364
269791.952,0.2166527459
269806.952,0.2166432567
269821.952,0.2166337687
269836.952,0.216624282
269851.952,0.2166147965
269866.952,0.2166053122
269881.952,0.2165958292
269896.952,0.2165863475
269911.952,0.216576867
269926.952,0.2165673877
269941.952,0.2165579097
269956.952,0.216548433
269971.952,0.2165389574
269986.952,0.2165294832
270001.952,0.2165200101
270016.952,0.2165105384
270031.952,0.2165010678
270046.952,0.2164915985
270061.952,0.2164821305
270076.952,0.2164726637
270091.952,0.2164631981
270106.952,0.2164537338
270121.952,0.2164442707
270136.952,0.2164348088
270151.952,0.2164253482
270166.952,0.2164158889
270181.952,0.2164064308
270196.952,0.2163969739
270211.952,0.2163875183
270226.952,0.2163780639
270241.952,0.2163686107
270256.952,0.2163591588
270271.952,0.2163497082
270286.952,0.2163402587
270301.952,0.2163308105
270316.952,0.2163213636
270331.952,0.2163119179
270346.952,0.2163024734
270361.952,0.2162930302
270376.952,0.2162835882
270391.952,0.2162741474
270406.952,0.2162647079
270421.952,0.2162552696
270436.952,0.2162458326
270451.952,0.2162363968
270466.952,0.2162269622
270481.952,0.2162175289
270496.952,0.2162080968
270511.952,0.2161986659
270526.952,0.2161892363
270541.952,0.2161798079
270556.952,0.2161703808
270571.952,0.2161609549
270586.952,0.2161515302
270601.952,0.2161421067
270616.952,0.2161326845
270631.952,0.2161232635
270646.952,0.2161138438
270661.952,0.2161044253
270676.952,0.216095008
270691.952,0.216085592
270706.952,0.2160761772
270721.952,0.2160667636
270736.952,0.2160573512
270751.952,0.2160479401
270766.952,0.2160385303
270781.952,0.2160291216
270796.952,0.2160197142
270811.952,0.216010308
270826.952,0.2160009031
270841.952,0.2159914993
270856.952,0.2159820969
270871.952,0.2159726956
270886.952,0.2159632956
270901.952,0.2159538968
270916.952,0.2159444992
270931.952,0.2159351029
270946.952,0.2159257078
270961.952,0.2159163139
270976.952,0.2159069212
270991.952,0.2158975298
271006.952,0.2158881396
271021.952,0.2158787506
271036.952,0.2158693629
271051.952,0.2158599764
271066.952,0.2158505911
271081.952,0.2158412071
271096.952,0.2158318242
271111.952,0.2158224426
271126.952,0.2158130622
271141.952,0.2158036831
271156.952,0.2157943052
271171.952,0.2157849285
271186.952,0.215775553
271201.952,0.2157661788
271216.952,0.2157568057
271231.952,0.2157474339
271246.952,0.2157380634
271261.952,0.215728694
271276.952,0.2157193259
271291.952,0.215709959
271306.952,0.2157005933
271321.952,0.2156912289
271336.952,0.2156818656
271351.952,0.2156725036
271366.952,0.2156631428
271381.952,0.2156537833
271396.952,0.2156444249
271411.952,0.2156350678
271426.952,0.2156257119
271441.952,0.2156163572
271456.952,0.2156070038
271471.952,0.2155976516
271486.952,0.2155883005
271501.952,0.2155789508
271516.952,0.2155696022
271531.952,0.2155602548
271546.952,0.2155509087
271561.952,0.2155415638
271576.952,0.2155322201
271591.952,0.2155228776
271606.952,0.2155135364
271621.952,0.2155041963
271636.952,0.2154948575
271651.952,0.2154855199
271666.952,0.2154761835
271681.952,0.2154668484
271696.952,0.2154575144
271711.952,0.2154481817
271726.952,0.2154388502
271741.952,0.2154295199
271756.952,0.2154201908
271771.952,0.2154108629
271786.952,0.2154015363
271801.952,0.2153922109
271816.952,0.2153828867
271831.952,0.2153735637
271846.952,0.2153642419
271861.952,0.2153549213
271876.952,0.2153456019
271891.952,0.2153362838
271906.952,0.2153269669
271921.952,0.2153176512
271936.952,0.2153083367
271951.952,0.2152990234
271966.952,0.2152897113
271981.952,0.2152804004
271996.952,0.2152710908
272011.952,0.2152617824
272026.952,0.2152524751
272041.952,0.2152431691
272056.952,0.2152338643
272071.952,0.2152245607
272086.952,0.2152152584
272101.952,0.2152059572
272116.952,0.2151966572
272131.952,0.2151873585
272146.952,0.215178061
272161.952,0.2151687646
272176.952,0.2151594695
272191.952,0.2151501756
272206.952,0.2151408829
272221.952,0.2151315914
272236.952,0.2151223012
272251.952,0.2151130121
272266.952,0.2151037242
272281.952,0.2150944376
272296.952,0.2150851521
272311.952,0.2150758679
272326.952,0.2150665849
272341.952,0.2150573031
272356.952,0.2150480225
272371.952,0.215038743
272386.952,0.2150294648
272401.952,0.2150201879
272416.952,0.2150109121
272431.952,0.2150016375
272446.952,0.2149923641
272461.952,0.2149830919
272476.952,0.214973821
272491.952,0.2149645512
272506.952,0.2149552827
272521.952,0.2149460153
272536.952,0.2149367492
272551.952,0.2149274842
272566.952,0.2149182205
272581.952,0.2149089579
272596.952,0.2148996966
272611.952,0.2148904365
272626.952,0.2148811776
272641.952,0.2148719198
272656.952,0.2148626633
272671.952,0.214853408
272686.952,0.2148441539
272701.952,0.214834901
272716.952,0.2148256493
272731.952,0.2148163987
272746.952,0.2148071494
272761.952,0.2147979013
272776.952,0.2147886544
272791.952,0.2147794087
272806.952,0.2147701642
272821.952,0.2147609209
272836.952,0.2147516788
272851.952,0.2147424379
272866.952,0.2147331981
272881.952,0.2147239596
272896.952,0.2147147223
272911.952,0.2147054862
272926.952,0.2146962513
272941.952,0.2146870176
272956.952,0.214677785
272971.952,0.2146685537
272986.952,0.2146593236
273001.952,0.2146500947
273016.952,0.2146408669
273031.952,0.2146316404
273046.952,0.2146224151
273061.952,0.2146131909
273076.952,0.214603968
273091.952,0.2145947462
273106.952,0.2145855257
273121.952,0.2145763063
273136.952,0.2145670881
273151.952,0.2145578712
273166.952,0.2145486554
273181.952,0.2145394408
273196.952,0.2145302274
273211.952,0.2145210152
273226.952,0.2145118042
273241.952,0.2145025944
273256.952,0.2144933858
273271.952,0.2144841784
273286.952,0.2144749721
273301.952,0.2144657671
273316.952,0.2144565632
273331.952,0.2144473606
273346.952,0.2144381591
273361.952,0.2144289589
273376.952,0.2144197598
273391.952,0.2144105619
273406.952,0.2144013652
273421.952,0.2143921697
273436.952,0.2143829754
273451.952,0.2143737822
273466.952,0.2143645903
273481.952,0.2143553996
273496.952,0.21434621
273511.952,0.2143370216
273526.952,0.2143278345
273541.952,0.2143186485
273556.952,0.2143094637
273571.952,0.2143002801
273586.952,0.2142910976
273601.952,0.2142819164
273616.952,0.2142727363
273631.952,0.2142635575
273646.952,0.2142543798
273661.952,0.2142452033
273676.952,0.214236028
273691.952,0.2142268539
273706.952,0.214217681
273721.952,0.2142085092
273736.952,0.2141993387
273751.952,0.2141901693
273766.952,0.2141810011
273781.952,0.2141718341
273796.952,0.2141626683
273811.952,0.2141535037
273826.952,0.2141443402
273841.952,0.2141351779
273856.952,0.2141260169
273871.952,0.214116857
273886.952,0.2141076983
273901.952,0.2140985407
273916.952,0.2140893844
273931.952,0.2140802292
273946.952,0.2140710752
273961.952,0.2140619224
273976.952,0.2140527708
273991.952,0.2140436204
274006.952,0.2140344711
274021.952,0.2140253231
274036.952,0.2140161762
274051.952,0.2140070305
274066.952,0.2139978859
274081.952,0.2139887426
274096.952,0.2139796004
274111.952,0.2139704594
274126.952,0.2139613196
274141.952,0.213952181
274156.952,0.2139430436
274171.952,0.2139339073
274186.952,0.2139247722
274201.952,0.2139156383
274216.952,0.2139065055
274231.952,0.213897374
274246.952,0.2138882436
274261.952,0.2138791144
274276.952,0.2138699864
274291.952,0.2138608596
274306.952,0.2138517339
274321.952,0.2138426094
274336.952,0.2138334861
274351.952,0.2138243639
274366.952,0.213815243
274381.952,0.2138061232
274396.952,0.2137970046
274411.952,0.2137878872
274426.952,0.2137787709
274441.952,0.2137696558
274456.952,0.2137605419
274471.952,0.2137514292
274486.952,0.2137423176
274501.952,0.2137332072
274516.952,0.213724098
274531.952,0.21371499
274546.952,0.2137058831
274561.952,0.2136967774
274576.952,0.2136876729
274591.952,0.2136785695
274606.952,0.2136694674
274621.952,0.2136603664
274636.952,0.2136512665
274651.952,0.2136421679
274666.952,0.2136330704
274681.952,0.2136239741
274696.952,0.213614879
274711.952,0.213605785
274726.952,0.2135966922
274741.952,0.2135876005
274756.952,0.2135785101
274771.952,0.2135694208
274786.952,0.2135603327
274801.952,0.2135512457
274816.952,0.21354216
274831.952,0.2135330753
274846.952,0.2135239919
274861.952,0.2135149096
274876.952,0.2135058285
274891.952,0.2134967486
274906.952,0.2134876698
274921.952,0.2134785922
274936.952,0.2134695158
274951.952,0.2134604405
274966.952,0.2134513664
274981.952,0.2134422935
274996.952,0.2134332217
275011.952,0.2134241511
275026.952,0.2134150817
275041.952,0.2134060134
275056.952,0.2133969463
275071.952,0.2133878804
275086.952,0.2133788156
275101.952,0.213369752
275116.952,0.2133606896
275131.952,0.2133516283
275146.952,0.2133425682
275161.952,0.2133335092
275176.952,0.2133244515
275191.952,0.2133153948
275206.952,0.2133063394
275221.952,0.2132972851
275236.952,0.213288232
275251.952,0.21327918
275266.952,0.2132701292
275281.952,0.2132610796
275296.952,0.2132520311
275311.952,0.2132429838
275326.952,0.2132339376
275341.952,0.2132248926
275356.952,0.2132158488
275371.952,0.2132068061
275386.952,0.2131977646
275401.952,0.2131887243
275416.952,0.2131796851
275431.952,0.2131706471
275446.952,0.2131616102
275461.952,0.2131525745
275476.952,0.2131435399
275491.952,0.2131345066
275506.952,0.2131254743
275521.952,0.2131164433
275536.952,0.2131074133
275551.952,0.2130983846
275566.952,0.213089357
275581.952,0.2130803306
275596.952,0.2130713053
275611.952,0.2130622812
275626.952,0.2130532582
275641.952,0.2130442364
275656.952,0.2130352157
275671.952,0.2130261962
275686.952,0.2130171779
275701.952,0.2130081607
275716.952,0.2129991447
275731.952,0.2129901298
275746.952,0.2129811161
275761.952,0.2129721036
275776.952,0.2129630922
275791.952,0.2129540819
275806.952,0.2129450728
275821.952,0.2129360649
275836.952,0.2129270581
275851.952,0.2129180525
275866.952,0.212909048
275881.952,0.2129000447
275896.952,0.2128910425
275911.952,0.2128820415
275926.952,0.2128730416
275941.952,0.2128640429
275956.952,0.2128550454
275971.952,0.212846049
275986.952,0.2128370537
276001.952,0.2128280596
276016.952,0.2128190666
276031.952,0.2128100748
276046.952,0.2128010842
276061.952,0.2127920947
276076.952,0.2127831064
276091.952,0.2127741192
276106.952,0.2127651331
276121.952,0.2127561482
276136.952,0.2127471645
276151.952,0.2127381819
276166.952,0.2127292004
276181.952,0.2127202201
276196.952,0.212711241
276211.952,0.212702263
276226.952,0.2126932861
276241.952,0.2126843104
276256.952,0.2126753359
276271.952,0.2126663625
276286.952,0.2126573902
276301.952,0.2126484191
276316.952,0.2126394491
276331.952,0.2126304803
276346.952,0.2126215127
276361.952,0.2126125461
276376.952,0.2126035808
276391.952,0.2125946165
276406.952,0.2125856534
276421.952,0.2125766915
276436.952,0.2125677307
276451.952,0.2125587711
276466.952,0.2125498126
276481.952,0.2125408552
276496.952,0.212531899
276511.952,0.2125229439
276526.952,0.21251399
276541.952,0.2125050372
276556.952,0.2124960856
276571.952,0.2124871351
276586.952,0.2124781857
276601.952,0.2124692375
276616.952,0.2124602905
276631.952,0.2124513445
276646.952,0.2124423997
276661.952,0.2124334561
276676.952,0.2124245136
276691.952,0.2124155723
276706.952,0.212406632
276721.952,0.212397693
276736.952,0.212388755
276751.952,0.2123798183
276766.952,0.2123708826
276781.952,0.2123619481
276796.952,0.2123530147
276811.952,0.2123440825
276826.952,0.2123351514
276841.952,0.2123262215
276856.952,0.2123172927
276871.952,0.212308365
276886.952,0.2122994385
276901.952,0.2122905131
276916.952,0.2122815888
276931.952,0.2122726657
276946.952,0.2122637437
276961.952,0.2122548229
276976.952,0.2122459032
276991.952,0.2122369846
277006.952,0.2122280672
277021.952,0.2122191509
277036.952,0.2122102357
277051.952,0.2122013217
277066.952,0.2121924088
277081.952,0.2121834971
277096.952,0.2121745865
277111.952,0.212165677
277126.952,0.2121567687
277141.952,0.2121478615
277156.952,0.2121389554
277171.952,0.2121300505
277186.952,0.2121211467
277201.952,0.212112244
277216.952,0.2121033425
277231.952,0.2120944421
277246.952,0.2120855428
277261.952,0.2120766447
277276.952,0.2120677477
277291.952,0.2120588518
277306.952,0.2120499571
277321.952,0.2120410635
277336.952,0.212032171
277351.952,0.2120232797
277366.952,0.2120143895
277381.952,0.2120055004
277396.952,0.2119966125
277411.952,0.2119877257
277426.952,0.21197884
277441.952,0.2119699555
277456.952,0.2119610721
277471.952,0.2119521898
277486.952,0.2119433086
277501.952,0.2119344286
277516.952,0.2119255497
277531.952,0.211916672
277546.952,0.2119077953
277561.952,0.2118989198
277576.952,0.2118900455
277591.952,0.2118811722
277606.952,0.2118723001
277621.952,0.2118634291
277636.952,0.2118545592
277651.952,0.2118456905
277666.952,0.2118368229
277681.952,0.2118279564
277696.952,0.2118190911
277711.952,0.2118102269
277726.952,0.2118013638
277741.952,0.2117925018
277756.952,0.2117836409
277771.952,0.2117747812
277786.952,0.2117659226
277801.952,0.2117570652
277816.952,0.2117482088
277831.952,0.2117393536
277846.952,0.2117304995
277861.952,0.2117216466
277876.952,0.2117127947
277891.952,0.211703944
277906.952,0.2116950944
277921.952,0.2116862459
277936.952,0.2116773986
277951.952,0.2116685524
277966.952,0.2116597073
277981.952,0.2116508633
277996.952,0.2116420205
278011.952,0.2116331787
278026.952,0.2116243381
278041.952,0.2116154987
278056.952,0.2116066603
278071.952,0.2115978231
278086.952,0.2115889869
278101.952,0.2115801519
278116.952,0.2115713181
278131.952,0.2115624853
278146.952,0.2115536537
278161.952,0.2115448232
278176.952,0.2115359938
278191.952,0.2115271655
278206.952,0.2115183384
278221.952,0.2115095123
278236.952,0.2115006874
278251.952,0.2114918636
278266.952,0.211483041
278281.952,0.2114742194
278296.952,0.211465399
278311.952,0.2114565797
278326.952,0.2114477615
278341.952,0.2114389444
278356.952,0.2114301284
278371.952,0.2114213136
278386.952,0.2114124998
278401.952,0.2114036872
278416.952,0.2113948757
278431.952,0.2113860654
278446.952,0.2113772561
278461.952,0.211368448
278476.952,0.2113596409
278491.952,0.211350835
278506.952,0.2113420302
278521.952,0.2113332266
278536.952,0.211324424
278551.952,0.2113156225
278566.952,0.2113068222
278581.952,0.211298023
278596.952,0.2112892249
278611.952,0.2112804279
278626.952,0.211271632
278641.952,0.2112628373
278656.952,0.2112540436
278671.952,0.2112452511
278686.952,0.2112364597
278701.952,0.2112276693
278716.952,0.2112188802
278731.952,0.2112100921
278746.952,0.2112013051
278761.952,0.2111925192
278776.952,0.2111837345
278791.952,0.2111749509
278806.952,0.2111661683
278821.952,0.2111573869
278836.952,0.2111486066
278851.952,0.2111398274
278866.952,0.2111310494
278881.952,0.2111222724
278896.952,0.2111134965
278911.952,0.2111047218
278926.952,0.2110959481
278941.952,0.2110871756
278956.952,0.2110784042
278971.952,0.2110696339
278986.952,0.2110608647
279001.952,0.2110520966
279016.952,0.2110433296
279031.952,0.2110345637
279046.952,0.211025799
279061.952,0.2110170353
279076.952,0.2110082728
279091.952,0.2109995113
279106.952,0.210990751
279121.952,0.2109819917
279136.952,0.2109732336
279151.952,0.2109644766
279166.952,0.2109557207
279181.952,0.2109469659
279196.952,0.2109382122
279211.952,0.2109294596
279226.952,0.2109207081
279241.952,0.2109119577
279256.952,0.2109032085
279271.952,0.2108944603
279286.952,0.2108857132
279301.952,0.2108769673
279316.952,0.2108682224
279331.952,0.2108594787
279346.952,0.210850736
279361.952,0.2108419945
279376.952,0.210833254
279391.952,0.2108245147
279406.952,0.2108157765
279421.952,0.2108070393
279436.952,0.2107983033
279451.952,0.2107895684
279466.952,0.2107808346
279481.952,0.2107721019
279496.952,0.2107633702
279511.952,0.2107546397
279526.952,0.2107459103
279541.952,0.210737182
279556.952,0.2107284548
279571.952,0.2107197287
279586.952,0.2107110037
279601.952,0.2107022797
279616.952,0.2106935569
279631.952,0.2106848352
279646.952,0.2106761146
279661.952,0.2106673951
279676.952,0.2106586767
279691.952,0.2106499594
279706.952,0.2106412432
279721.952,0.2106325281
279736.952,0.210623814
279751.952,0.2106151011
279766.952,0.2106063893
279781.952,0.2105976786
279796.952,0.210588969
279811.952,0.2105802604
279826.952,0.210571553
279841.952,0.2105628467
279856.952,0.2105541414
279871.952,0.2105454373
279886.952,0.2105367343
279901.952,0.2105280323
279916.952,0.2105193315
279931.952,0.2105106317
279946.952,0.2105019331
279961.952,0.2104932355
279976.952,0.210484539
279991.952,0.2104758437
280006.952,0.2104671494
280021.952,0.2104584562
280036.952,0.2104497641
280051.952,0.2104410731
280066.952,0.2104323832
280081.952,0.2104236944
280096.952,0.2104150067
280111.952,0.2104063201
280126.952,0.2103976346
280141.952,0.2103889501
280156.952,0.2103802668
280171.952,0.2103715845
280186.952,0.2103629034
280201.952,0.2103542233
280216.952,0.2103455444
280231.952,0.2103368665
280246.952,0.2103281897
280261.952,0.210319514
280276.952,0.2103108394
280291.952,0.2103021659
280306.952,0.2102934935
280321.952,0.2102848221
280336.952,0.2102761519
280351.952,0.2102674827
280366.952,0.2102588147
280381.952,0.2102501477
280396.952,0.2102414818
280411.952,0.210232817
280426.952,0.2102241533
280441.952,0.2102154907
280456.952,0.2102068292
280471.952,0.2101981688
280486.952,0.2101895094
280501.952,0.2101808511
280516.952,0.210172194
280531.952,0.2101635379
280546.952,0.2101548829
280561.952,0.210146229
280576.952,0.2101375762
280591.952,0.2101289244
280606.952,0.2101202738
280621.952,0.2101116242
280636.952,0.2101029757
280651.952,0.2100943283
280666.952,0.210085682
280681.952,0.2100770368
280696.952,0.2100683927
280711.952,0.2100597496
280726.952,0.2100511077
280741.952,0.2100424668
280756.952,0.210033827
280771.952,0.2100251883
280786.952,0.2100165507
280801.952,0.2100079141
280816.952,0.2099992787
280831.952,0.2099906443
280846.952,0.209982011
280861.952,0.2099733788
280876.952,0.2099647477
280891.952,0.2099561176
280906.952,0.2099474887
280921.952,0.2099388608
280936.952,0.209930234
280951.952,0.2099216083
280966.952,0.2099129837
280981.952,0.2099043601
280996.952,0.2098957376
281011.952,0.2098871163
281026.952,0.209878496
281041.952,0.2098698767
281056.952,0.2098612586
281071.952,0.2098526415
281086.952,0.2098440255
281101.952,0.2098354106
281116.952,0.2098267968
281131.952,0.2098181841
281146.952,0.2098095724
281161.952,0.2098009618
281176.952,0.2097923523
281191.952,0.2097837439
281206.952,0.2097751365
281221.952,0.2097665303
281236.952,0.2097579251
281251.952,0.2097493209
281266.952,0.2097407179
281281.952,0.2097321159
281296.952,0.2097235151
281311.952,0.2097149153
281326.952,0.2097063165
281341.952,0.2096977189
281356.952,0.2096891223
281371.952,0.2096805268
281386.952,0.2096719324
281401.952,0.209663339
281416.952,0.2096547468
281431.952,0.2096461556
281446.952,0.2096375654
281461.952,0.2096289764
281476.952,0.2096203884
281491.952,0.2096118015
281506.952,0.2096032157
281521.952,0.209594631
281536.952,0.2095860473
281551.952,0.2095774647
281566.952,0.2095688832
281581.952,0.2095603027
281596.952,0.2095517233
281611.952,0.209543145
281626.952,0.2095345678
281641.952,0.2095259916
281656.952,0.2095174165
281671.952,0.2095088425
281686.952,0.2095002696
281701.952,0.2094916977
281716.952,0.2094831269
281731.952,0.2094745572
281746.952,0.2094659885
281761.952,0.2094574209
281776.952,0.2094488544
281791.952,0.209440289
281806.952,0.2094317246
281821.952,0.2094231613
281836.952,0.2094145991
281851.952,0.2094060379
281866.952,0.2093974778
281881.952,0.2093889188
281896.952,0.2093803608
281911.952,0.209371804
281926.952,0.2093632481
281941.952,0.2093546934
281956.952,0.2093461397
281971.952,0.2093375871
281986.952,0.2093290356
282001.952,0.2093204851
282016.952,0.2093119357
282031.952,0.2093033873
282046.952,0.2092948401
282061.952,0.2092862939
282076.952,0.2092777487
282091.952,0.2092692046
282106.952,0.2092606616
282121.952,0.2092521197
282136.952,0.2092435788
282151.952,0.209235039
282166.952,0.2092265003
282181.952,0.2092179626
282196.952,0.209209426
282211.952,0.2092008904
282226.952,0.209192356
282241.952,0.2091838225
282256.952,0.2091752902
282271.952,0.2091667589
282286.952,0.2091582287
282301.952,0.2091496995
282316.952,0.2091411714
282331.952,0.2091326444
282346.952,0.2091241184
282361.952,0.2091155935
282376.952,0.2091070697
282391.952,0.2090985469
282406.952,0.2090900252
282421.952,0.2090815045
282436.952,0.2090729849
282451.952,0.2090644664
282466.952,0.2090559489
282481.952,0.2090474325
282496.952,0.2090389172
282511.952,0.2090304029
282526.952,0.2090218896
282541.952,0.2090133775
282556.952,0.2090048664
282571.952,0.2089963563
282586.952,0.2089878473
282601.952,0.2089793394
282616.952,0.2089708326
282631.952,0.2089623267
282646.952,0.208953822
282661.952,0.2089453183
282676.952,0.2089368157
282691.952,0.2089283141
282706.952,0.2089198136
282721.952,0.2089113142
282736.952,0.2089028158
282751.952,0.2088943184
282766.952,0.2088858222
282781.952,0.2088773269
282796.952,0.2088688328
282811.952,0.2088603397
282826.952,0.2088518476
282841.952,0.2088433566
282856.952,0.2088348667
282871.952,0.2088263778
282886.952,0.20881789
282901.952,0.2088094032
282916.952,0.2088009175
282931.952,0.2087924329
282946.952,0.2087839493
282961.952,0.2087754667
282976.952,0.2087669852
282991.952,0.2087585048
283006.952,0.2087500254
283021.952,0.2087415471
283036.952,0.2087330698
283051.952,0.2087245936
283066.952,0.2087161184
283081.952,0.2087076443
283096.952,0.2086991713
283111.952,0.2086906992
283126.952,0.2086822283
283141.952,0.2086737584
283156.952,0.2086652896
283171.952,0.2086568218
283186.952,0.208648355
283201.952,0.2086398893
283216.952,0.2086314247
283231.952,0.2086229611
283246.952,0.2086144986
283261.952,0.2086060371
283276.952,0.2085975767
283291.952,0.2085891173
283306.952,0.208580659
283321.952,0.2085722017
283336.952,0.2085637454
283351.952,0.2085552903
283366.952,0.2085468361
283381.952,0.2085383831
283396.952,0.208529931
283411.952,0.20852148
283426.952,0.2085130301
283441.952,0.2085045812
283456.952,0.2084961334
283471.952,0.2084876866
283486.952,0.2084792409
283501.952,0.2084707962
283516.952,0.2084623525
283531.952,0.20845391
283546.952,0.2084454684
283561.952,0.2084370279
283576.952,0.2084285885
283591.952,0.2084201501
283606.952,0.2084117127
283621.952,0.2084032764
283636.952,0.2083948411
283651.952,0.2083864069
283666.952,0.2083779737
283681.952,0.2083695416
283696.952,0.2083611105
283711.952,0.2083526805
283726.952,0.2083442515
283741.952,0.2083358236
283756.952,0.2083273967
283771.952,0.2083189708
283786.952,0.208310546
283801.952,0.2083021222
283816.952,0.2082936995
283831.952,0.2082852778
283846.952,0.2082768572
283861.952,0.2082684376
283876.952,0.208260019
283891.952,0.2082516015
283906.952,0.2082431851
283921.952,0.2082347697
283936.952,0.2082263553
283951.952,0.2082179419
283966.952,0.2082095296
283981.952,0.2082011184
283996.952,0.2081927082
284011.952,0.208184299
284026.952,0.2081758909
284041.952,0.2081674838
284056.952,0.2081590778
284071.952,0.2081506728
284086.952,0.2081422688
284101.952,0.2081338659
284116.952,0.208125464
284131.952,0.2081170631
284146.952,0.2081086633
284161.952,0.2081002646
284176.952,0.2080918669
284191.952,0.2080834702
284206.952,0.2080750745
284221.952,0.2080666799
284236.952,0.2080582864
284251.952,0.2080498938
284266.952,0.2080415023
284281.952,0.2080331119
284296.952,0.2080247225
284311.952,0.2080163341
284326.952,0.2080079467
284341.952,0.2079995604
284356.952,0.2079911752
284371.952,0.207982791
284386.952,0.2079744078
284401.952,0.2079660256
284416.952,0.2079576445
284431.952,0.2079492644
284446.952,0.2079408854
284461.952,0.2079325073
284476.952,0.2079241304
284491.952,0.2079157544
284506.952,0.2079073795
284521.952,0.2078990057
284536.952,0.2078906328
284551.952,0.207882261
284566.952,0.2078738902
284581.952,0.2078655205
284596.952,0.2078571518
284611.952,0.2078487842
284626.952,0.2078404175
284641.952,0.2078320519
284656.952,0.2078236874
284671.952,0.2078153238
284686.952,0.2078069613
284701.952,0.2077985999
284716.952,0.2077902394
284731.952,0.20778188
284746.952,0.2077735217
284761.952,0.2077651643
284776.952,0.207756808
284791.952,0.2077484528
284806.952,0.2077400985
284821.952,0.2077317453
284836.952,0.2077233931
284851.952,0.207715042
284866.952,0.2077066919
284881.952,0.2076983428
284896.952,0.2076899947
284911.952,0.2076816477
284926.952,0.2076733017
284941.952,0.2076649567
284956.952,0.2076566128
284971.952,0.2076482699
284986.952,0.207639928
285001.952,0.2076315871
285016.952,0.2076232473
285031.952,0.2076149085
285046.952,0.2076065707
285061.952,0.207598234
285076.952,0.2075898983
285091.952,0.2075815636
285106.952,0.20757323
285121.952,0.2075648973
285136.952,0.2075565657
285151.952,0.2075482352
285166.952,0.2075399056
285181.952,0.2075315771
285196.952,0.2075232496
285211.952,0.2075149231
285226.952,0.2075065977
285241.952,0.2074982733
285256.952,0.2074899499
285271.952,0.2074816275
285286.952,0.2074733062
285301.952,0.2074649859
285316.952,0.2074566666
285331.952,0.2074483483
285346.952,0.2074400311
285361.952,0.2074317149
285376.952,0.2074233997
285391.952,0.2074150855
285406.952,0.2074067724
285421.952,0.2073984602
285436.952,0.2073901491
285451.952,0.2073818391
285466.952,0.20737353
285481.952,0.207365222
285496.952,0.207356915
285511.952,0.207348609
285526.952,0.207340304
285541.952,0.2073320001
285556.952,0.2073236972
285571.952,0.2073153953
285586.952,0.2073070944
285601.952,0.2072987946
285616.952,0.2072904957
285631.952,0.2072821979
285646.952,0.2072739011
285661.952,0.2072656054
285676.952,0.2072573106
285691.952,0.2072490169
285706.952,0.2072407242
285721.952,0.2072324325
285736.952,0.2072241418
285751.952,0.2072158522
285766.952,0.2072075635
285781.952,0.2071992759
285796.952,0.2071909893
285811.952,0.2071827038
285826.952,0.2071744192
285841.952,0.2071661357
285856.952,0.2071578532
285871.952,0.2071495717
285886.952,0.2071412912
285901.952,0.2071330117
285916.952,0.2071247333
285931.952,0.2071164558
285946.952,0.2071081794
285961.952,0.207099904
285976.952,0.2070916296
285991.952,0.2070833563
286006.952,0.2070750839
286021.952,0.2070668126
286036.952,0.2070585423
286051.952,0.207050273
286066.952,0.2070420047
286081.952,0.2070337374
286096.952,0.2070254712
286111.952,0.2070172059
286126.952,0.2070089417
286141.952,0.2070006785
286156.952,0.2069924163
286171.952,0.2069841551
286186.952,0.2069758949
286201.952,0.2069676358
286216.952,0.2069593776
286231.952,0.2069511205
286246.952,0.2069428644
286261.952,0.2069346093
286276.952,0.2069263552
286291.952,0.2069181021
286306.952,0.2069098501
286321.952,0.206901599
286336.952,0.206893349
286351.952,0.2068851
286366.952,0.2068768519
286381.952,0.2068686049
286396.952,0.206860359
286411.952,0.206852114
286426.952,0.20684387
286441.952,0.206835627
286456.952,0.2068273851
286471.952,0.2068191442
286486.952,0.2068109042
286501.952,0.2068026653
286516.952,0.2067944274
286531.952,0.2067861905
286546.952,0.2067779546
286561.952,0.2067697197
286576.952,0.2067614859
286591.952,0.206753253
286606.952,0.2067450212
286621.952,0.2067367903
286636.952,0.2067285605
286651.952,0.2067203317
286666.952,0.2067121038
286681.952,0.206703877
286696.952,0.2066956512
286711.952,0.2066874264
286726.952,0.2066792026
286741.952,0.2066709799
286756.952,0.2066627581
286771.952,0.2066545373
286786.952,0.2066463175
286801.952,0.2066380988
286816.952,0.206629881
286831.952,0.2066216643
286846.952,0.2066134486
286861.952,0.2066052338
286876.952,0.2065970201
286891.952,0.2065888074
286906.952,0.2065805957
286921.952,0.206572385
286936.952,0.2065641753
286951.952,0.2065559666
286966.952,0.2065477589
286981.952,0.2065395522
286996.952,0.2065313465
287011.952,0.2065231418
287026.952,0.2065149381
287041.952,0.2065067354
287056.952,0.2064985338
287071.952,0.2064903331
287086.952,0.2064821334
287101.952,0.2064739347
287116.952,0.2064657371
287131.952,0.2064575404
287146.952,0.2064493448
287161.952,0.2064411501
287176.952,0.2064329564
287191.952,0.2064247638
287206.952,0.2064165721
287221.952,0.2064083815
287236.952,0.2064001918
287251.952,0.2063920032
287266.952,0.2063838155
287281.952,0.2063756289
287296.952,0.2063674432
287311.952,0.2063592586
287326.952,0.2063510749
287341.952,0.2063428923
287356.952,0.2063347106
287371.952,0.20632653
287386.952,0.2063183503
287401.952,0.2063101717
287416.952,0.206301994
287431.952,0.2062938174
287446.952,0.2062856417
287461.952,0.2062774671
287476.952,0.2062692934
287491.952,0.2062611207
287506.952,0.2062529491
287521.952,0.2062447784
287536.952,0.2062366087
287551.952,0.2062284401
287566.952,0.2062202724
287581.952,0.2062121057
287596.952,0.20620394
287611.952,0.2061957754
287626.952,0.2061876117
287641.952,0.206179449
287656.952,0.2061712873
287671.952,0.2061631266
287686.952,0.2061549669
287701.952,0.2061468082
287716.952,0.2061386504
287731.952,0.2061304937
287746.952,0.206122338
287761.952,0.2061141833
287776.952,0.2061060295
287791.952,0.2060978768
287806.952,0.206089725
287821.952,0.2060815743
287836.952,0.2060734245
287851.952,0.2060652758
287866.952,0.206057128
287881.952,0.2060489812
287896.952,0.2060408354
287911.952,0.2060326906
287926.952,0.2060245468
287941.952,0.206016404
287956.952,0.2060082622
287971.952,0.2060001214
287986.952,0.2059919815
288001.952,0.2059838427
288016.952,0.2059757049
288031.952,0.205967568
288046.952,0.2059594321
288061.952,0.2059512972
288076.952,0.2059431634
288091.952,0.2059350305
288106.952,0.2059268986
288121.952,0.2059187677
288136.952,0.2059106377
288151.952,0.2059025088
288166.952,0.2058943808
288181.952,0.2058862539
288196.952,0.2058781279
288211.952,0.205870003
288226.952,0.205861879
288241.952,0.205853756
288256.952,0.205845634
288271.952,0.2058375129
288286.952,0.2058293929
288301.952,0.2058212739
288316.952,0.2058131558
288331.952,0.2058050387
288346.952,0.2057969226
288361.952,0.2057888075
288376.952,0.2057806934
288391.952,0.2057725803
288406.952,0.2057644682
288421.952,0.205756357
288436.952,0.2057482469
288451.952,0.2057401377
288466.952,0.2057320295
288481.952,0.2057239223
288496.952,0.2057158161
288511.952,0.2057077109
288526.952,0.2056996066
288541.952,0.2056915034
288556.952,0.2056834011
288571.952,0.2056752998
288586.952,0.2056671995
288601.952,0.2056591002
288616.952,0.2056510018
288631.952,0.2056429045
288646.952,0.2056348081
288661.952,0.2056267127
288676.952,0.2056186183
288691.952,0.2056105249
288706.952,0.2056024325
288721.952,0.205594341
288736.952,0.2055862505
288751.952,0.2055781611
288766.952,0.2055700726
288781.952,0.205561985
288796.952,0.2055538985
288811.952,0.2055458129
288826.952,0.2055377284
288841.952,0.2055296448
288856.952,0.2055215622
288871.952,0.2055134805
288886.952,0.2055053999
288901.952,0.2054973202
288916.952,0.2054892415
288931.952,0.2054811638
288946.952,0.2054730871
288961.952,0.2054650113
288976.952,0.2054569366
288991.952,0.2054488628
289006.952,0.20544079
289021.952,0.2054327181
289036.952,0.2054246473
289051.952,0.2054165774
289066.952,0.2054085085
289081.952,0.2054004406
289096.952,0.2053923737
289111.952,0.2053843077
289126.952,0.2053762428
289141.952,0.2053681788
289156.952,0.2053601157
289171.952,0.2053520537
289186.952,0.2053439926
289201.952,0.2053359325
289216.952,0.2053278734
289231.952,0.2053198153
289246.952,0.2053117581
289261.952,0.205303702
289276.952,0.2052956467
289291.952,0.2052875925
289306.952,0.2052795393
289321.952,0.205271487
289336.952,0.2052634357
289351.952,0.2052553854
289366.952,0.205247336
289381.952,0.2052392876
289396.952,0.2052312402
289411.952,0.2052231938
289426.952,0.2052151484
289441.952,0.2052071039
289456.952,0.2051990604
289471.952,0.2051910179
289486.952,0.2051829763
289501.952,0.2051749357
289516.952,0.2051668961
289531.952,0.2051588575
289546.952,0.2051508198
289561.952,0.2051427831
289576.952,0.2051347474
289591.952,0.2051267127
289606.952,0.2051186789
289621.952,0.2051106461
289636.952,0.2051026143
289651.952,0.2050945835
289666.952,0.2050865536
289681.952,0.2050785247
289696.952,0.2050704967
289711.952,0.2050624698
289726.952,0.2050544438
289741.952,0.2050464187
289756.952,0.2050383947
289771.952,0.2050303716
289786.952,0.2050223495
289801.952,0.2050143284
289816.952,0.2050063082
289831.952,0.204998289
289846.952,0.2049902708
289861.952,0.2049822535
289876.952,0.2049742372
289891.952,0.2049662219
289906.952,0.2049582075
289921.952,0.2049501941
289936.952,0.2049421817
289951.952,0.2049341703
289966.952,0.2049261598
289981.952,0.2049181503
289996.952,0.2049101417
290011.952,0.2049021342
290026.952,0.2048941276
290041.952,0.2048861219
290056.952,0.2048781172
290071.952,0.2048701135
290086.952,0.2048621108
290101.952,0.204854109
290116.952,0.2048461082
290131.952,0.2048381084
290146.952,0.2048301095
290161.952,0.2048221116
290176.952,0.2048141147
290191.952,0.2048061187
290206.952,0.2047981237
290221.952,0.2047901296
290236.952,0.2047821365
290251.952,0.2047741444
290266.952,0.2047661533
290281.952,0.2047581631
290296.952,0.2047501739
290311.952,0.2047421856
290326.952,0.2047341983
290341.952,0.204726212
290356.952,0.2047182266
290371.952,0.2047102422
290386.952,0.2047022588
290401.952,0.2046942763
290416.952,0.2046862948
290431.952,0.2046783142
290446.952,0.2046703347
290461.952,0.204662356
290476.952,0.2046543784
290491.952,0.2046464017
290506.952,0.2046384259
290521.952,0.2046304512
290536.952,0.2046224773
290551.952,0.2046145045
290566.952,0.2046065326
290581.952,0.2045985617
290596.952,0.2045905917
290611.952,0.2045826227
290626.952,0.2045746547
290641.952,0.2045666876
290656.952,0.2045587214
290671.952,0.2045507563
290686.952,0.2045427921
290701.952,0.2045348288
290716.952,0.2045268665
290731.952,0.2045189052
290746.952,0.2045109448
290761.952,0.2045029854
290776.952,0.204495027
290791.952,0.2044870695
290806.952,0.2044791129
290821.952,0.2044711574
290836.952,0.2044632028
290851.952,0.2044552491
290866.952,0.2044472964
290881.952,0.2044393446
290896.952,0.2044313939
290911.952,0.204423444
290926.952,0.2044154952
290941.952,0.2044075472
290956.952,0.2043996003
290971.952,0.2043916543
290986.952,0.2043837092
291001.952,0.2043757651
291016.952,0.204367822
291031.952,0.2043598798
291046.952,0.2043519386
291061.952,0.2043439984
291076.952,0.204336059
291091.952,0.2043281207
291106.952,0.2043201833
291121.952,0.2043122468
291136.952,0.2043043114
291151.952,0.2042963768
291166.952,0.2042884432
291181.952,0.2042805106
291196.952,0.2042725789
291211.952,0.2042646482
291226.952,0.2042567185
291241.952,0.2042487896
291256.952,0.2042408618
291271.952,0.2042329349
291286.952,0.2042250089
291301.952,0.2042170839
291316.952,0.2042091599
291331.952,0.2042012368
291346.952,0.2041933146
291361.952,0.2041853935
291376.952,0.2041774732
291391.952,0.2041695539
291406.952,0.2041616356
291421.952,0.2041537182
291436.952,0.2041458018
291451.952,0.2041378863
291466.952,0.2041299718
291481.952,0.2041220582
291496.952,0.2041141456
291511.952,0.2041062339
291526.952,0.2040983232
291541.952,0.2040904134
291556.952,0.2040825045
291571.952,0.2040745967
291586.952,0.2040666897
291601.952,0.2040587838
291616.952,0.2040508787
291631.952,0.2040429746
291646.952,0.2040350715
291661.952,0.2040271693
291676.952,0.2040192681
291691.952,0.2040113678
291706.952,0.2040034685
291721.952,0.2039955701
291736.952,0.2039876726
291751.952,0.2039797761
291766.952,0.2039718806
291781.952,0.203963986
291796.952,0.2039560923
291811.952,0.2039481996
291826.952,0.2039403079
291841.952,0.2039324171
291856.952,0.2039245272
291871.952,0.2039166383
291886.952,0.2039087503
291901.952,0.2039008633
291916.952,0.2038929772
291931.952,0.2038850921
291946.952,0.2038772079
291961.952,0.2038693246
291976.952,0.2038614423
291991.952,0.203853561
292006.952,0.2038456806
292021.952,0.2038378011
292036.952,0.2038299226
292051.952,0.203822045
292066.952,0.2038141684
292081.952,0.2038062927
292096.952,0.2037984179
292111.952,0.2037905441
292126.952,0.2037826713
292141.952,0.2037747994
292156.952,0.2037669284
292171.952,0.2037590584
292186.952,0.2037511893
292201.952,0.2037433211
292216.952,0.2037354539
292231.952,0.2037275877
292246.952,0.2037197223
292261.952,0.203711858
292276.952,0.2037039945
292291.952,0.203696132
292306.952,0.2036882705
292321.952,0.2036804099
292336.952,0.2036725502
292351.952,0.2036646915
292366.952,0.2036568337
292381.952,0.2036489769
292396.952,0.203641121
292411.952,0.203633266
292426.952,0.203625412
292441.952,0.2036175589
292456.952,0.2036097067
292471.952,0.2036018555
292486.952,0.2035940053
292501.952,0.2035861559
292516.952,0.2035783075
292531.952,0.2035704601
292546.952,0.2035626136
292561.952,0.203554768
292576.952,0.2035469234
292591.952,0.2035390797
292606.952,0.2035312369
292621.952,0.2035233951
292636.952,0.2035155542
292651.952,0.2035077143
292666.952,0.2034998753
292681.952,0.2034920372
292696.952,0.2034842
292711.952,0.2034763638
292726.952,0.2034685286
292741.952,0.2034606943
292756.952,0.2034528609
292771.952,0.2034450284
292786.952,0.2034371969
292801.952,0.2034293663
292816.952,0.2034215367
292831.952,0.203413708
292846.952,0.2034058802
292861.952,0.2033980534
292876.952,0.2033902275
292891.952,0.2033824025
292906.952,0.2033745785
292921.952,0.2033667554
292936.952,0.2033589332
292951.952,0.203351112
292966.952,0.2033432917
292981.952,0.2033354723
292996.952,0.2033276539
293011.952,0.2033198364
293026.952,0.2033120198
293041.952,0.2033042042
293056.952,0.2032963895
293071.952,0.2032885757
293086.952,0.2032807629
293101.952,0.203272951
293116.952,0.20326514
293131.952,0.20325733
293146.952,0.2032495209
293161.952,0.2032417127
293176.952,0.2032339055
293191.952,0.2032260992
293206.952,0.2032182938
293221.952,0.2032104893
293236.952,0.2032026858
293251.952,0.2031948832
293266.952,0.2031870816
293281.952,0.2031792809
293296.952,0.2031714811
293311.952,0.2031636822
293326.952,0.2031558843
293341.952,0.2031480873
293356.952,0.2031402912
293371.952,0.2031324961
293386.952,0.2031247018
293401.952,0.2031169086
293416.952,0.2031091162
293431.952,0.2031013248
293446.952,0.2030935343
293461.952,0.2030857447
293476.952,0.2030779561
293491.952,0.2030701683
293506.952,0.2030623816
293521.952,0.2030545957
293536.952,0.2030468108
293551.952,0.2030390268
293566.952,0.2030312437
293581.952,0.2030234615
293596.952,0.2030156803
293611.952,0.2030079
293626.952,0.2030001207
293641.952,0.2029923422
293656.952,0.2029845647
293671.952,0.2029767881
293686.952,0.2029690124
293701.952,0.2029612377
293716.952,0.2029534639
293731.952,0.202945691
293746.952,0.202937919
293761.952,0.202930148
293776.952,0.2029223779
293791.952,0.2029146087
293806.952,0.2029068404
293821.952,0.2028990731
293836.952,0.2028913067
293851.952,0.2028835412
293866.952,0.2028757766
293881.952,0.202868013
293896.952,0.2028602503
293911.952,0.2028524885
293926.952,0.2028447276
293941.952,0.2028369677
293956.952,0.2028292086
293971.952,0.2028214505
293986.952,0.2028136934
294001.952,0.2028059371
294016.952,0.2027981818
294031.952,0.2027904273
294046.952,0.2027826739
294061.952,0.2027749213
294076.952,0.2027671696
294091.952,0.2027594189
294106.952,0.2027516691
294121.952,0.2027439202
294136.952,0.2027361723
294151.952,0.2027284252
294166.952,0.2027206791
294181.952,0.2027129339
294196.952,0.2027051896
294211.952,0.2026974463
294226.952,0.2026897038
294241.952,0.2026819623
294256.952,0.2026742217
294271.952,0.202666482
294286.952,0.2026587433
294301.952,0.2026510054
294316.952,0.2026432685
294331.952,0.2026355325
294346.952,0.2026277974
294361.952,0.2026200632
294376.952,0.20261233
294391.952,0.2026045976
294406.952,0.2025968662
294421.952,0.2025891357
294436.952,0.2025814062
294451.952,0.2025736775
294466.952,0.2025659498
294481.952,0.2025582229
294496.952,0.202550497
294511.952,0.202542772
294526.952,0.202535048
294541.952,0.2025273248
294556.952,0.2025196026
294571.952,0.2025118812
294586.952,0.2025041608
294601.952,0.2024964413
294616.952,0.2024887228
294631.952,0.2024810051
294646.952,0.2024732883
294661.952,0.2024655725
294676.952,0.2024578576
294691.952,0.2024501436
294706.952,0.2024424305
294721.952,0.2024347183
294736.952,0.2024270071
294751.952,0.2024192967
294766.952,0.2024115873
294781.952,0.2024038788
294796.952,0.2023961712
294811.952,0.2023884645
294826.952,0.2023807587
294841.952,0.2023730539
294856.952,0.2023653499
294871.952,0.2023576469
294886.952,0.2023499448
294901.952,0.2023422436
294916.952,0.2023345433
294931.952,0.2023268439
294946.952,0.2023191454
294961.952,0.2023114478
294976.952,0.2023037512
294991.952,0.2022960555
295006.952,0.2022883606
295021.952,0.2022806667
295036.952,0.2022729737
295051.952,0.2022652816
295066.952,0.2022575904
295081.952,0.2022499002
295096.952,0.2022422108
295111.952,0.2022345224
295126.952,0.2022268348
295141.952,0.2022191482
295156.952,0.2022114625
295171.952,0.2022037777
295186.952,0.2021960938
295201.952,0.2021884108
295216.952,0.2021807287
295231.952,0.2021730475
295246.952,0.2021653672
295261.952,0.2021576879
295276.952,0.2021500094
295291.952,0.2021423319
295306.952,0.2021346553
295321.952,0.2021269796
295336.952,0.2021193047
295351.952,0.2021116308
295366.952,0.2021039578
295381.952,0.2020962857
295396.952,0.2020886146
295411.952,0.2020809443
295426.952,0.2020732749
295441.952,0.2020656065
295456.952,0.2020579389
295471.952,0.2020502722
295486.952,0.2020426065
295501.952,0.2020349417
295516.952,0.2020272777
295531.952,0.2020196147
295546.952,0.2020119526
295561.952,0.2020042914
295576.952,0.2019966311
295591.952,0.2019889717
295606.952,0.2019813132
295621.952,0.2019736556
295636.952,0.2019659989
295651.952,0.2019583431
295666.952,0.2019506882
295681.952,0.2019430342
295696.952,0.2019353812
295711.952,0.201927729
295726.952,0.2019200777
295741.952,0.2019124274
295756.952,0.2019047779
295771.952,0.2018971294
295786.952,0.2018894817
295801.952,0.201881835
295816.952,0.2018741891
295831.952,0.2018665442
295846.952,0.2018589001
295861.952,0.201851257
295876.952,0.2018436148
295891.952,0.2018359734
295906.952,0.201828333
295921.952,0.2018206935
295936.952,0.2018130548
295951.952,0.2018054171
295966.952,0.2017977803
295981.952,0.2017901444
295996.952,0.2017825093
296011.952,0.2017748752
296026.952,0.201767242
296041.952,0.2017596097
296056.952,0.2017519782
296071.952,0.2017443477
296086.952,0.2017367181
296101.952,0.2017290894
296116.952,0.2017214616
296131.952,0.2017138346
296146.952,0.2017062086
296161.952,0.2016985835
296176.952,0.2016909593
296191.952,0.2016833359
296206.952,0.2016757135
296221.952,0.201668092
296236.952,0.2016604713
296251.952,0.2016528516
296266.952,0.2016452328
296281.952,0.2016376148
296296.952,0.2016299978
296311.952,0.2016223816
296326.952,0.2016147664
296341.952,0.201607152
296356.952,0.2015995386
296371.952,0.201591926
296386.952,0.2015843144
296401.952,0.2015767036
296416.952,0.2015690938
296431.952,0.2015614848
296446.952,0.2015538767
296461.952,0.2015462695
296476.952,0.2015386633
296491.952,0.2015310579
296506.952,0.2015234534
296521.952,0.2015158498
296536.952,0.2015082471
296551.952,0.2015006453
296566.952,0.2014930444
296581.952,0.2014854444
296596.952,0.2014778452
296611.952,0.201470247
296626.952,0.2014626497
296641.952,0.2014550532
296656.952,0.2014474577
296671.952,0.201439863
296686.952,0.2014322693
296701.952,0.2014246764
296716.952,0.2014170845
296731.952,0.2014094934
296746.952,0.2014019032
296761.952,0.2013943139
296776.952,0.2013867255
296791.952,0.201379138
296806.952,0.2013715514
296821.952,0.2013639657
296836.952,0.2013563808
296851.952,0.2013487969
296866.952,0.2013412138
296881.952,0.2013336317
296896.952,0.2013260504
296911.952,0.20131847
296926.952,0.2013108906
296941.952,0.201303312
296956.952,0.2012957343
296971.952,0.2012881575
296986.952,0.2012805815
297001.952,0.2012730065
297016.952,0.2012654324
297031.952,0.2012578591
297046.952,0.2012502868
297061.952,0.2012427153
297076.952,0.2012351447
297091.952,0.201227575
297106.952,0.2012200062
297121.952,0.2012124383
297136.952,0.2012048713
297151.952,0.2011973051
297166.952,0.2011897399
297181.952,0.2011821755
297196.952,0.2011746121
297211.952,0.2011670495
297226.952,0.2011594878
297241.952,0.201151927
297256.952,0.2011443671
297271.952,0.201136808
297286.952,0.2011292499
297301.952,0.2011216926
297316.952,0.2011141362
297331.952,0.2011065808
297346.952,0.2010990262
297361.952,0.2010914725
297376.952,0.2010839196
297391.952,0.2010763677
297406.952,0.2010688166
297421.952,0.2010612665
297436.952,0.2010537172
297451.952,0.2010461688
297466.952,0.2010386213
297481.952,0.2010310747
297496.952,0.2010235289
297511.952,0.2010159841
297526.952,0.2010084401
297541.952,0.201000897
297556.952,0.2009933548
297571.952,0.2009858135
297586.952,0.200978273
297601.952,0.2009707335
297616.952,0.2009631948
297631.952,0.200955657
297646.952,0.2009481202
297661.952,0.2009405841
297676.952,0.200933049
297691.952,0.2009255148
297706.952,0.2009179814
297721.952,0.2009104489
297736.952,0.2009029173
297751.952,0.2008953866
297766.952,0.2008878567
297781.952,0.2008803278
297796.952,0.2008727997
297811.952,0.2008652725
297826.952,0.2008577462
297841.952,0.2008502208
297856.952,0.2008426962
297871.952,0.2008351726
297886.952,0.2008276498
297901.952,0.2008201279
297916.952,0.2008126069
297931.952,0.2008050867
297946.952,0.2007975675
297961.952,0.2007900491
297976.952,0.2007825316
297991.952,0.200775015
298006.952,0.2007674992
298021.952,0.2007599844
298036.952,0.2007524704
298051.952,0.2007449573
298066.952,0.200737445
298081.952,0.2007299337
298096.952,0.2007224232
298111.952,0.2007149136
298126.952,0.2007074049
298141.952,0.2006998971
298156.952,0.2006923901
298171.952,0.2006848841
298186.952,0.2006773789
298201.952,0.2006698745
298216.952,0.2006623711
298231.952,0.2006548685
298246.952,0.2006473669
298261.952,0.200639866
298276.952,0.2006323661
298291.952,0.2006248671
298306.952,0.2006173689
298321.952,0.2006098716
298336.952,0.2006023751
298351.952,0.2005948796
298366.952,0.2005873849
298381.952,0.2005798911
298396.952,0.2005723982
298411.952,0.2005649061
298426.952,0.200557415
298441.952,0.2005499247
298456.952,0.2005424353
298471.952,0.2005349467
298486.952,0.200527459
298501.952,0.2005199722
298516.952,0.2005124863
298531.952,0.2005050013
298546.952,0.2004975171
298561.952,0.2004900338
298576.952,0.2004825514
298591.952,0.2004750698
298606.952,0.2004675891
298621.952,0.2004601093
298636.952,0.2004526304
298651.952,0.2004451523
298666.952,0.2004376751
298681.952,0.2004301988
298696.952,0.2004227234
298711.952,0.2004152488
298726.952,0.2004077751
298741.952,0.2004003023
298756.952,0.2003928303
298771.952,0.2003853593
298786.952,0.2003778891
298801.952,0.2003704197
298816.952,0.2003629513
298831.952,0.2003554837
298846.952,0.2003480169
298861.952,0.2003405511
298876.952,0.2003330861
298891.952,0.200325622
298906.952,0.2003181588
298921.952,0.2003106964
298936.952,0.2003032349
298951.952,0.2002957743
298966.952,0.2002883145
298981.952,0.2002808556
298996.952,0.2002733976
299011.952,0.2002659404
299026.952,0.2002584841
299041.952,0.2002510287
299056.952,0.2002435742
299071.952,0.2002361205
299086.952,0.2002286677
299101.952,0.2002212158
299116.952,0.2002137647
299131.952,0.2002063145
299146.952,0.2001988652
299161.952,0.2001914167
299176.952,0.2001839691
299191.952,0.2001765224
299206.952,0.2001690765
299221.952,0.2001616315
299236.952,0.2001541874
299251.952,0.2001467441
299266.952,0.2001393017
299281.952,0.2001318602
299296.952,0.2001244195
299311.952,0.2001169797
299326.952,0.2001095408
299341.952,0.2001021028
299356.952,0.2000946656
299371.952,0.2000872292
299386.952,0.2000797938
299401.952,0.2000723592
299416.952,0.2000649254
299431.952,0.2000574926
299446.952,0.2000500606
299461.952,0.2000426294
299476.952,0.2000351991
299491.952,0.2000277697
299506.952,0.2000203412
299521.952,0.2000129135
299536.952,0.2000054867
299551.952,0.1999980607
299566.952,0.1999906356
299581.952,0.1999832114
299596.952,0.1999757881
299611.952,0.1999683656
299626.952,0.1999609439
299641.952,0.1999535231
299656.952,0.1999461032
299671.952,0.1999386842
299686.952,0.199931266
299701.952,0.1999238487
299716.952,0.1999164322
299731.952,0.1999090166
299746.952,0.1999016019
299761.952,0.199894188
299776.952,0.199886775
299791.952,0.1998793628
299806.952,0.1998719516
299821.952,0.1998645411
299836.952,0.1998571316
299851.952,0.1998497229
299866.952,0.199842315
299881.952,0.199834908
299896.952,0.1998275019
299911.952,0.1998200966
299926.952,0.1998126922
299941.952,0.1998052887
299956.952,0.199797886
299971.952,0.1997904842
299986.952,0.1997830832
300001.952,0.1997756831
300016.952,0.1997682839
300031.952,0.1997608855
300046.952,0.1997534879
300061.952,0.1997460913
300076.952,0.1997386955
300091.952,0.1997313005
300106.952,0.1997239064
300121.952,0.1997165132
300136.952,0.1997091208
300151.952,0.1997017293
300166.952,0.1996943386
300181.952,0.1996869488
300196.952,0.1996795599
300211.952,0.1996721718
300226.952,0.1996647846
300241.952,0.1996573982
300256.952,0.1996500127
300271.952,0.199642628
300286.952,0.1996352442
300301.952,0.1996278612
300316.952,0.1996204792
300331.952,0.1996130979
300346.952,0.1996057175
300361.952,0.199598338
300376.952,0.1995909593
300391.952,0.1995835815
300406.952,0.1995762046
300421.952,0.1995688285
300436.952,0.1995614532
300451.952,0.1995540788
300466.952,0.1995467053
300481.952,0.1995393326
300496.952,0.1995319608
300511.952,0.1995245898
300526.952,0.1995172197
300541.952,0.1995098504
300556.952,0.199502482
300571.952,0.1994951144
300586.952,0.1994877477
300601.952,0.1994803819
300616.952,0.1994730169
300631.952,0.1994656527
300646.952,0.1994582894
300661.952,0.199450927
300676.952,0.1994435654
300691.952,0.1994362047
300706.952,0.1994288448
300721.952,0.1994214858
300736.952,0.1994141276
300751.952,0.1994067703
300766.952,0.1993994138
300781.952,0.1993920582
300796.952,0.1993847034
300811.952,0.1993773495
300826.952,0.1993699964
300841.952,0.1993626442
300856.952,0.1993552928
300871.952,0.1993479423
300886.952,0.1993405927
300901.952,0.1993332438
300916.952,0.1993258959
300931.952,0.1993185488
300946.952,0.1993112025
300961.952,0.1993038571
300976.952,0.1992965125
300991.952,0.1992891688
301006.952,0.1992818259
301021.952,0.1992744839
301036.952,0.1992671428
301051.952,0.1992598024
301066.952,0.199252463
301081.952,0.1992451243
301096.952,0.1992377866
301111.952,0.1992304496
301126.952,0.1992231136
301141.952,0.1992157783
301156.952,0.199208444
301171.952,0.1992011104
301186.952,0.1991937777
301201.952,0.1991864459
301216.952,0.1991791149
301231.952,0.1991717848
301246.952,0.1991644555
301261.952,0.199157127
301276.952,0.1991497994
301291.952,0.1991424727
301306.952,0.1991351468
301321.952,0.1991278217
301336.952,0.1991204975
301351.952,0.1991131741
301366.952,0.1991058516
301381.952,0.1990985299
301396.952,0.1990912091
301411.952,0.1990838891
301426.952,0.19907657
301441.952,0.1990692517
301456.952,0.1990619342
301471.952,0.1990546176
301486.952,0.1990473018
301501.952,0.1990399869
301516.952,0.1990326728
301531.952,0.1990253596
301546.952,0.1990180472
301561.952,0.1990107357
301576.952,0.199003425
301591.952,0.1989961151
301606.952,0.1989888061
301621.952,0.198981498
301636.952,0.1989741906
301651.952,0.1989668842
301666.952,0.1989595785
301681.952,0.1989522737
301696.952,0.1989449698
301711.952,0.1989376667
301726.952,0.1989303644
301741.952,0.198923063
301756.952,0.1989157624
301771.952,0.1989084626
301786.952,0.1989011637
301801.952,0.1988938657
301816.952,0.1988865685
301831.952,0.1988792721
301846.952,0.1988719766
301861.952,0.1988646819
301876.952,0.198857388
301891.952,0.198850095
301906.952,0.1988428028
301921.952,0.1988355115
301936.952,0.198828221
301951.952,0.1988209314
301966.952,0.1988136425
301981.952,0.1988063546
301996.952,0.1987990674
302011.952,0.1987917812
302026.952,0.1987844957
302041.952,0.1987772111
302056.952,0.1987699273
302071.952,0.1987626444
302086.952,0.1987553623
302101.952,0.198748081
302116.952,0.1987408006
302131.952,0.198733521
302146.952,0.1987262423
302161.952,0.1987189644
302176.952,0.1987116873
302191.952,0.1987044111
302206.952,0.1986971357
302221.952,0.1986898612
302236.952,0.1986825874
302251.952,0.1986753146
302266.952,0.1986680425
302281.952,0.1986607713
302296.952,0.1986535009
302311.952,0.1986462314
302326.952,0.1986389627
302341.952,0.1986316949
302356.952,0.1986244278
302371.952,0.1986171617
302386.952,0.1986098963
302401.952,0.1986026318
302416.952,0.1985953681
302431.952,0.1985881053
302446.952,0.1985808433
302461.952,0.1985735821
302476.952,0.1985663218
302491.952,0.1985590623
302506.952,0.1985518036
302521.952,0.1985445458
302536.952,0.1985372888
302551.952,0.1985300326
302566.952,0.1985227773
302581.952,0.1985155228
302596.952,0.1985082691
302611.952,0.1985010163
302626.952,0.1984937643
302641.952,0.1984865131
302656.952,0.1984792628
302671.952,0.1984720133
302686.952,0.1984647646
302701.952,0.1984575168
302716.952,0.1984502698
302731.952,0.1984430236
302746.952,0.1984357783
302761.952,0.1984285338
302776.952,0.1984212902
302791.952,0.1984140473
302806.952,0.1984068053
302821.952,0.1983995641
302836.952,0.1983923238
302851.952,0.1983850843
302866.952,0.1983778456
302881.952,0.1983706078
302896.952,0.1983633708
302911.952,0.1983561346
302926.952,0.1983488992
302941.952,0.1983416647
302956.952,0.198334431
302971.952,0.1983271981
302986.952,0.1983199661
303001.952,0.1983127349
303016.952,0.1983055045
303031.952,0.198298275
303046.952,0.1982910463
303061.952,0.1982838184
303076.952,0.1982765914
303091.952,0.1982693651
303106.952,0.1982621397
303121.952,0.1982549152
303136.952,0.1982476914
303151.952,0.1982404685
303166.952,0.1982332464
303181.952,0.1982260252
303196.952,0.1982188048
303211.952,0.1982115852
303226.952,0.1982043664
303241.952,0.1981971485
303256.952,0.1981899313
303271.952,0.1981827151
303286.952,0.1981754996
303301.952,0.198168285
303316.952,0.1981610712
303331.952,0.1981538582
303346.952,0.198146646
303361.952,0.1981394347
303376.952,0.1981322242
303391.952,0.1981250145
303406.952,0.1981178057
303421.952,0.1981105977
303436.952,0.1981033905
303451.952,0.1980961841
303466.952,0.1980889786
303481.952,0.1980817738
303496.952,0.19807457
303511.952,0.1980673669
303526.952,0.1980601646
303541.952,0.1980529632
303556.952,0.1980457626
303571.952,0.1980385629
303586.952,0.1980313639
303601.952,0.1980241658
303616.952,0.1980169685
303631.952,0.198009772
303646.952,0.1980025764
303661.952,0.1979953816
303676.952,0.1979881876
303691.952,0.1979809944
303706.952,0.197973802
303721.952,0.1979666105
303736.952,0.1979594198
303751.952,0.1979522299
303766.952,0.1979450409
303781.952,0.1979378526
303796.952,0.1979306652
303811.952,0.1979234786
303826.952,0.1979162928
303841.952,0.1979091079
303856.952,0.1979019238
303871.952,0.1978947404
303886.952,0.197887558
303901.952,0.1978803763
303916.952,0.1978731955
303931.952,0.1978660154
303946.952,0.1978588362
303961.952,0.1978516579
303976.952,0.1978444803
303991.952,0.1978373036
304006.952,0.1978301276
304021.952,0.1978229525
304036.952,0.1978157783
304051.952,0.1978086048
304066.952,0.1978014322
304081.952,0.1977942604
304096.952,0.1977870894
304111.952,0.1977799192
304126.952,0.1977727498
304141.952,0.1977655813
304156.952,0.1977584136
304171.952,0.1977512467
304186.952,0.1977440806
304201.952,0.1977369153
304216.952,0.1977297509
304231.952,0.1977225872
304246.952,0.1977154244
304261.952,0.1977082624
304276.952,0.1977011013
304291.952,0.1976939409
304306.952,0.1976867814
304321.952,0.1976796226
304336.952,0.1976724647
304351.952,0.1976653076
304366.952,0.1976581514
304381.952,0.1976509959
304396.952,0.1976438413
304411.952,0.1976366875
304426.952,0.1976295345
304441.952,0.1976223823
304456.952,0.1976152309
304471.952,0.1976080804
304486.952,0.1976009306
304501.952,0.1975937817
304516.952,0.1975866336
304531.952,0.1975794863
304546.952,0.1975723398
304561.952,0.1975651942
304576.952,0.1975580493
304591.952,0.1975509053
304606.952,0.1975437621
304621.952,0.1975366197
304636.952,0.1975294781
304651.952,0.1975223373
304666.952,0.1975151973
304681.952,0.1975080582
304696.952,0.1975009199
304711.952,0.1974937824
304726.952,0.1974866457
304741.952,0.1974795098
304756.952,0.1974723747
304771.952,0.1974652404
304786.952,0.197458107
304801.952,0.1974509743
304816.952,0.1974438425
304831.952,0.1974367115
304846.952,0.1974295813
304861.952,0.1974224519
304876.952,0.1974153233
304891.952,0.1974081956
304906.952,0.1974010686
304921.952,0.1973939425
304936.952,0.1973868172
304951.952,0.1973796927
304966.952,0.197372569
304981.952,0.1973654461
304996.952,0.197358324
305011.952,0.1973512027
305026.952,0.1973440823
305041.952,0.1973369626
305056.952,0.1973298438
305071.952,0.1973227257
305086.952,0.1973156085
305101.952,0.1973084921
305116.952,0.1973013765
305131.952,0.1972942617
305146.952,0.1972871478
305161.952,0.1972800346
305176.952,0.1972729222
305191.952,0.1972658107
305206.952,0.1972586999
305221.952,0.19725159
305236.952,0.1972444809
305251.952,0.1972373726
305266.952,0.1972302651
305281.952,0.1972231584
305296.952,0.1972160525
305311.952,0.1972089474
305326.952,0.1972018431
305341.952,0.1971947397
305356.952,0.197187637
305371.952,0.1971805352
305386.952,0.1971734341
305401.952,0.1971663339
305416.952,0.1971592345
305431.952,0.1971521359
305446.952,0.1971450381
305461.952,0.1971379411
305476.952,0.1971308449
305491.952,0.1971237495
305506.952,0.1971166549
305521.952,0.1971095611
305536.952,0.1971024681
305551.952,0.197095376
305566.952,0.1970882846
305581.952,0.197081194
305596.952,0.1970741043
305611.952,0.1970670154
305626.952,0.1970599272
305641.952,0.1970528399
305656.952,0.1970457534
305671.952,0.1970386676
305686.952,0.1970315827
305701.952,0.1970244986
305716.952,0.1970174153
305731.952,0.1970103328
305746.952,0.1970032511
305761.952,0.1969961702
305776.952,0.1969890901
305791.952,0.1969820108
305806.952,0.1969749323
305821.952,0.1969678547
305836.952,0.1969607778
305851.952,0.1969537017
305866.952,0.1969466264
305881.952,0.196939552
305896.952,0.1969324783
305911.952,0.1969254054
305926.952,0.1969183334
305941.952,0.1969112621
305956.952,0.1969041917
305971.952,0.196897122
305986.952,0.1968900532
306001.952,0.1968829851
306016.952,0.1968759179
306031.952,0.1968688514
306046.952,0.1968617858
306061.952,0.1968547209
306076.952,0.1968476569
306091.952,0.1968405936
306106.952,0.1968335312
306121.952,0.1968264696
306136.952,0.1968194087
306151.952,0.1968123487
306166.952,0.1968052894
306181.952,0.196798231
306196.952,0.1967911734
306211.952,0.1967841165
306226.952,0.1967770605
306241.952,0.1967700053
306256.952,0.1967629508
306271.952,0.1967558972
306286.952,0.1967488443
306301.952,0.1967417923
306316.952,0.1967347411
306331.952,0.1967276906
306346.952,0.196720641
306361.952,0.1967135921
306376.952,0.1967065441
306391.952,0.1966994968
306406.952,0.1966924504
306421.952,0.1966854047
306436.952,0.1966783599
306451.952,0.1966713158
306466.952,0.1966642726
306481.952,0.1966572301
306496.952,0.1966501884
306511.952,0.1966431476
306526.952,0.1966361075
306541.952,0.1966290682
306556.952,0.1966220297
306571.952,0.1966149921
306586.952,0.1966079552
306601.952,0.1966009191
306616.952,0.1965938838
306631.952,0.1965868493
306646.952,0.1965798156
306661.952,0.1965727827
306676.952,0.1965657506
306691.952,0.1965587193
306706.952,0.1965516888
306721.952,0.1965446591
306736.952,0.1965376301
306751.952,0.196530602
306766.952,0.1965235747
306781.952,0.1965165481
306796.952,0.1965095224
306811.952,0.1965024974
306826.952,0.1964954733
306841.952,0.1964884499
306856.952,0.1964814273
306871.952,0.1964744056
306886.952,0.1964673846
306901.952,0.1964603644
306916.952,0.196453345
306931.952,0.1964463264
306946.952,0.1964393086
306961.952,0.1964322916
306976.952,0.1964252754
306991.952,0.1964182599
307006.952,0.1964112453
307021.952,0.1964042314
307036.952,0.1963972184
307051.952,0.1963902061
307066.952,0.1963831947
307081.952,0.196376184
307096.952,0.1963691741
307111.952,0.196362165
307126.952,0.1963551567
307141.952,0.1963481492
307156.952,0.1963411425
307171.952,0.1963341366
307186.952,0.1963271315
307201.952,0.1963201271
307216.952,0.1963131236
307231.952,0.1963061208
307246.952,0.1962991188
307261.952,0.1962921177
307276.952,0.1962851173
307291.952,0.1962781177
307306.952,0.1962711189
307321.952,0.1962641208
307336.952,0.1962571236
307351.952,0.1962501272
307366.952,0.1962431315
307381.952,0.1962361367
307396.952,0.1962291426
307411.952,0.1962221493
307426.952,0.1962151568
307441.952,0.1962081651
307456.952,0.1962011742
307471.952,0.1961941841
307486.952,0.1961871947
307501.952,0.1961802062
307516.952,0.1961732184
307531.952,0.1961662314
307546.952,0.1961592452
307561.952,0.1961522598
307576.952,0.1961452752
307591.952,0.1961382914
307606.952,0.1961313084
307621.952,0.1961243261
307636.952,0.1961173447
307651.952,0.196110364
307666.952,0.1961033841
307681.952,0.196096405
307696.952,0.1960894267
307711.952,0.1960824492
307726.952,0.1960754724
307741.952,0.1960684965
307756.952,0.1960615213
307771.952,0.1960545469
307786.952,0.1960475733
307801.952,0.1960406005
307816.952,0.1960336285
307831.952,0.1960266572
307846.952,0.1960196868
307861.952,0.1960127171
307876.952,0.1960057482
307891.952,0.1959987801
307906.952,0.1959918128
307921.952,0.1959848463
307936.952,0.1959778805
307951.952,0.1959709155
307966.952,0.1959639514
307981.952,0.195956988
307996.952,0.1959500253
308011.952,0.1959430635
308026.952,0.1959361025
308041.952,0.1959291422
308056.952,0.1959221827
308071.952,0.195915224
308086.952,0.1959082661
308101.952,0.195901309
308116.952,0.1958943527
308131.952,0.1958873971
308146.952,0.1958804423
308161.952,0.1958734883
308176.952,0.1958665351
308191.952,0.1958595827
308206.952,0.195852631
308221.952,0.1958456801
308236.952,0.19583873
308251.952,0.1958317807
308266.952,0.1958248322
308281.952,0.1958178845
308296.952,0.1958109375
308311.952,0.1958039913
308326.952,0.1957970459
308341.952,0.1957901013
308356.952,0.1957831575
308371.952,0.1957762144
308386.952,0.1957692721
308401.952,0.1957623306
308416.952,0.1957553899
308431.952,0.19574845
308446.952,0.1957415108
308461.952,0.1957345724
308476.952,0.1957276348
308491.952,0.195720698
308506.952,0.195713762
308521.952,0.1957068267
308536.952,0.1956998922
308551.952,0.1956929585
308566.952,0.1956860256
308581.952,0.1956790935
308596.952,0.1956721621
308611.952,0.1956652315
308626.952,0.1956583017
308641.952,0.1956513727
308656.952,0.1956444444
308671.952,0.1956375169
308686.952,0.1956305902
308701.952,0.1956236643
308716.952,0.1956167392
308731.952,0.1956098148
308746.952,0.1956028912
308761.952,0.1955959684
308776.952,0.1955890464
308791.952,0.1955821251
308806.952,0.1955752046
308821.952,0.1955682849
308836.952,0.195561366
308851.952,0.1955544478
308866.952,0.1955475305
308881.952,0.1955406139
308896.952,0.195533698
308911.952,0.195526783
308926.952,0.1955198687
308941.952,0.1955129552
308956.952,0.1955060425
308971.952,0.1954991306
308986.952,0.1954922194
309001.952,0.195485309
309016.952,0.1954783994
309031.952,0.1954714905
309046.952,0.1954645825
309061.952,0.1954576752
309076.952,0.1954507686
309091.952,0.1954438629
309106.952,0.1954369579
309121.952,0.1954300537
309136.952,0.1954231503
309151.952,0.1954162476
309166.952,0.1954093458
309181.952,0.1954024447
309196.952,0.1953955443
309211.952,0.1953886448
309226.952,0.195381746
309241.952,0.195374848
309256.952,0.1953679507
309271.952,0.1953610542
309286.952,0.1953541586
309301.952,0.1953472636
309316.952,0.1953403695
309331.952,0.1953334761
309346.952,0.1953265835
309361.952,0.1953196917
309376.952,0.1953128006
309391.952,0.1953059103
309406.952,0.1952990208
309421.952,0.195292132
309436.952,0.1952852441
309451.952,0.1952783568
309466.952,0.1952714704
309481.952,0.1952645847
309496.952,0.1952576998
309511.952,0.1952508157
309526.952,0.1952439324
309541.952,0.1952370498
309556.952,0.195230168
309571.952,0.1952232869
309586.952,0.1952164067
309601.952,0.1952095272
309616.952,0.1952026484
309631.952,0.1951957705
309646.952,0.1951888933
309661.952,0.1951820168
309676.952,0.1951751412
309691.952,0.1951682663
309706.952,0.1951613922
309721.952,0.1951545188
309736.952,0.1951476462
309751.952,0.1951407744
309766.952,0.1951339034
309781.952,0.1951270331
309796.952,0.1951201636
309811.952,0.1951132949
309826.952,0.1951064269
309841.952,0.1950995597
309856.952,0.1950926932
309871.952,0.1950858276
309886.952,0.1950789627
309901.952,0.1950720985
309916.952,0.1950652352
309931.952,0.1950583726
309946.952,0.1950515107
309961.952,0.1950446497
309976.952,0.1950377894
309991.952,0.1950309298
310006.952,0.1950240711
310021.952,0.1950172131
310036.952,0.1950103558
310051.952,0.1950034993
310066.952,0.1949966436
310081.952,0.1949897887
310096.952,0.1949829345
310111.952,0.1949760811
310126.952,0.1949692285
310141.952,0.1949623766
310156.952,0.1949555255
310171.952,0.1949486751
310186.952,0.1949418255
310201.952,0.1949349767
310216.952,0.1949281287
310231.952,0.1949212814
310246.952,0.1949144349
310261.952,0.1949075891
310276.952,0.1949007441
310291.952,0.1948938999
310306.952,0.1948870564
310321.952,0.1948802137
310336.952,0.1948733717
310351.952,0.1948665306
310366.952,0.1948596901
310381.952,0.1948528505
310396.952,0.1948460116
310411.952,0.1948391735
310426.952,0.1948323361
310441.952,0.1948254995
310456.952,0.1948186636
310471.952,0.1948118286
310486.952,0.1948049942
310501.952,0.1947981607
310516.952,0.1947913279
310531.952,0.1947844959
310546.952,0.1947776646
310561.952,0.1947708341
310576.952,0.1947640043
310591.952,0.1947571754
310606.952,0.1947503471
310621.952,0.1947435197
310636.952,0.194736693
310651.952,0.194729867
310666.952,0.1947230418
310681.952,0.1947162174
310696.952,0.1947093938
310711.952,0.1947025709
310726.952,0.1946957487
310741.952,0.1946889273
310756.952,0.1946821067
310771.952,0.1946752869
310786.952,0.1946684678
310801.952,0.1946616494
310816.952,0.1946548318
310831.952,0.194648015
310846.952,0.1946411989
310861.952,0.1946343836
310876.952,0.1946275691
310891.952,0.1946207553
310906.952,0.1946139423
310921.952,0.19460713
310936.952,0.1946003185
310951.952,0.1945935077
310966.952,0.1945866977
310981.952,0.1945798885
310996.952,0.19457308
311011.952,0.1945662723
311026.952,0.1945594653
311041.952,0.1945526591
311056.952,0.1945458537
311071.952,0.194539049
311086.952,0.194532245
311101.952,0.1945254418
311116.952,0.1945186394
311131.952,0.1945118378
311146.952,0.1945050368
311161.952,0.1944982367
311176.952,0.1944914373
311191.952,0.1944846386
311206.952,0.1944778408
311221.952,0.1944710436
311236.952,0.1944642473
311251.952,0.1944574516
311266.952,0.1944506568
311281.952,0.1944438627
311296.952,0.1944370693
311311.952,0.1944302767
311326.952,0.1944234849
311341.952,0.1944166938
311356.952,0.1944099035
311371.952,0.1944031139
311386.952,0.1943963251
311401.952,0.194389537
311416.952,0.1943827497
311431.952,0.1943759631
311446.952,0.1943691773
311461.952,0.1943623922
311476.952,0.1943556079
311491.952,0.1943488244
311506.952,0.1943420416
311521.952,0.1943352596
311536.952,0.1943284783
311551.952,0.1943216977
311566.952,0.194314918
311581.952,0.1943081389
311596.952,0.1943013607
311611.952,0.1942945831
311626.952,0.1942878064
311641.952,0.1942810303
311656.952,0.1942742551
311671.952,0.1942674806
311686.952,0.1942607068
311701.952,0.1942539338
311716.952,0.1942471615
311731.952,0.19424039
311746.952,0.1942336193
311761.952,0.1942268493
311776.952,0.19422008
311791.952,0.1942133115
311806.952,0.1942065438
311821.952,0.1941997768
311836.952,0.1941930105
311851.952,0.194186245
311866.952,0.1941794803
311881.952,0.1941727163
311896.952,0.194165953
311911.952,0.1941591905
311926.952,0.1941524288
311941.952,0.1941456678
311956.952,0.1941389075
311971.952,0.194132148
311986.952,0.1941253893
312001.952,0.1941186313
312016.952,0.194111874
312031.952,0.1941051175
312046.952,0.1940983618
312061.952,0.1940916068
312076.952,0.1940848525
312091.952,0.194078099
312106.952,0.1940713463
312121.952,0.1940645942
312136.952,0.194057843
312151.952,0.1940510925
312166.952,0.1940443427
312181.952,0.1940375937
312196.952,0.1940308454
312211.952,0.1940240979
312226.952,0.1940173511
312241.952,0.1940106051
312256.952,0.1940038598
312271.952,0.1939971153
312286.952,0.1939903715
312301.952,0.1939836284
312316.952,0.1939768861
312331.952,0.1939701446
312346.952,0.1939634038
312361.952,0.1939566637
312376.952,0.1939499244
312391.952,0.1939431859
312406.952,0.193936448
312421.952,0.193929711
312436.952,0.1939229746
312451.952,0.1939162391
312466.952,0.1939095042
312481.952,0.1939027701
312496.952,0.1938960368
312511.952,0.1938893042
312526.952,0.1938825723
312541.952,0.1938758412
312556.952,0.1938691109
312571.952,0.1938623813
312586.952,0.1938556524
312601.952,0.1938489242
312616.952,0.1938421969
312631.952,0.1938354702
312646.952,0.1938287443
312661.952,0.1938220192
312676.952,0.1938152947
312691.952,0.1938085711
312706.952,0.1938018481
312721.952,0.193795126
312736.952,0.1937884045
312751.952,0.1937816838
312766.952,0.1937749639
312781.952,0.1937682447
312796.952,0.1937615262
312811.952,0.1937548085
312826.952,0.1937480915
312841.952,0.1937413752
312856.952,0.1937346598
312871.952,0.193727945
312886.952,0.193721231
312901.952,0.1937145177
312916.952,0.1937078052
312931.952,0.1937010934
312946.952,0.1936943823
312961.952,0.193687672
312976.952,0.1936809625
312991.952,0.1936742536
313006.952,0.1936675456
313021.952,0.1936608382
313036.952,0.1936541316
313051.952,0.1936474258
313066.952,0.1936407206
313081.952,0.1936340162
313096.952,0.1936273126
313111.952,0.1936206097
313126.952,0.1936139075
313141.952,0.1936072061
313156.952,0.1936005054
313171.952,0.1935938055
313186.952,0.1935871063
313201.952,0.1935804078
313216.952,0.1935737101
313231.952,0.1935670131
313246.952,0.1935603169
313261.952,0.1935536214
313276.952,0.1935469266
313291.952,0.1935402326
313306.952,0.1935335393
313321.952,0.1935268467
313336.952,0.1935201549
313351.952,0.1935134638
313366.952,0.1935067735
313381.952,0.1935000839
313396.952,0.193493395
313411.952,0.1934867069
313426.952,0.1934800195
313441.952,0.1934733329
313456.952,0.193466647
313471.952,0.1934599618
313486.952,0.1934532773
313501.952,0.1934465936
313516.952,0.1934399107
313531.952,0.1934332284
313546.952,0.193426547
313561.952,0.1934198662
313576.952,0.1934131862
313591.952,0.1934065069
313606.952,0.1933998283
313621.952,0.1933931505
313636.952,0.1933864735
313651.952,0.1933797971
313666.952,0.1933731215
313681.952,0.1933664466
313696.952,0.1933597725
313711.952,0.1933530991
313726.952,0.1933464264
313741.952,0.1933397545
313756.952,0.1933330833
313771.952,0.1933264128
313786.952,0.1933197431
313801.952,0.1933130741
313816.952,0.1933064059
313831.952,0.1932997384
313846.952,0.1932930716
313861.952,0.1932864055
313876.952,0.1932797402
313891.952,0.1932730756
313906.952,0.1932664117
313921.952,0.1932597486
313936.952,0.1932530862
313951.952,0.1932464246
313966.952,0.1932397637
313981.952,0.1932331035
313996.952,0.193226444
314011.952,0.1932197853
314026.952,0.1932131273
314041.952,0.19320647
314056.952,0.1931998135
314071.952,0.1931931577
314086.952,0.1931865027
314101.952,0.1931798483
314116.952,0.1931731947
314131.952,0.1931665419
314146.952,0.1931598897
314161.952,0.1931532383
314176.952,0.1931465877
314191.952,0.1931399377
314206.952,0.1931332885
314221.952,0.19312664
314236.952,0.1931199923
314251.952,0.1931133453
314266.952,0.193106699
314281.952,0.1931000534
314296.952,0.1930934086
314311.952,0.1930867645
314326.952,0.1930801211
314341.952,0.1930734785
314356.952,0.1930668366
314371.952,0.1930601954
314386.952,0.193053555
314401.952,0.1930469153
314416.952,0.1930402763
314431.952,0.193033638
314446.952,0.1930270005
314461.952,0.1930203637
314476.952,0.1930137276
314491.952,0.1930070923
314506.952,0.1930004577
314521.952,0.1929938238
314536.952,0.1929871906
314551.952,0.1929805582
314566.952,0.1929739265
314581.952,0.1929672955
314596.952,0.1929606653
314611.952,0.1929540357
314626.952,0.192947407
314641.952,0.1929407789
314656.952,0.1929341516
314671.952,0.192927525
314686.952,0.1929208991
314701.952,0.1929142739
314716.952,0.1929076495
314731.952,0.1929010258
314746.952,0.1928944028
314761.952,0.1928877806
314776.952,0.1928811591
314791.952,0.1928745383
314806.952,0.1928679182
314821.952,0.1928612989
314836.952,0.1928546803
314851.952,0.1928480624
314866.952,0.1928414452
314881.952,0.1928348288
314896.952,0.1928282131
314911.952,0.1928215981
314926.952,0.1928149838
314941.952,0.1928083703
314956.952,0.1928017575
314971.952,0.1927951454
314986.952,0.192788534
315001.952,0.1927819234
315016.952,0.1927753135
315031.952,0.1927687043
315046.952,0.1927620958
315061.952,0.1927554881
315076.952,0.1927488811
315091.952,0.1927422748
315106.952,0.1927356692
315121.952,0.1927290644
315136.952,0.1927224603
315151.952,0.1927158569
315166.952,0.1927092542
315181.952,0.1927026522
315196.952,0.192696051
315211.952,0.1926894505
315226.952,0.1926828507
315241.952,0.1926762517
315256.952,0.1926696533
315271.952,0.1926630557
315286.952,0.1926564588
315301.952,0.1926498627
315316.952,0.1926432672
315331.952,0.1926366725
315346.952,0.1926300785
315361.952,0.1926234852
315376.952,0.1926168927
315391.952,0.1926103008
315406.952,0.1926037097
315421.952,0.1925971193
315436.952,0.1925905297
315451.952,0.1925839407
315466.952,0.1925773525
315481.952,0.192570765
315496.952,0.1925641782
315511.952,0.1925575921
315526.952,0.1925510068
315541.952,0.1925444221
315556.952,0.1925378382
315571.952,0.192531255
315586.952,0.1925246726
315601.952,0.1925180908
315616.952,0.1925115098
315631.952,0.1925049295
315646.952,0.1924983499
315661.952,0.192491771
315676.952,0.1924851929
315691.952,0.1924786155
315706.952,0.1924720387
315721.952,0.1924654627
315736.952,0.1924588875
315751.952,0.1924523129
315766.952,0.1924457391
315781.952,0.192439166
315796.952,0.1924325936
315811.952,0.1924260219
315826.952,0.1924194509
315841.952,0.1924128807
315856.952,0.1924063111
315871.952,0.1923997423
315886.952,0.1923931742
315901.952,0.1923866069
315916.952,0.1923800402
315931.952,0.1923734743
315946.952,0.1923669091
315961.952,0.1923603445
315976.952,0.1923537808
315991.952,0.1923472177
316006.952,0.1923406553
316021.952,0.1923340937
316036.952,0.1923275328
316051.952,0.1923209726
316066.952,0.1923144131
316081.952,0.1923078543
316096.952,0.1923012962
316111.952,0.1922947389
316126.952,0.1922881823
316141.952,0.1922816264
316156.952,0.1922750712
316171.952,0.1922685167
316186.952,0.1922619629
316201.952,0.1922554099
316216.952,0.1922488575
316231.952,0.1922423059
316246.952,0.192235755
316261.952,0.1922292048
316276.952,0.1922226553
316291.952,0.1922161066
316306.952,0.1922095585
316321.952,0.1922030112
316336.952,0.1921964646
316351.952,0.1921899187
316366.952,0.1921833735
316381.952,0.192176829
316396.952,0.1921702852
316411.952,0.1921637422
316426.952,0.1921571999
316441.952,0.1921506582
316456.952,0.1921441173
316471.952,0.1921375771
316486.952,0.1921310376
316501.952,0.1921244989
316516.952,0.1921179608
316531.952,0.1921114235
316546.952,0.1921048868
316561.952,0.1920983509
316576.952,0.1920918157
316591.952,0.1920852812
316606.952,0.1920787474
316621.952,0.1920722143
316636.952,0.192065682
316651.952,0.1920591503
316666.952,0.1920526194
316681.952,0.1920460892
316696.952,0.1920395596
316711.952,0.1920330308
316726.952,0.1920265027
316741.952,0.1920199754
316756.952,0.1920134487
316771.952,0.1920069227
316786.952,0.1920003975
316801.952,0.1919938729
316816.952,0.1919873491
316831.952,0.191980826
316846.952,0.1919743036
316861.952,0.1919677819
316876.952,0.1919612609
316891.952,0.1919547406
316906.952,0.191948221
316921.952,0.1919417022
316936.952,0.191935184
316951.952,0.1919286666
316966.952,0.1919221498
316981.952,0.1919156338
316996.952,0.1919091185
317011.952,0.1919026039
317026.952,0.19189609
317041.952,0.1918895768
317056.952,0.1918830643
317071.952,0.1918765525
317086.952,0.1918700415
317101.952,0.1918635311
317116.952,0.1918570215
317131.952,0.1918505125
317146.952,0.1918440043
317161.952,0.1918374968
317176.952,0.1918309899
317191.952,0.1918244838
317206.952,0.1918179784
317221.952,0.1918114737
317236.952,0.1918049697
317251.952,0.1917984665
317266.952,0.1917919639
317281.952,0.191785462
317296.952,0.1917789608
317311.952,0.1917724604
317326.952,0.1917659606
317341.952,0.1917594616
317356.952,0.1917529633
317371.952,0.1917464656
317386.952,0.1917399687
317401.952,0.1917334725
317416.952,0.191726977
317431.952,0.1917204822
317446.952,0.191713988
317461.952,0.1917074946
317476.952,0.191701002
317491.952,0.19169451
317506.952,0.1916880187
317521.952,0.1916815281
317536.952,0.1916750382
317551.952,0.1916685491
317566.952,0.1916620606
317581.952,0.1916555728
317596.952,0.1916490858
317611.952,0.1916425994
317626.952,0.1916361138
317641.952,0.1916296288
317656.952,0.1916231446
317671.952,0.1916166611
317686.952,0.1916101782
317701.952,0.1916036961
317716.952,0.1915972147
317731.952,0.1915907339
317746.952,0.1915842539
317761.952,0.1915777746
317776.952,0.191571296
317791.952,0.1915648181
317806.952,0.1915583409
317821.952,0.1915518644
317836.952,0.1915453886
317851.952,0.1915389135
317866.952,0.1915324391
317881.952,0.1915259654
317896.952,0.1915194924
317911.952,0.1915130201
317926.952,0.1915065485
317941.952,0.1915000776
317956.952,0.1914936074
317971.952,0.1914871379
317986.952,0.1914806691
318001.952,0.191474201
318016.952,0.1914677336
318031.952,0.191461267
318046.952,0.191454801
318061.952,0.1914483357
318076.952,0.1914418711
318091.952,0.1914354072
318106.952,0.191428944
318121.952,0.1914224816
318136.952,0.1914160198
318151.952,0.1914095587
318166.952,0.1914030983
318181.952,0.1913966386
318196.952,0.1913901797
318211.952,0.1913837214
318226.952,0.1913772638
318241.952,0.1913708069
318256.952,0.1913643507
318271.952,0.1913578952
318286.952,0.1913514405
318301.952,0.1913449864
318316.952,0.191338533
318331.952,0.1913320803
318346.952,0.1913256283
318361.952,0.191319177
318376.952,0.1913127264
318391.952,0.1913062765
318406.952,0.1912998273
318421.952,0.1912933788
318436.952,0.191286931
318451.952,0.1912804839
318466.952,0.1912740375
318481.952,0.1912675918
318496.952,0.1912611468
318511.952,0.1912547024
318526.952,0.1912482588
318541.952,0.1912418159
318556.952,0.1912353737
318571.952,0.1912289321
318586.952,0.1912224913
318601.952,0.1912160512
318616.952,0.1912096117
318631.952,0.191203173
318646.952,0.1911967349
318661.952,0.1911902976
318676.952,0.1911838609
318691.952,0.191177425
318706.952,0.1911709897
318721.952,0.1911645552
318736.952,0.1911581213
318751.952,0.1911516881
318766.952,0.1911452556
318781.952,0.1911388238
318796.952,0.1911323927
318811.952,0.1911259623
318826.952,0.1911195326
318841.952,0.1911131036
318856.952,0.1911066753
318871.952,0.1911002477
318886.952,0.1910938208
318901.952,0.1910873946
318916.952,0.191080969
318931.952,0.1910745442
318946.952,0.19106812
318961.952,0.1910616966
318976.952,0.1910552738
318991.952,0.1910488518
319006.952,0.1910424304
319021.952,0.1910360097
319036.952,0.1910295897
319051.952,0.1910231704
319066.952,0.1910167518
319081.952,0.1910103339
319096.952,0.1910039167
319111.952,0.1909975002
319126.952,0.1909910844
319141.952,0.1909846692
319156.952,0.1909782548
319171.952,0.190971841
319186.952,0.190965428
319201.952,0.1909590156
319216.952,0.1909526039
319231.952,0.1909461929
319246.952,0.1909397826
319261.952,0.190933373
319276.952,0.1909269641
319291.952,0.1909205559
319306.952,0.1909141484
319321.952,0.1909077415
319336.952,0.1909013354
319351.952,0.1908949299
319366.952,0.1908885252
319381.952,0.1908821211
319396.952,0.1908757177
319411.952,0.190869315
319426.952,0.190862913
319441.952,0.1908565117
319456.952,0.1908501111
319471.952,0.1908437112
319486.952,0.1908373119
319501.952,0.1908309134
319516.952,0.1908245155
319531.952,0.1908181183
319546.952,0.1908117218
319561.952,0.190805326
319576.952,0.1907989309
319591.952,0.1907925365
319606.952,0.1907861428
319621.952,0.1907797498
319636.952,0.1907733574
319651.952,0.1907669657
319666.952,0.1907605748
319681.952,0.1907541845
319696.952,0.1907477949
319711.952,0.190741406
319726.952,0.1907350178
319741.952,0.1907286302
319756.952,0.1907222434
319771.952,0.1907158572
319786.952,0.1907094718
319801.952,0.190703087
319816.952,0.1906967029
319831.952,0.1906903195
319846.952,0.1906839368
319861.952,0.1906775547
319876.952,0.1906711734
319891.952,0.1906647927
319906.952,0.1906584127
319921.952,0.1906520335
319936.952,0.1906456549
319951.952,0.1906392769
319966.952,0.1906328997
319981.952,0.1906265232
319996.952,0.1906201473
320011.952,0.1906137721
320026.952,0.1906073977
320041.952,0.1906010239
320056.952,0.1905946507
320071.952,0.1905882783
320086.952,0.1905819066
320101.952,0.1905755355
320116.952,0.1905691652
320131.952,0.1905627955
320146.952,0.1905564265
320161.952,0.1905500581
320176.952,0.1905436905
320191.952,0.1905373236
320206.952,0.1905309573
320221.952,0.1905245917
320236.952,0.1905182268
320251.952,0.1905118626
320266.952,0.1905054991
320281.952,0.1904991363
320296.952,0.1904927741
320311.952,0.1904864126
320326.952,0.1904800518
320341.952,0.1904736917
320356.952,0.1904673323
320371.952,0.1904609736
320386.952,0.1904546155
320401.952,0.1904482581
320416.952,0.1904419014
320431.952,0.1904355454
320446.952,0.1904291901
320461.952,0.1904228354
320476.952,0.1904164815
320491.952,0.1904101282
320506.952,0.1904037756
320521.952,0.1903974237
320536.952,0.1903910725
320551.952,0.1903847219
320566.952,0.190378372
320581.952,0.1903720228
320596.952,0.1903656743
320611.952,0.1903593265
320626.952,0.1903529794
320641.952,0.1903466329
320656.952,0.1903402871
320671.952,0.190333942
320686.952,0.1903275976
320701.952,0.1903212539
320716.952,0.1903149108
320731.952,0.1903085684
320746.952,0.1903022267
320761.952,0.1902958857
320776.952,0.1902895454
320791.952,0.1902832057
320806.952,0.1902768667
320821.952,0.1902705284
320836.952,0.1902641908
320851.952,0.1902578539
320866.952,0.1902515176
320881.952,0.190245182
320896.952,0.1902388471
320911.952,0.1902325129
320926.952,0.1902261794
320941.952,0.1902198465
320956.952,0.1902135143
320971.952,0.1902071828
320986.952,0.190200852
321001.952,0.1901945219
321016.952,0.1901881924
321031.952,0.1901818636
321046.952,0.1901755355
321061.952,0.1901692081
321076.952,0.1901628813
321091.952,0.1901565552
321106.952,0.1901502298
321121.952,0.1901439051
321136.952,0.1901375811
321151.952,0.1901312577
321166.952,0.190124935
321181.952,0.190118613
321196.952,0.1901122916
321211.952,0.190105971
321226.952,0.190099651
321241.952,0.1900933317
321256.952,0.1900870131
321271.952,0.1900806951
321286.952,0.1900743778
321301.952,0.1900680612
321316.952,0.1900617453
321331.952,0.1900554301
321346.952,0.1900491155
321361.952,0.1900428016
321376.952,0.1900364884
321391.952,0.1900301758
321406.952,0.190023864
321421.952,0.1900175528
321436.952,0.1900112423
321451.952,0.1900049324
321466.952,0.1899986233
321481.952,0.1899923148
321496.952,0.1899860069
321511.952,0.1899796998
321526.952,0.1899733933
321541.952,0.1899670875
321556.952,0.1899607824
321571.952,0.189954478
321586.952,0.1899481742
321601.952,0.1899418711
321616.952,0.1899355687
321631.952,0.1899292669
321646.952,0.1899229659
321661.952,0.1899166655
321676.952,0.1899103657
321691.952,0.1899040667
321706.952,0.1898977683
321721.952,0.1898914706
321736.952,0.1898851736
321751.952,0.1898788772
321766.952,0.1898725815
321781.952,0.1898662865
321796.952,0.1898599922
321811.952,0.1898536985
321826.952,0.1898474055
321841.952,0.1898411132
321856.952,0.1898348215
321871.952,0.1898285305
321886.952,0.1898222402
321901.952,0.1898159506
321916.952,0.1898096616
321931.952,0.1898033733
321946.952,0.1897970857
321961.952,0.1897907988
321976.952,0.1897845125
321991.952,0.1897782269
322006.952,0.189771942
322021.952,0.1897656577
322036.952,0.1897593741
322051.952,0.1897530912
322066.952,0.1897468089
322081.952,0.1897405274
322096.952,0.1897342464
322111.952,0.1897279662
322126.952,0.1897216866
322141.952,0.1897154077
322156.952,0.1897091295
322171.952,0.1897028519
322186.952,0.1896965751
322201.952,0.1896902988
322216.952,0.1896840233
322231.952,0.1896777484
322246.952,0.1896714742
322261.952,0.1896652007
322276.952,0.1896589278
322291.952,0.1896526556
322306.952,0.189646384
322321.952,0.1896401132
322336.952,0.189633843
322351.952,0.1896275735
322366.952,0.1896213046
322381.952,0.1896150364
322396.952,0.1896087689
322411.952,0.189602502
322426.952,0.1895962359
322441.952,0.1895899703
322456.952,0.1895837055
322471.952,0.1895774413
322486.952,0.1895711778
322501.952,0.1895649149
322516.952,0.1895586528
322531.952,0.1895523913
322546.952,0.1895461304
322561.952,0.1895398702
322576.952,0.1895336107
322591.952,0.1895273519
322606.952,0.1895210937
322621.952,0.1895148362
322636.952,0.1895085794
322651.952,0.1895023232
322666.952,0.1894960677
322681.952,0.1894898128
322696.952,0.1894835586
322711.952,0.1894773051
322726.952,0.1894710523
322741.952,0.1894648001
322756.952,0.1894585486
322771.952,0.1894522978
322786.952,0.1894460476
322801.952,0.1894397981
322816.952,0.1894335492
322831.952,0.189427301
322846.952,0.1894210535
322861.952,0.1894148066
322876.952,0.1894085605
322891.952,0.1894023149
322906.952,0.1893960701
322921.952,0.1893898259
322936.952,0.1893835823
322951.952,0.1893773395
322966.952,0.1893710973
322981.952,0.1893648557
322996.952,0.1893586149
323011.952,0.1893523746
323026.952,0.1893461351
323041.952,0.1893398962
323056.952,0.189333658
323071.952,0.1893274204
323086.952,0.1893211835
323101.952,0.1893149473
323116.952,0.1893087117
323131.952,0.1893024768
323146.952,0.1892962426
323161.952,0.189290009
323176.952,0.1892837761
323191.952,0.1892775439
323206.952,0.1892713123
323221.952,0.1892650813
323236.952,0.1892588511
323251.952,0.1892526215
323266.952,0.1892463925
323281.952,0.1892401643
323296.952,0.1892339366
323311.952,0.1892277097
323326.952,0.1892214834
323341.952,0.1892152578
323356.952,0.1892090328
323371.952,0.1892028085
323386.952,0.1891965848
323401.952,0.1891903619
323416.952,0.1891841395
323431.952,0.1891779179
323446.952,0.1891716969
323461.952,0.1891654765
323476.952,0.1891592568
323491.952,0.1891530378
323506.952,0.1891468195
323521.952,0.1891406018
323536.952,0.1891343847
323551.952,0.1891281683
323566.952,0.1891219526
323581.952,0.1891157376
323596.952,0.1891095232
323611.952,0.1891033094
323626.952,0.1890970963
323641.952,0.1890908839
323656.952,0.1890846722
323671.952,0.1890784611
323686.952,0.1890722506
323701.952,0.1890660408
323716.952,0.1890598317
323731.952,0.1890536232
323746.952,0.1890474154
323761.952,0.1890412083
323776.952,0.1890350018
323791.952,0.189028796
323806.952,0.1890225908
323821.952,0.1890163863
323836.952,0.1890101824
323851.952,0.1890039792
323866.952,0.1889977767
323881.952,0.1889915748
323896.952,0.1889853736
323911.952,0.188979173
323926.952,0.1889729731
323941.952,0.1889667738
323956.952,0.1889605752
323971.952,0.1889543773
323986.952,0.18894818
324001.952,0.1889419834
324016.952,0.1889357874
324031.952,0.1889295921
324046.952,0.1889233974
324061.952,0.1889172034
324076.952,0.1889110101
324091.952,0.1889048174
324106.952,0.1888986254
324121.952,0.188892434
324136.952,0.1888862433
324151.952,0.1888800532
324166.952,0.1888738638
324181.952,0.1888676751
324196.952,0.188861487
324211.952,0.1888552995
324226.952,0.1888491127
324241.952,0.1888429266
324256.952,0.1888367411
324271.952,0.1888305563
324286.952,0.1888243722
324301.952,0.1888181887
324316.952,0.1888120058
324331.952,0.1888058236
324346.952,0.1887996421
324361.952,0.1887934612
324376.952,0.1887872809
324391.952,0.1887811013
324406.952,0.1887749224
324421.952,0.1887687441
324436.952,0.1887625665
324451.952,0.1887563896
324466.952,0.1887502132
324481.952,0.1887440376
324496.952,0.1887378626
324511.952,0.1887316882
324526.952,0.1887255145
324541.952,0.1887193415
324556.952,0.1887131691
324571.952,0.1887069973
324586.952,0.1887008263
324601.952,0.1886946558
324616.952,0.188688486
324631.952,0.1886823169
324646.952,0.1886761484
324661.952,0.1886699806
324676.952,0.1886638134
324691.952,0.1886576469
324706.952,0.188651481
324721.952,0.1886453158
324736.952,0.1886391513
324751.952,0.1886329873
324766.952,0.1886268241
324781.952,0.1886206615
324796.952,0.1886144995
324811.952,0.1886083382
324826.952,0.1886021775
324841.952,0.1885960175
324856.952,0.1885898582
324871.952,0.1885836995
324886.952,0.1885775414
324901.952,0.188571384
324916.952,0.1885652273
324931.952,0.1885590712
324946.952,0.1885529157
324961.952,0.1885467609
324976.952,0.1885406068
324991.952,0.1885344533
325006.952,0.1885283004
325021.952,0.1885221482
325036.952,0.1885159967
325051.952,0.1885098458
325066.952,0.1885036955
325081.952,0.1884975459
325096.952,0.1884913969
325111.952,0.1884852486
325126.952,0.188479101
325141.952,0.188472954
325156.952,0.1884668076
325171.952,0.1884606619
325186.952,0.1884545169
325201.952,0.1884483724
325216.952,0.1884422287
325231.952,0.1884360856
325246.952,0.1884299431
325261.952,0.1884238013
325276.952,0.1884176601
325291.952,0.1884115196
325306.952,0.1884053797
325321.952,0.1883992405
325336.952,0.1883931019
325351.952,0.188386964
325366.952,0.1883808267
325381.952,0.18837469
325396.952,0.188368554
325411.952,0.1883624187
325426.952,0.188356284
325441.952,0.18835015
325456.952,0.1883440166
325471.952,0.1883378838
325486.952,0.1883317517
325501.952,0.1883256202
325516.952,0.1883194894
325531.952,0.1883133592
325546.952,0.1883072297
325561.952,0.1883011008
325576.952,0.1882949726
325591.952,0.188288845
325606.952,0.1882827181
325621.952,0.1882765918
325636.952,0.1882704661
325651.952,0.1882643411
325666.952,0.1882582168
325681.952,0.1882520931
325696.952,0.18824597
325711.952,0.1882398476
325726.952,0.1882337258
325741.952,0.1882276046
325756.952,0.1882214842
325771.952,0.1882153643
325786.952,0.1882092451
325801.952,0.1882031266
325816.952,0.1881970086
325831.952,0.1881908914
325846.952,0.1881847748
325861.952,0.1881786588
325876.952,0.1881725434
325891.952,0.1881664287
325906.952,0.1881603147
325921.952,0.1881542013
325936.952,0.1881480885
325951.952,0.1881419764
325966.952,0.1881358649
325981.952,0.1881297541
325996.952,0.1881236439
326011.952,0.1881175344
326026.952,0.1881114255
326041.952,0.1881053172
326056.952,0.1880992096
326071.952,0.1880931026
326086.952,0.1880869963
326101.952,0.1880808906
326116.952,0.1880747856
326131.952,0.1880686811
326146.952,0.1880625774
326161.952,0.1880564743
326176.952,0.1880503718
326191.952,0.1880442699
326206.952,0.1880381687
326221.952,0.1880320682
326236.952,0.1880259683
326251.952,0.188019869
326266.952,0.1880137704
326281.952,0.1880076724
326296.952,0.188001575
326311.952,0.1879954783
326326.952,0.1879893823
326341.952,0.1879832868
326356.952,0.1879771921
326371.952,0.1879710979
326386.952,0.1879650044
326401.952,0.1879589115
326416.952,0.1879528193
326431.952,0.1879467277
326446.952,0.1879406368
326461.952,0.1879345465
326476.952,0.1879284568
326491.952,0.1879223678
326506.952,0.1879162794
326521.952,0.1879101917
326536.952,0.1879041045
326551.952,0.1878980181
326566.952,0.1878919323
326581.952,0.1878858471
326596.952,0.1878797625
326611.952,0.1878736786
326626.952,0.1878675953
326641.952,0.1878615127
326656.952,0.1878554307
326671.952,0.1878493493
326686.952,0.1878432686
326701.952,0.1878371885
326716.952,0.1878311091
326731.952,0.1878250303
326746.952,0.1878189521
326761.952,0.1878128746
326776.952,0.1878067977
326791.952,0.1878007215
326806.952,0.1877946458
326821.952,0.1877885709
326836.952,0.1877824965
326851.952,0.1877764228
326866.952,0.1877703498
326881.952,0.1877642773
326896.952,0.1877582055
326911.952,0.1877521344
326926.952,0.1877460639
326941.952,0.187739994
326956.952,0.1877339247
326971.952,0.1877278561
326986.952,0.1877217881
327001.952,0.1877157208
327016.952,0.1877096541
327031.952,0.187703588
327046.952,0.1876975226
327061.952,0.1876914578
327076.952,0.1876853937
327091.952,0.1876793301
327106.952,0.1876732672
327121.952,0.187667205
327136.952,0.1876611434
327151.952,0.1876550824
327166.952,0.1876490221
327181.952,0.1876429623
327196.952,0.1876369033
327211.952,0.1876308448
327226.952,0.187624787
327241.952,0.1876187299
327256.952,0.1876126733
327271.952,0.1876066174
327286.952,0.1876005621
327301.952,0.1875945075
327316.952,0.1875884535
327331.952,0.1875824001
327346.952,0.1875763474
327361.952,0.1875702953
327376.952,0.1875642438
327391.952,0.187558193
327406.952,0.1875521428
327421.952,0.1875460933
327436.952,0.1875400443
327451.952,0.187533996
327466.952,0.1875279484
327481.952,0.1875219013
327496.952,0.1875158549
327511.952,0.1875098092
327526.952,0.187503764
327541.952,0.1874977195
327556.952,0.1874916757
327571.952,0.1874856324
327586.952,0.1874795898
327601.952,0.1874735478
327616.952,0.1874675065
327631.952,0.1874614658
327646.952,0.1874554257
327661.952,0.1874493863
327676.952,0.1874433475
327691.952,0.1874373093
327706.952,0.1874312717
327721.952,0.1874252348
327736.952,0.1874191985
327751.952,0.1874131629
327766.952,0.1874071278
327781.952,0.1874010935
327796.952,0.1873950597
327811.952,0.1873890266
327826.952,0.1873829941
327841.952,0.1873769622
327856.952,0.1873709309
327871.952,0.1873649003
327886.952,0.1873588704
327901.952,0.187352841
327916.952,0.1873468123
327931.952,0.1873407842
327946.952,0.1873347567
327961.952,0.1873287299
327976.952,0.1873227037
327991.952,0.1873166781
328006.952,0.1873106532
328021.952,0.1873046289
328036.952,0.1872986052
328051.952,0.1872925821
328066.952,0.1872865597
328081.952,0.1872805379
328096.952,0.1872745168
328111.952,0.1872684962
328126.952,0.1872624763
328141.952,0.187256457
328156.952,0.1872504384
328171.952,0.1872444204
328186.952,0.187238403
328201.952,0.1872323862
328216.952,0.1872263701
328231.952,0.1872203545
328246.952,0.1872143397
328261.952,0.1872083254
328276.952,0.1872023118
328291.952,0.1871962988
328306.952,0.1871902864
328321.952,0.1871842747
328336.952,0.1871782635
328351.952,0.187172253
328366.952,0.1871662432
328381.952,0.1871602339
328396.952,0.1871542253
328411.952,0.1871482173
328426.952,0.18714221
328441.952,0.1871362033
328456.952,0.1871301972
328471.952,0.1871241917
328486.952,0.1871181868
328501.952,0.1871121826
328516.952,0.187106179
328531.952,0.187100176
328546.952,0.1870941737
328561.952,0.187088172
328576.952,0.1870821709
328591.952,0.1870761704
328606.952,0.1870701705
328621.952,0.1870641713
328636.952,0.1870581727
328651.952,0.1870521748
328666.952,0.1870461774
328681.952,0.1870401807
328696.952,0.1870341846
328711.952,0.1870281891
328726.952,0.1870221943
328741.952,0.1870162001
328756.952,0.1870102065
328771.952,0.1870042135
328786.952,0.1869982212
328801.952,0.1869922294
328816.952,0.1869862383
328831.952,0.1869802479
328846.952,0.186974258
328861.952,0.1869682688
328876.952,0.1869622802
328891.952,0.1869562922
328906.952,0.1869503048
328921.952,0.1869443181
328936.952,0.186938332
328951.952,0.1869323465
328966.952,0.1869263617
328981.952,0.1869203774
328996.952,0.1869143938
329011.952,0.1869084108
329026.952,0.1869024284
329041.952,0.1868964467
329056.952,0.1868904656
329071.952,0.186884485
329086.952,0.1868785052
329101.952,0.1868725259
329116.952,0.1868665473
329131.952,0.1868605693
329146.952,0.1868545919
329161.952,0.1868486151
329176.952,0.1868426389
329191.952,0.1868366634
329206.952,0.1868306885
329221.952,0.1868247142
329236.952,0.1868187405
329251.952,0.1868127675
329266.952,0.1868067951
329281.952,0.1868008233
329296.952,0.1867948521
329311.952,0.1867888815
329326.952,0.1867829116
329341.952,0.1867769423
329356.952,0.1867709736
329371.952,0.1867650055
329386.952,0.1867590381
329401.952,0.1867530712
329416.952,0.186747105
329431.952,0.1867411394
329446.952,0.1867351744
329461.952,0.1867292101
329476.952,0.1867232463
329491.952,0.1867172832
329506.952,0.1867113207
329521.952,0.1867053588
329536.952,0.1866993976
329551.952,0.1866934369
329566.952,0.1866874769
329581.952,0.1866815175
329596.952,0.1866755587
329611.952,0.1866696006
329626.952,0.186663643
329641.952,0.1866576861
329656.952,0.1866517298
329671.952,0.1866457741
329686.952,0.186639819
329701.952,0.1866338646
329716.952,0.1866279108
329731.952,0.1866219575
329746.952,0.1866160049
329761.952,0.186610053
329776.952,0.1866041016
329791.952,0.1865981509
329806.952,0.1865922007
329821.952,0.1865862512
329836.952,0.1865803023
329851.952,0.186574354
329866.952,0.1865684064
329881.952,0.1865624594
329896.952,0.1865565129
329911.952,0.1865505671
329926.952,0.1865446219
329941.952,0.1865386774
329956.952,0.1865327334
329971.952,0.1865267901
329986.952,0.1865208473
330001.952,0.1865149052
330016.952,0.1865089637
330031.952,0.1865030229
330046.952,0.1864970826
330061.952,0.186491143
330076.952,0.1864852039
330091.952,0.1864792655
330106.952,0.1864733277
330121.952,0.1864673906
330136.952,0.186461454
330151.952,0.186455518
330166.952,0.1864495827
330181.952,0.186443648
330196.952,0.1864377139
330211.952,0.1864317804
330226.952,0.1864258475
330241.952,0.1864199153
330256.952,0.1864139836
330271.952,0.1864080526
330286.952,0.1864021222
330301.952,0.1863961924
330316.952,0.1863902632
330331.952,0.1863843346
330346.952,0.1863784067
330361.952,0.1863724793
330376.952,0.1863665526
330391.952,0.1863606265
330406.952,0.186354701
330421.952,0.1863487761
330436.952,0.1863428518
330451.952,0.1863369281
330466.952,0.1863310051
330481.952,0.1863250826
330496.952,0.1863191608
330511.952,0.1863132396
330526.952,0.186307319
330541.952,0.186301399
330556.952,0.1862954797
330571.952,0.1862895609
330586.952,0.1862836428
330601.952,0.1862777252
330616.952,0.1862718083
330631.952,0.186265892
330646.952,0.1862599763
330661.952,0.1862540612
330676.952,0.1862481467
330691.952,0.1862422329
330706.952,0.1862363196
330721.952,0.186230407
330736.952,0.186224495
330751.952,0.1862185836
330766.952,0.1862126728
330781.952,0.1862067626
330796.952,0.186200853
330811.952,0.186194944
330826.952,0.1861890357
330841.952,0.1861831279
330856.952,0.1861772208
330871.952,0.1861713142
330886.952,0.1861654083
330901.952,0.186159503
330916.952,0.1861535983
330931.952,0.1861476943
330946.952,0.1861417908
330961.952,0.1861358879
330976.952,0.1861299857
330991.952,0.186124084
331006.952,0.186118183
331021.952,0.1861122826
331036.952,0.1861063827
331051.952,0.1861004835
331066.952,0.1860945849
331081.952,0.186088687
331096.952,0.1860827896
331111.952,0.1860768928
331126.952,0.1860709967
331141.952,0.1860651011
331156.952,0.1860592062
331171.952,0.1860533118
331186.952,0.1860474181
331201.952,0.186041525
331216.952,0.1860356325
331231.952,0.1860297406
331246.952,0.1860238493
331261.952,0.1860179586
331276.952,0.1860120686
331291.952,0.1860061791
331306.952,0.1860002902
331321.952,0.185994402
331336.952,0.1859885144
331351.952,0.1859826273
331366.952,0.1859767409
331381.952,0.1859708551
331396.952,0.1859649699
331411.952,0.1859590853
331426.952,0.1859532013
331441.952,0.1859473179
331456.952,0.1859414351
331471.952,0.1859355529
331486.952,0.1859296714
331501.952,0.1859237904
331516.952,0.18591791
331531.952,0.1859120303
331546.952,0.1859061511
331561.952,0.1859002726
331576.952,0.1858943947
331591.952,0.1858885174
331606.952,0.1858826406
331621.952,0.1858767645
331636.952,0.185870889
331651.952,0.1858650141
331666.952,0.1858591398
331681.952,0.1858532661
331696.952,0.1858473931
331711.952,0.1858415206
331726.952,0.1858356487
331741.952,0.1858297774
331756.952,0.1858239068
331771.952,0.1858180367
331786.952,0.1858121673
331801.952,0.1858062984
331816.952,0.1858004302
331831.952,0.1857945625
331846.952,0.1857886955
331861.952,0.1857828291
331876.952,0.1857769632
331891.952,0.185771098
331906.952,0.1857652334
331921.952,0.1857593694
331936.952,0.185753506
331951.952,0.1857476432
331966.952,0.185741781
331981.952,0.1857359194
331996.952,0.1857300584
332011.952,0.185724198
332026.952,0.1857183382
332041.952,0.185712479
332056.952,0.1857066204
332071.952,0.1857007625
332086.952,0.1856949051
332101.952,0.1856890483
332116.952,0.1856831922
332131.952,0.1856773366
332146.952,0.1856714816
332161.952,0.1856656273
332176.952,0.1856597735
332191.952,0.1856539203
332206.952,0.1856480678
332221.952,0.1856422158
332236.952,0.1856363645
332251.952,0.1856305137
332266.952,0.1856246636
332281.952,0.1856188141
332296.952,0.1856129651
332311.952,0.1856071168
332326.952,0.185601269
332341.952,0.1855954219
332356.952,0.1855895754
332371.952,0.1855837294
332386.952,0.1855778841
332401.952,0.1855720394
332416.952,0.1855661952
332431.952,0.1855603517
332446.952,0.1855545088
332461.952,0.1855486664
332476.952,0.1855428247
332491.952,0.1855369836
332506.952,0.185531143
332521.952,0.1855253031
332536.952,0.1855194638
332551.952,0.1855136251
332566.952,0.1855077869
332581.952,0.1855019494
332596.952,0.1854961125
332611.952,0.1854902761
332626.952,0.1854844404
332641.952,0.1854786053
332656.952,0.1854727708
332671.952,0.1854669368
332686.952,0.1854611035
332701.952,0.1854552708
332716.952,0.1854494386
332731.952,0.1854436071
332746.952,0.1854377762
332761.952,0.1854319458
332776.952,0.1854261161
332791.952,0.1854202869
332806.952,0.1854144584
332821.952,0.1854086305
332836.952,0.1854028031
332851.952,0.1853969764
332866.952,0.1853911502
332881.952,0.1853853247
332896.952,0.1853794997
332911.952,0.1853736754
332926.952,0.1853678516
332941.952,0.1853620284
332956.952,0.1853562059
332971.952,0.1853503839
332986.952,0.1853445626
333001.952,0.1853387418
333016.952,0.1853329216
333031.952,0.185327102
333046.952,0.1853212831
333061.952,0.1853154647
333076.952,0.1853096469
333091.952,0.1853038297
333106.952,0.1852980131
333121.952,0.1852921971
333136.952,0.1852863817
333151.952,0.1852805669
333166.952,0.1852747527
333181.952,0.1852689391
333196.952,0.1852631261
333211.952,0.1852573137
333226.952,0.1852515018
333241.952,0.1852456906
333256.952,0.18523988
333271.952,0.18523407
333286.952,0.1852282605
333301.952,0.1852224517
333316.952,0.1852166434
333331.952,0.1852108358
333346.952,0.1852050287
333361.952,0.1851992223
333376.952,0.1851934164
333391.952,0.1851876111
333406.952,0.1851818064
333421.952,0.1851760023
333436.952,0.1851701989
333451.952,0.185164396
333466.952,0.1851585937
333481.952,0.185152792
333496.952,0.1851469908
333511.952,0.1851411903
333526.952,0.1851353904
333541.952,0.1851295911
333556.952,0.1851237923
333571.952,0.1851179942
333586.952,0.1851121966
333601.952,0.1851063997
333616.952,0.1851006033
333631.952,0.1850948076
333646.952,0.1850890124
333661.952,0.1850832178
333676.952,0.1850774238
333691.952,0.1850716304
333706.952,0.1850658376
333721.952,0.1850600454
333736.952,0.1850542538
333751.952,0.1850484628
333766.952,0.1850426723
333781.952,0.1850368825
333796.952,0.1850310932
333811.952,0.1850253046
333826.952,0.1850195165
333841.952,0.1850137291
333856.952,0.1850079422
333871.952,0.1850021559
333886.952,0.1849963702
333901.952,0.1849905851
333916.952,0.1849848006
333931.952,0.1849790167
333946.952,0.1849732333
333961.952,0.1849674506
333976.952,0.1849616684
333991.952,0.1849558869
334006.952,0.1849501059
334021.952,0.1849443256
334036.952,0.1849385458
334051.952,0.1849327666
334066.952,0.184926988
334081.952,0.18492121
334096.952,0.1849154326
334111.952,0.1849096557
334126.952,0.1849038795
334141.952,0.1848981038
334156.952,0.1848923288
334171.952,0.1848865543
334186.952,0.1848807804
334201.952,0.1848750071
334216.952,0.1848692344
334231.952,0.1848634623
334246.952,0.1848576908
334261.952,0.1848519199
334276.952,0.1848461495
334291.952,0.1848403798
334306.952,0.1848346106
334321.952,0.1848288421
334336.952,0.1848230741
334351.952,0.1848173067
334366.952,0.1848115399
334381.952,0.1848057736
334396.952,0.184800008
334411.952,0.184794243
334426.952,0.1847884785
334441.952,0.1847827147
334456.952,0.1847769514
334471.952,0.1847711887
334486.952,0.1847654266
334501.952,0.1847596651
334516.952,0.1847539042
334531.952,0.1847481438
334546.952,0.1847423841
334561.952,0.1847366249
334576.952,0.1847308664
334591.952,0.1847251084
334606.952,0.184719351
334621.952,0.1847135942
334636.952,0.1847078379
334651.952,0.1847020823
334666.952,0.1846963273
334681.952,0.1846905728
334696.952,0.1846848189
334711.952,0.1846790656
334726.952,0.1846733129
334741.952,0.1846675608
334756.952,0.1846618093
334771.952,0.1846560583
334786.952,0.184650308
334801.952,0.1846445582
334816.952,0.184638809
334831.952,0.1846330604
334846.952,0.1846273124
334861.952,0.184621565
334876.952,0.1846158182
334891.952,0.1846100719
334906.952,0.1846043262
334921.952,0.1845985812
334936.952,0.1845928367
334951.952,0.1845870927
334966.952,0.1845813494
334981.952,0.1845756067
334996.952,0.1845698645
335011.952,0.1845641229
335026.952,0.184558382
335041.952,0.1845526416
335056.952,0.1845469017
335071.952,0.1845411625
335086.952,0.1845354239
335101.952,0.1845296858
335116.952,0.1845239483
335131.952,0.1845182114
335146.952,0.1845124751
335161.952,0.1845067394
335176.952,0.1845010042
335191.952,0.1844952697
335206.952,0.1844895357
335221.952,0.1844838023
335236.952,0.1844780695
335251.952,0.1844723373
335266.952,0.1844666056
335281.952,0.1844608746
335296.952,0.1844551441
335311.952,0.1844494142
335326.952,0.1844436849
335341.952,0.1844379562
335356.952,0.184432228
335371.952,0.1844265005
335386.952,0.1844207735
335401.952,0.1844150471
335416.952,0.1844093213
335431.952,0.184403596
335446.952,0.1843978714
335461.952,0.1843921473
335476.952,0.1843864238
335491.952,0.1843807009
335506.952,0.1843749786
335521.952,0.1843692569
335536.952,0.1843635357
335551.952,0.1843578151
335566.952,0.1843520951
335581.952,0.1843463757
335596.952,0.1843406569
335611.952,0.1843349387
335626.952,0.184329221
335641.952,0.1843235039
335656.952,0.1843177874
335671.952,0.1843120715
335686.952,0.1843063561
335701.952,0.1843006414
335716.952,0.1842949272
335731.952,0.1842892136
335746.952,0.1842835006
335761.952,0.1842777881
335776.952,0.1842720763
335791.952,0.184266365
335806.952,0.1842606543
335821.952,0.1842549442
335836.952,0.1842492346
335851.952,0.1842435257
335866.952,0.1842378173
335881.952,0.1842321095
335896.952,0.1842264022
335911.952,0.1842206956
335926.952,0.1842149895
335941.952,0.1842092841
335956.952,0.1842035792
335971.952,0.1841978748
335986.952,0.1841921711
336001.952,0.1841864679
336016.952,0.1841807653
336031.952,0.1841750633
336046.952,0.1841693619
336061.952,0.184163661
336076.952,0.1841579608
336091.952,0.1841522611
336106.952,0.184146562
336121.952,0.1841408634
336136.952,0.1841351655
336151.952,0.1841294681
336166.952,0.1841237713
336181.952,0.184118075
336196.952,0.1841123794
336211.952,0.1841066843
336226.952,0.1841009898
336241.952,0.1840952959
336256.952,0.1840896026
336271.952,0.1840839098
336286.952,0.1840782176
336301.952,0.184072526
336316.952,0.184066835
336331.952,0.1840611445
336346.952,0.1840554547
336361.952,0.1840497654
336376.952,0.1840440767
336391.952,0.1840383885
336406.952,0.1840327009
336421.952,0.1840270139
336436.952,0.1840213275
336451.952,0.1840156417
336466.952,0.1840099564
336481.952,0.1840042717
336496.952,0.1839985876
336511.952,0.1839929041
336526.952,0.1839872211
336541.952,0.1839815388
336556.952,0.1839758569
336571.952,0.1839701757
336586.952,0.1839644951
336601.952,0.183958815
336616.952,0.1839531355
336631.952,0.1839474565
336646.952,0.1839417782
336661.952,0.1839361004
336676.952,0.1839304232
336691.952,0.1839247466
336706.952,0.1839190705
336721.952,0.183913395
336736.952,0.1839077201
336751.952,0.1839020458
336766.952,0.183896372
336781.952,0.1838906988
336796.952,0.1838850262
336811.952,0.1838793542
336826.952,0.1838736827
336841.952,0.1838680119
336856.952,0.1838623415
336871.952,0.1838566718
336886.952,0.1838510026
336901.952,0.183845334
336916.952,0.183839666
336931.952,0.1838339986
336946.952,0.1838283317
336961.952,0.1838226654
336976.952,0.1838169997
336991.952,0.1838113345
337006.952,0.18380567
337021.952,0.183800006
337036.952,0.1837943425
337051.952,0.1837886797
337066.952,0.1837830174
337081.952,0.1837773557
337096.952,0.1837716945
337111.952,0.1837660339
337126.952,0.1837603739
337141.952,0.1837547145
337156.952,0.1837490557
337171.952,0.1837433974
337186.952,0.1837377397
337201.952,0.1837320825
337216.952,0.183726426
337231.952,0.18372077
337246.952,0.1837151146
337261.952,0.1837094597
337276.952,0.1837038054
337291.952,0.1836981517
337306.952,0.1836924986
337321.952,0.183686846
337336.952,0.183681194
337351.952,0.1836755426
337366.952,0.1836698917
337381.952,0.1836642415
337396.952,0.1836585917
337411.952,0.1836529426
337426.952,0.183647294
337441.952,0.183641646
337456.952,0.1836359986
337471.952,0.1836303517
337486.952,0.1836247055
337501.952,0.1836190597
337516.952,0.1836134146
337531.952,0.18360777
337546.952,0.183602126
337561.952,0.1835964826
337576.952,0.1835908397
337591.952,0.1835851974
337606.952,0.1835795557
337621.952,0.1835739145
337636.952,0.1835682739
337651.952,0.1835626339
337666.952,0.1835569944
337681.952,0.1835513555
337696.952,0.1835457172
337711.952,0.1835400795
337726.952,0.1835344423
337741.952,0.1835288057
337756.952,0.1835231697
337771.952,0.1835175342
337786.952,0.1835118993
337801.952,0.1835062649
337816.952,0.1835006312
337831.952,0.183494998
337846.952,0.1834893653
337861.952,0.1834837333
337876.952,0.1834781018
337891.952,0.1834724709
337906.952,0.1834668405
337921.952,0.1834612107
337936.952,0.1834555815
337951.952,0.1834499528
337966.952,0.1834443247
337981.952,0.1834386972
337996.952,0.1834330703
338011.952,0.1834274439
338026.952,0.1834218181
338041.952,0.1834161928
338056.952,0.1834105681
338071.952,0.183404944
338086.952,0.1833993204
338101.952,0.1833936975
338116.952,0.183388075
338131.952,0.1833824532
338146.952,0.1833768319
338161.952,0.1833712112
338176.952,0.183365591
338191.952,0.1833599714
338206.952,0.1833543524
338221.952,0.1833487339
338236.952,0.1833431161
338251.952,0.1833374987
338266.952,0.183331882
338281.952,0.1833262658
338296.952,0.1833206501
338311.952,0.1833150351
338326.952,0.1833094206
338341.952,0.1833038067
338356.952,0.1832981933
338371.952,0.1832925805
338386.952,0.1832869682
338401.952,0.1832813566
338416.952,0.1832757455
338431.952,0.1832701349
338446.952,0.1832645249
338461.952,0.1832589155
338476.952,0.1832533067
338491.952,0.1832476984
338506.952,0.1832420907
338521.952,0.1832364835
338536.952,0.1832308769
338551.952,0.1832252709
338566.952,0.1832196654
338581.952,0.1832140605
338596.952,0.1832084562
338611.952,0.1832028524
338626.952,0.1831972492
338641.952,0.1831916466
338656.952,0.1831860445
338671.952,0.183180443
338686.952,0.183174842
338701.952,0.1831692416
338716.952,0.1831636418
338731.952,0.1831580425
338746.952,0.1831524438
338761.952,0.1831468457
338776.952,0.1831412481
338791.952,0.1831356511
338806.952,0.1831300546
338821.952,0.1831244587
338836.952,0.1831188634
338851.952,0.1831132686
338866.952,0.1831076744
338881.952,0.1831020808
338896.952,0.1830964877
338911.952,0.1830908952
338926.952,0.1830853032
338941.952,0.1830797118
338956.952,0.183074121
338971.952,0.1830685307
338986.952,0.183062941
339001.952,0.1830573519
339016.952,0.1830517633
339031.952,0.1830461752
339046.952,0.1830405878
339061.952,0.1830350009
339076.952,0.1830294145
339091.952,0.1830238287
339106.952,0.1830182435
339121.952,0.1830126589
339136.952,0.1830070748
339151.952,0.1830014912
339166.952,0.1829959082
339181.952,0.1829903258
339196.952,0.182984744
339211.952,0.1829791627
339226.952,0.1829735819
339241.952,0.1829680017
339256.952,0.1829624221
339271.952,0.1829568431
339286.952,0.1829512646
339301.952,0.1829456866
339316.952,0.1829401092
339331.952,0.1829345324
339346.952,0.1829289562
339361.952,0.1829233805
339376.952,0.1829178053
339391.952,0.1829122307
339406.952,0.1829066567
339421.952,0.1829010833
339436.952,0.1828955103
339451.952,0.182889938
339466.952,0.1828843662
339481.952,0.182878795
339496.952,0.1828732243
339511.952,0.1828676542
339526.952,0.1828620846
339541.952,0.1828565157
339556.952,0.1828509472
339571.952,0.1828453793
339586.952,0.182839812
339601.952,0.1828342452
339616.952,0.182828679
339631.952,0.1828231134
339646.952,0.1828175483
339661.952,0.1828119838
339676.952,0.1828064198
339691.952,0.1828008564
339706.952,0.1827952935
339721.952,0.1827897312
339736.952,0.1827841695
339751.952,0.1827786083
339766.952,0.1827730477
339781.952,0.1827674876
339796.952,0.1827619281
339811.952,0.1827563691
339826.952,0.1827508107
339841.952,0.1827452529
339856.952,0.1827396956
339871.952,0.1827341388
339886.952,0.1827285827
339901.952,0.182723027
339916.952,0.182717472
339931.952,0.1827119175
339946.952,0.1827063635
339961.952,0.1827008101
339976.952,0.1826952573
339991.952,0.182689705
340006.952,0.1826841532
340021.952,0.1826786021
340036.952,0.1826730515
340051.952,0.1826675014
340066.952,0.1826619519
340081.952,0.1826564029
340096.952,0.1826508545
340111.952,0.1826453067
340126.952,0.1826397594
340141.952,0.1826342127
340156.952,0.1826286665
340171.952,0.1826231209
340186.952,0.1826175758
340201.952,0.1826120313
340216.952,0.1826064873
340231.952,0.1826009439
340246.952,0.1825954011
340261.952,0.1825898588
340276.952,0.182584317
340291.952,0.1825787758
340306.952,0.1825732352
340321.952,0.1825676951
340336.952,0.1825621556
340351.952,0.1825566166
340366.952,0.1825510782
340381.952,0.1825455403
340396.952,0.182540003
340411.952,0.1825344663
340426.952,0.1825289301
340441.952,0.1825233944
340456.952,0.1825178593
340471.952,0.1825123248
340486.952,0.1825067908
340501.952,0.1825012573
340516.952,0.1824957245
340531.952,0.1824901921
340546.952,0.1824846603
340561.952,0.1824791291
340576.952,0.1824735984
340591.952,0.1824680683
340606.952,0.1824625387
340621.952,0.1824570097
340636.952,0.1824514812
340651.952,0.1824459533
340666.952,0.182440426
340681.952,0.1824348992
340696.952,0.1824293729
340711.952,0.1824238472
340726.952,0.182418322
340741.952,0.1824127974
340756.952,0.1824072734
340771.952,0.1824017499
340786.952,0.1823962269
340801.952,0.1823907045
340816.952,0.1823851827
340831.952,0.1823796614
340846.952,0.1823741406
340861.952,0.1823686204
340876.952,0.1823631008
340891.952,0.1823575817
340906.952,0.1823520631
340921.952,0.1823465452
340936.952,0.1823410277
340951.952,0.1823355108
340966.952,0.1823299945
340981.952,0.1823244787
340996.952,0.1823189634
341011.952,0.1823134487
341026.952,0.1823079346
341041.952,0.182302421
341056.952,0.182296908
341071.952,0.1822913955
341086.952,0.1822858835
341101.952,0.1822803721
341116.952,0.1822748613
341131.952,0.182269351
341146.952,0.1822638413
341161.952,0.1822583321
341176.952,0.1822528234
341191.952,0.1822473153
341206.952,0.1822418078
341221.952,0.1822363008
341236.952,0.1822307943
341251.952,0.1822252884
341266.952,0.1822197831
341281.952,0.1822142783
341296.952,0.182208774
341311.952,0.1822032703
341326.952,0.1821977671
341341.952,0.1821922645
341356.952,0.1821867625
341371.952,0.1821812609
341386.952,0.18217576
341401.952,0.1821702595
341416.952,0.1821647597
341431.952,0.1821592603
341446.952,0.1821537616
341461.952,0.1821482633
341476.952,0.1821427657
341491.952,0.1821372685
341506.952,0.1821317719
341521.952,0.1821262759
341536.952,0.1821207804
341551.952,0.1821152855
341566.952,0.1821097911
341581.952,0.1821042972
341596.952,0.1820988039
341611.952,0.1820933111
341626.952,0.1820878189
341641.952,0.1820823273
341656.952,0.1820768361
341671.952,0.1820713456
341686.952,0.1820658555
341701.952,0.1820603661
341716.952,0.1820548771
341731.952,0.1820493887
341746.952,0.1820439009
341761.952,0.1820384136
341776.952,0.1820329268
341791.952,0.1820274406
341806.952,0.182021955
341821.952,0.1820164699
341836.952,0.1820109853
341851.952,0.1820055013
341866.952,0.1820000178
341881.952,0.1819945349
341896.952,0.1819890525
341911.952,0.1819835706
341926.952,0.1819780893
341941.952,0.1819726086
341956.952,0.1819671284
341971.952,0.1819616487
341986.952,0.1819561696
342001.952,0.181950691
342016.952,0.181945213
342031.952,0.1819397355
342046.952,0.1819342586
342061.952,0.1819287822
342076.952,0.1819233063
342091.952,0.181917831
342106.952,0.1819123562
342121.952,0.181906882
342136.952,0.1819014083
342151.952,0.1818959352
342166.952,0.1818904626
342181.952,0.1818849906
342196.952,0.1818795191
342211.952,0.1818740481
342226.952,0.1818685777
342241.952,0.1818631078
342256.952,0.1818576385
342271.952,0.1818521697
342286.952,0.1818467015
342301.952,0.1818412338
342316.952,0.1818357666
342331.952,0.1818303
342346.952,0.1818248339
342361.952,0.1818193684
342376.952,0.1818139034
342391.952,0.181808439
342406.952,0.1818029751
342421.952,0.1817975117
342436.952,0.1817920489
342451.952,0.1817865866
342466.952,0.1817811249
342481.952,0.1817756637
342496.952,0.181770203
342511.952,0.1817647429
342526.952,0.1817592833
342541.952,0.1817538243
342556.952,0.1817483658
342571.952,0.1817429079
342586.952,0.1817374505
342601.952,0.1817319936
342616.952,0.1817265373
342631.952,0.1817210815
342646.952,0.1817156263
342661.952,0.1817101716
342676.952,0.1817047175
342691.952,0.1816992638
342706.952,0.1816938108
342721.952,0.1816883582
342736.952,0.1816829062
342751.952,0.1816774548
342766.952,0.1816720039
342781.952,0.1816665535
342796.952,0.1816611037
342811.952,0.1816556544
342826.952,0.1816502056
342841.952,0.1816447574
342856.952,0.1816393097
342871.952,0.1816338626
342886.952,0.181628416
342901.952,0.18162297
342916.952,0.1816175245
342931.952,0.1816120795
342946.952,0.181606635
342961.952,0.1816011912
342976.952,0.1815957478
342991.952,0.181590305
343006.952,0.1815848627
343021.952,0.181579421
343036.952,0.1815739798
343051.952,0.1815685391
343066.952,0.181563099
343081.952,0.1815576594
343096.952,0.1815522204
343111.952,0.1815467818
343126.952,0.1815413439
343141.952,0.1815359065
343156.952,0.1815304696
343171.952,0.1815250332
343186.952,0.1815195974
343201.952,0.1815141621
343216.952,0.1815087274
343231.952,0.1815032932
343246.952,0.1814978595
343261.952,0.1814924264
343276.952,0.1814869938
343291.952,0.1814815617
343306.952,0.1814761302
343321.952,0.1814706993
343336.952,0.1814652688
343351.952,0.1814598389
343366.952,0.1814544095
343381.952,0.1814489807
343396.952,0.1814435524
343411.952,0.1814381247
343426.952,0.1814326975
343441.952,0.1814272708
343456.952,0.1814218446
343471.952,0.181416419
343486.952,0.181410994
343501.952,0.1814055694
343516.952,0.1814001454
343531.952,0.181394722
343546.952,0.181389299
343561.952,0.1813838766
343576.952,0.1813784548
343591.952,0.1813730335
343606.952,0.1813676127
343621.952,0.1813621924
343636.952,0.1813567727
343651.952,0.1813513536
343666.952,0.1813459349
343681.952,0.1813405168
343696.952,0.1813350992
343711.952,0.1813296822
343726.952,0.1813242657
343741.952,0.1813188497
343756.952,0.1813134343
343771.952,0.1813080194
343786.952,0.1813026051
343801.952,0.1812971912
343816.952,0.1812917779
343831.952,0.1812863652
343846.952,0.181280953
343861.952,0.1812755413
343876.952,0.1812701301
343891.952,0.1812647195
343906.952,0.1812593094
343921.952,0.1812538999
343936.952,0.1812484909
343951.952,0.1812430824
343966.952,0.1812376744
343981.952,0.181232267
343996.952,0.1812268601
344011.952,0.1812214538
344026.952,0.181216048
344041.952,0.1812106427
344056.952,0.181205238
344071.952,0.1811998337
344086.952,0.1811944301
344101.952,0.1811890269
344116.952,0.1811836243
344131.952,0.1811782222
344146.952,0.1811728207
344161.952,0.1811674197
344176.952,0.1811620192
344191.952,0.1811566192
344206.952,0.1811512198
344221.952,0.1811458209
344236.952,0.1811404226
344251.952,0.1811350247
344266.952,0.1811296275
344281.952,0.1811242307
344296.952,0.1811188345
344311.952,0.1811134388
344326.952,0.1811080436
344341.952,0.181102649
344356.952,0.1810972549
344371.952,0.1810918613
344386.952,0.1810864683
344401.952,0.1810810758
344416.952,0.1810756838
344431.952,0.1810702924
344446.952,0.1810649015
344461.952,0.1810595111
344476.952,0.1810541213
344491.952,0.181048732
344506.952,0.1810433432
344521.952,0.1810379549
344536.952,0.1810325672
344551.952,0.18102718
344566.952,0.1810217934
344581.952,0.1810164072
344596.952,0.1810110216
344611.952,0.1810056366
344626.952,0.181000252
344641.952,0.180994868
344656.952,0.1809894845
344671.952,0.1809841016
344686.952,0.1809787192
344701.952,0.1809733373
344716.952,0.1809679559
344731.952,0.1809625751
344746.952,0.1809571948
344761.952,0.180951815
344776.952,0.1809464358
344791.952,0.1809410571
344806.952,0.1809356789
344821.952,0.1809303013
344836.952,0.1809249241
344851.952,0.1809195475
344866.952,0.1809141715
344881.952,0.1809087959
344896.952,0.1809034209
344911.952,0.1808980465
344926.952,0.1808926725
344941.952,0.1808872991
344956.952,0.1808819262
344971.952,0.1808765538
344986.952,0.180871182
345001.952,0.1808658107
345016.952,0.1808604399
345031.952,0.1808550697
345046.952,0.1808496999
345061.952,0.1808443308
345076.952,0.1808389621
345091.952,0.180833594
345106.952,0.1808282263
345121.952,0.1808228593
345136.952,0.1808174927
345151.952,0.1808121267
345166.952,0.1808067612
345181.952,0.1808013962
345196.952,0.1807960318
345211.952,0.1807906678
345226.952,0.1807853045
345241.952,0.1807799416
345256.952,0.1807745793
345271.952,0.1807692174
345286.952,0.1807638562
345301.952,0.1807584954
345316.952,0.1807531352
345331.952,0.1807477755
345346.952,0.1807424163
345361.952,0.1807370577
345376.952,0.1807316995
345391.952,0.1807263419
345406.952,0.1807209849
345421.952,0.1807156283
345436.952,0.1807102723
345451.952,0.1807049168
345466.952,0.1806995618
345481.952,0.1806942074
345496.952,0.1806888535
345511.952,0.1806835001
345526.952,0.1806781472
345541.952,0.1806727949
345556.952,0.1806674431
345571.952,0.1806620918
345586.952,0.180656741
345601.952,0.1806513908
345616.952,0.1806460411
345631.952,0.1806406919
345646.952,0.1806353432
345661.952,0.1806299951
345676.952,0.1806246475
345691.952,0.1806193004
345706.952,0.1806139538
345721.952,0.1806086078
345736.952,0.1806032623
345751.952,0.1805979173
345766.952,0.1805925728
345781.952,0.1805872289
345796.952,0.1805818855
345811.952,0.1805765426
345826.952,0.1805712002
345841.952,0.1805658584
345856.952,0.180560517
345871.952,0.1805551762
345886.952,0.180549836
345901.952,0.1805444962
345916.952,0.180539157
345931.952,0.1805338183
345946.952,0.1805284801
345961.952,0.1805231424
345976.952,0.1805178053
345991.952,0.1805124687
346006.952,0.1805071326
346021.952,0.180501797
346036.952,0.180496462
346051.952,0.1804911275
346066.952,0.1804857935
346081.952,0.18048046
346096.952,0.1804751271
346111.952,0.1804697946
346126.952,0.1804644627
346141.952,0.1804591313
346156.952,0.1804538005
346171.952,0.1804484701
346186.952,0.1804431403
346201.952,0.180437811
346216.952,0.1804324823
346231.952,0.180427154
346246.952,0.1804218263
346261.952,0.1804164991
346276.952,0.1804111724
346291.952,0.1804058462
346306.952,0.1804005206
346321.952,0.1803951955
346336.952,0.1803898709
346351.952,0.1803845468
346366.952,0.1803792232
346381.952,0.1803739002
346396.952,0.1803685777
346411.952,0.1803632557
346426.952,0.1803579342
346441.952,0.1803526132
346456.952,0.1803472928
346471.952,0.1803419729
346486.952,0.1803366535
346501.952,0.1803313346
346516.952,0.1803260163
346531.952,0.1803206985
346546.952,0.1803153811
346561.952,0.1803100644
346576.952,0.1803047481
346591.952,0.1802994323
346606.952,0.1802941171
346621.952,0.1802888024
346636.952,0.1802834882
346651.952,0.1802781745
346666.952,0.1802728614
346681.952,0.1802675488
346696.952,0.1802622366
346711.952,0.1802569251
346726.952,0.180251614
346741.952,0.1802463034
346756.952,0.1802409934
346771.952,0.1802356839
346786.952,0.1802303749
346801.952,0.1802250664
346816.952,0.1802197584
346831.952,0.180214451
346846.952,0.1802091441
346861.952,0.1802038377
346876.952,0.1801985318
346891.952,0.1801932264
346906.952,0.1801879216
346921.952,0.1801826172
346936.952,0.1801773134
346951.952,0.1801720101
346966.952,0.1801667074
346981.952,0.1801614051
346996.952,0.1801561034
347011.952,0.1801508022
347026.952,0.1801455014
347041.952,0.1801402013
347056.952,0.1801349016
347071.952,0.1801296024
347086.952,0.1801243038
347101.952,0.1801190057
347116.952,0.1801137081
347131.952,0.180108411
347146.952,0.1801031144
347161.952,0.1800978184
347176.952,0.1800925229
347191.952,0.1800872279
347206.952,0.1800819334
347221.952,0.1800766394
347236.952,0.1800713459
347251.952,0.180066053
347266.952,0.1800607605
347281.952,0.1800554686
347296.952,0.1800501772
347311.952,0.1800448864
347326.952,0.180039596
347341.952,0.1800343061
347356.952,0.1800290168
347371.952,0.180023728
347386.952,0.1800184397
347401.952,0.1800131519
347416.952,0.1800078646
347431.952,0.1800025779
347446.952,0.1799972916
347461.952,0.1799920059
347476.952,0.1799867207
347491.952,0.179981436
347506.952,0.1799761518
347521.952,0.1799708682
347536.952,0.179965585
347551.952,0.1799603024
347566.952,0.1799550203
347581.952,0.1799497387
347596.952,0.1799444576
347611.952,0.179939177
347626.952,0.179933897
347641.952,0.1799286174
347656.952,0.1799233384
347671.952,0.1799180599
347686.952,0.1799127819
347701.952,0.1799075044
347716.952,0.1799022274
347731.952,0.179896951
347746.952,0.179891675
347761.952,0.1798863996
347776.952,0.1798811247
347791.952,0.1798758503
347806.952,0.1798705764
347821.952,0.179865303
347836.952,0.1798600302
347851.952,0.1798547578
347866.952,0.179849486
347881.952,0.1798442147
347896.952,0.1798389439
347911.952,0.1798336736
347926.952,0.1798284038
347941.952,0.1798231345
347956.952,0.1798178658
347971.952,0.1798125975
347986.952,0.1798073298
348001.952,0.1798020626
348016.952,0.1797967959
348031.952,0.1797915297
348046.952,0.179786264
348061.952,0.1797809989
348076.952,0.1797757342
348091.952,0.1797704701
348106.952,0.1797652064
348121.952,0.1797599433
348136.952,0.1797546807
348151.952,0.1797494186
348166.952,0.1797441571
348181.952,0.179738896
348196.952,0.1797336354
348211.952,0.1797283754
348226.952,0.1797231159
348241.952,0.1797178568
348256.952,0.1797125983
348271.952,0.1797073403
348286.952,0.1797020828
348301.952,0.1796968259
348316.952,0.1796915694
348331.952,0.1796863134
348346.952,0.179681058
348361.952,0.1796758031
348376.952,0.1796705487
348391.952,0.1796652947
348406.952,0.1796600413
348421.952,0.1796547885
348436.952,0.1796495361
348451.952,0.1796442842
348466.952,0.1796390329
348481.952,0.179633782
348496.952,0.1796285317
348511.952,0.1796232818
348526.952,0.1796180325
348541.952,0.1796127837
348556.952,0.1796075354
348571.952,0.1796022876
348586.952,0.1795970404
348601.952,0.1795917936
348616.952,0.1795865473
348631.952,0.1795813016
348646.952,0.1795760563
348661.952,0.1795708116
348676.952,0.1795655674
348691.952,0.1795603237
348706.952,0.1795550805
348721.952,0.1795498378
348736.952,0.1795445956
348751.952,0.1795393539
348766.952,0.1795341128
348781.952,0.1795288721
348796.952,0.179523632
348811.952,0.1795183923
348826.952,0.1795131532
348841.952,0.1795079146
348856.952,0.1795026765
348871.952,0.1794974389
348886.952,0.1794922018
348901.952,0.1794869652
348916.952,0.1794817291
348931.952,0.1794764935
348946.952,0.1794712585
348961.952,0.1794660239
348976.952,0.1794607899
348991.952,0.1794555563
349006.952,0.1794503233
349021.952,0.1794450908
349036.952,0.1794398587
349051.952,0.1794346272
349066.952,0.1794293962
349081.952,0.1794241657
349096.952,0.1794189357
349111.952,0.1794137063
349126.952,0.1794084773
349141.952,0.1794032488
349156.952,0.1793980208
349171.952,0.1793927934
349186.952,0.1793875664
349201.952,0.17938234
349216.952,0.1793771141
349231.952,0.1793718886
349246.952,0.1793666637
349261.952,0.1793614393
349276.952,0.1793562154
349291.952,0.179350992
349306.952,0.1793457691
349321.952,0.1793405467
349336.952,0.1793353248
349351.952,0.1793301035
349366.952,0.1793248826
349381.952,0.1793196622
349396.952,0.1793144424
349411.952,0.179309223
349426.952,0.1793040042
349441.952,0.1792987858
349456.952,0.179293568
349471.952,0.1792883506
349486.952,0.1792831338
349501.952,0.1792779175
349516.952,0.1792727017
349531.952,0.1792674864
349546.952,0.1792622716
349561.952,0.1792570572
349576.952,0.1792518435
349591.952,0.1792466302
349606.952,0.1792414174
349621.952,0.1792362051
349636.952,0.1792309933
349651.952,0.179225782
349666.952,0.1792205713
349681.952,0.179215361
349696.952,0.1792101512
349711.952,0.179204942
349726.952,0.1791997332
349741.952,0.179194525
349756.952,0.1791893172
349771.952,0.17918411
349786.952,0.1791789032
349801.952,0.179173697
349816.952,0.1791684913
349831.952,0.1791632861
349846.952,0.1791580813
349861.952,0.1791528771
349876.952,0.1791476734
349891.952,0.1791424702
349906.952,0.1791372675
349921.952,0.1791320653
349936.952,0.1791268636
349951.952,0.1791216624
349966.952,0.1791164617
349981.952,0.1791112615
349996.952,0.1791060618
350011.952,0.1791008626
350026.952,0.1790956639
350041.952,0.1790904657
350056.952,0.179085268
350071.952,0.1790800708
350086.952,0.1790748742
350101.952,0.179069678
350116.952,0.1790644823
350131.952,0.1790592871
350146.952,0.1790540925
350161.952,0.1790488983
350176.952,0.1790437046
350191.952,0.1790385115
350206.952,0.1790333188
350221.952,0.1790281267
350236.952,0.179022935
350251.952,0.1790177438
350266.952,0.1790125532
350281.952,0.179007363
350296.952,0.1790021734
350311.952,0.1789969842
350326.952,0.1789917956
350341.952,0.1789866074
350356.952,0.1789814198
350371.952,0.1789762326
350386.952,0.178971046
350401.952,0.1789658598
350416.952,0.1789606742
350431.952,0.178955489
350446.952,0.1789503044
350461.952,0.1789451202
350476.952,0.1789399366
350491.952,0.1789347535
350506.952,0.1789295708
350521.952,0.1789243887
350536.952,0.178919207
350551.952,0.1789140259
350566.952,0.1789088452
350581.952,0.1789036651
350596.952,0.1788984854
350611.952,0.1788933063
350626.952,0.1788881277
350641.952,0.1788829495
350656.952,0.1788777719
350671.952,0.1788725947
350686.952,0.1788674181
350701.952,0.1788622419
350716.952,0.1788570663
350731.952,0.1788518911
350746.952,0.1788467165
350761.952,0.1788415423
350776.952,0.1788363687
350791.952,0.1788311955
350806.952,0.1788260229
350821.952,0.1788208507
350836.952,0.178815679
350851.952,0.1788105079
350866.952,0.1788053372
350881.952,0.1788001671
350896.952,0.1787949974
350911.952,0.1787898282
350926.952,0.1787846596
350941.952,0.1787794914
350956.952,0.1787743237
350971.952,0.1787691565
350986.952,0.1787639899
351001.952,0.1787588237
351016.952,0.178753658
351031.952,0.1787484928
351046.952,0.1787433281
351061.952,0.1787381639
351076.952,0.1787330003
351091.952,0.1787278371
351106.952,0.1787226744
351121.952,0.1787175122
351136.952,0.1787123505
351151.952,0.1787071893
351166.952,0.1787020286
351181.952,0.1786968683
351196.952,0.1786917086
351211.952,0.1786865494
351226.952,0.1786813907
351241.952,0.1786762325
351256.952,0.1786710747
351271.952,0.1786659175
351286.952,0.1786607608
351301.952,0.1786556045
351316.952,0.1786504488
351331.952,0.1786452935
351346.952,0.1786401388
351361.952,0.1786349845
351376.952,0.1786298308
351391.952,0.1786246775
351406.952,0.1786195248
351421.952,0.1786143725
351436.952,0.1786092207
351451.952,0.1786040694
351466.952,0.1785989186
351481.952,0.1785937684
351496.952,0.1785886186
351511.952,0.1785834693
351526.952,0.1785783205
351541.952,0.1785731722
351556.952,0.1785680243
351571.952,0.178562877
351586.952,0.1785577302
351601.952,0.1785525839
351616.952,0.178547438
351631.952,0.1785422927
351646.952,0.1785371479
351661.952,0.1785320035
351676.952,0.1785268597
351691.952,0.1785217163
351706.952,0.1785165734
351721.952,0.1785114311
351736.952,0.1785062892
351751.952,0.1785011478
351766.952,0.1784960069
351781.952,0.1784908665
351796.952,0.1784857266
351811.952,0.1784805872
351826.952,0.1784754483
351841.952,0.1784703099
351856.952,0.178465172
351871.952,0.1784600345
351886.952,0.1784548976
351901.952,0.1784497611
351916.952,0.1784446252
351931.952,0.1784394897
351946.952,0.1784343548
351961.952,0.1784292203
351976.952,0.1784240863
351991.952,0.1784189528
352006.952,0.1784138198
352021.952,0.1784086873
352036.952,0.1784035553
352051.952,0.1783984238
352066.952,0.1783932928
352081.952,0.1783881622
352096.952,0.1783830322
352111.952,0.1783779027
352126.952,0.1783727736
352141.952,0.178367645
352156.952,0.178362517
352171.952,0.1783573894
352186.952,0.1783522623
352201.952,0.1783471357
352216.952,0.1783420096
352231.952,0.178336884
352246.952,0.1783317589
352261.952,0.1783266343
352276.952,0.1783215101
352291.952,0.1783163865
352306.952,0.1783112633
352321.952,0.1783061407
352336.952,0.1783010185
352351.952,0.1782958968
352366.952,0.1782907757
352381.952,0.178285655
352396.952,0.1782805348
352411.952,0.178275415
352426.952,0.1782702958
352441.952,0.1782651771
352456.952,0.1782600588
352471.952,0.1782549411
352486.952,0.1782498238
352501.952,0.1782447071
352516.952,0.1782395908
352531.952,0.178234475
352546.952,0.1782293597
352561.952,0.1782242449
352576.952,0.1782191306
352591.952,0.1782140167
352606.952,0.1782089034
352621.952,0.1782037906
352636.952,0.1781986782
352651.952,0.1781935663
352666.952,0.178188455
352681.952,0.1781833441
352696.952,0.1781782337
352711.952,0.1781731238
352726.952,0.1781680143
352741.952,0.1781629054
352756.952,0.178157797
352771.952,0.178152689
352786.952,0.1781475816
352801.952,0.1781424746
352816.952,0.1781373681
352831.952,0.1781322621
352846.952,0.1781271566
352861.952,0.1781220516
352876.952,0.178116947
352891.952,0.178111843
352906.952,0.1781067394
352921.952,0.1781016364
352936.952,0.1780965338
352951.952,0.1780914317
352966.952,0.1780863301
352981.952,0.178081229
352996.952,0.1780761284
353011.952,0.1780710283
353026.952,0.1780659286
353041.952,0.1780608294
353056.952,0.1780557308
353071.952,0.1780506326
353086.952,0.1780455349
353101.952,0.1780404377
353116.952,0.178035341
353131.952,0.1780302447
353146.952,0.178025149
353161.952,0.1780200537
353176.952,0.178014959
353191.952,0.1780098647
353206.952,0.1780047709
353221.952,0.1779996776
353236.952,0.1779945848
353251.952,0.1779894924
353266.952,0.1779844006
353281.952,0.1779793092
353296.952,0.1779742183
353311.952,0.1779691279
353326.952,0.177964038
353341.952,0.1779589486
353356.952,0.1779538597
353371.952,0.1779487713
353386.952,0.1779436833
353401.952,0.1779385958
353416.952,0.1779335088
353431.952,0.1779284223
353446.952,0.1779233363
353461.952,0.1779182508
353476.952,0.1779131658
353491.952,0.1779080812
353506.952,0.1779029971
353521.952,0.1778979136
353536.952,0.1778928305
353551.952,0.1778877479
353566.952,0.1778826657
353581.952,0.1778775841
353596.952,0.1778725029
353611.952,0.1778674223
353626.952,0.1778623421
353641.952,0.1778572624
353656.952,0.1778521832
353671.952,0.1778471044
353686.952,0.1778420262
353701.952,0.1778369484
353716.952,0.1778318712
353731.952,0.1778267944
353746.952,0.1778217181
353761.952,0.1778166422
353776.952,0.1778115669
353791.952,0.177806492
353806.952,0.1778014177
353821.952,0.1777963438
353836.952,0.1777912704
353851.952,0.1777861975
353866.952,0.177781125
353881.952,0.1777760531
353896.952,0.1777709816
353911.952,0.1777659106
353926.952,0.1777608401
353941.952,0.1777557701
353956.952,0.1777507006
353971.952,0.1777456316
353986.952,0.177740563
354001.952,0.1777354949
354016.952,0.1777304273
354031.952,0.1777253602
354046.952,0.1777202936
354061.952,0.1777152274
354076.952,0.1777101618
354091.952,0.1777050966
354106.952,0.1777000319
354121.952,0.1776949677
354136.952,0.1776899039
354151.952,0.1776848407
354166.952,0.1776797779
354181.952,0.1776747156
354196.952,0.1776696538
354211.952,0.1776645925
354226.952,0.1776595317
354241.952,0.1776544713
354256.952,0.1776494114
354271.952,0.1776443521
354286.952,0.1776392931
354301.952,0.1776342347
354316.952,0.1776291768
354331.952,0.1776241193
354346.952,0.1776190623
354361.952,0.1776140058
354376.952,0.1776089498
354391.952,0.1776038943
354406.952,0.1775988392
354421.952,0.1775937846
354436.952,0.1775887305
354451.952,0.1775836769
354466.952,0.1775786238
354481.952,0.1775735712
354496.952,0.177568519
354511.952,0.1775634673
354526.952,0.1775584161
354541.952,0.1775533654
354556.952,0.1775483151
354571.952,0.1775432654
354586.952,0.1775382161
354601.952,0.1775331673
354616.952,0.177528119
354631.952,0.1775230711
354646.952,0.1775180238
354661.952,0.1775129769
354676.952,0.1775079305
354691.952,0.1775028846
354706.952,0.1774978391
354721.952,0.1774927942
354736.952,0.1774877497
354751.952,0.1774827057
354766.952,0.1774776621
354781.952,0.1774726191
354796.952,0.1774675765
354811.952,0.1774625345
354826.952,0.1774574929
354841.952,0.1774524517
354856.952,0.1774474111
354871.952,0.1774423709
354886.952,0.1774373312
354901.952,0.177432292
354916.952,0.1774272533
354931.952,0.1774222151
354946.952,0.1774171773
354961.952,0.17741214
354976.952,0.1774071032
354991.952,0.1774020669
355006.952,0.177397031
355021.952,0.1773919956
355036.952,0.1773869607
355051.952,0.1773819263
355066.952,0.1773768924
355081.952,0.1773718589
355096.952,0.1773668259
355111.952,0.1773617934
355126.952,0.1773567614
355141.952,0.1773517299
355156.952,0.1773466988
355171.952,0.1773416682
355186.952,0.1773366381
355201.952,0.1773316084
355216.952,0.1773265793
355231.952,0.1773215506
355246.952,0.1773165224
355261.952,0.1773114947
355276.952,0.1773064674
355291.952,0.1773014406
355306.952,0.1772964143
355321.952,0.1772913885
355336.952,0.1772863632
355351.952,0.1772813383
355366.952,0.1772763139
355381.952,0.17727129
355396.952,0.1772662666
355411.952,0.1772612436
355426.952,0.1772562212
355441.952,0.1772511992
355456.952,0.1772461776
355471.952,0.1772411566
355486.952,0.177236136
355501.952,0.1772311159
355516.952,0.1772260963
355531.952,0.1772210771
355546.952,0.1772160585
355561.952,0.1772110403
355576.952,0.1772060226
355591.952,0.1772010053
355606.952,0.1771959886
355621.952,0.1771909723
355636.952,0.1771859565
355651.952,0.1771809411
355666.952,0.1771759263
355681.952,0.1771709119
355696.952,0.177165898
355711.952,0.1771608845
355726.952,0.1771558716
355741.952,0.1771508591
355756.952,0.1771458471
355771.952,0.1771408356
355786.952,0.1771358245
355801.952,0.1771308139
355816.952,0.1771258038
355831.952,0.1771207942
355846.952,0.177115785
355861.952,0.1771107763
355876.952,0.1771057681
355891.952,0.1771007604
355906.952,0.1770957531
355921.952,0.1770907463
355936.952,0.17708574
355951.952,0.1770807342
355966.952,0.1770757288
355981.952,0.1770707239
355996.952,0.1770657195
356011.952,0.1770607156
356026.952,0.1770557121
356041.952,0.1770507091
356056.952,0.1770457066
356071.952,0.1770407045
356086.952,0.177035703
356101.952,0.1770307019
356116.952,0.1770257013
356131.952,0.1770207011
356146.952,0.1770157014
356161.952,0.1770107022
356176.952,0.1770057035
356191.952,0.1770007052
356206.952,0.1769957074
356221.952,0.1769907101
356236.952,0.1769857133
356251.952,0.1769807169
356266.952,0.176975721
356281.952,0.1769707256
356296.952,0.1769657307
356311.952,0.1769607362
356326.952,0.1769557422
356341.952,0.1769507487
356356.952,0.1769457556
356371.952,0.176940763
356386.952,0.1769357709
356401.952,0.1769307793
356416.952,0.1769257881
356431.952,0.1769207974
356446.952,0.1769158072
356461.952,0.1769108174
356476.952,0.1769058281
356491.952,0.1769008393
356506.952,0.176895851
356521.952,0.1768908631
356536.952,0.1768858757
356551.952,0.1768808888
356566.952,0.1768759024
356581.952,0.1768709164
356596.952,0.1768659309
356611.952,0.1768609459
356626.952,0.1768559613
356641.952,0.1768509772
356656.952,0.1768459936
356671.952,0.1768410104
356686.952,0.1768360277
356701.952,0.1768310455
356716.952,0.1768260638
356731.952,0.1768210825
356746.952,0.1768161017
356761.952,0.1768111214
356776.952,0.1768061415
356791.952,0.1768011622
356806.952,0.1767961832
356821.952,0.1767912048
356836.952,0.1767862268
356851.952,0.1767812493
356866.952,0.1767762723
356881.952,0.1767712957
356896.952,0.1767663196
356911.952,0.176761344
356926.952,0.1767563688
356941.952,0.1767513942
356956.952,0.1767464199
356971.952,0.1767414462
356986.952,0.1767364729
357001.952,0.1767315001
357016.952,0.1767265278
357031.952,0.1767215559
357046.952,0.1767165845
357061.952,0.1767116136
357076.952,0.1767066431
357091.952,0.1767016731
357106.952,0.1766967036
357121.952,0.1766917346
357136.952,0.176686766
357151.952,0.1766817979
357166.952,0.1766768302
357181.952,0.176671863
357196.952,0.1766668963
357211.952,0.1766619301
357226.952,0.1766569643
357241.952,0.176651999
357256.952,0.1766470342
357271.952,0.1766420698
357286.952,0.1766371059
357301.952,0.1766321425
357316.952,0.1766271795
357331.952,0.176622217
357346.952,0.176617255
357361.952,0.1766122934
357376.952,0.1766073323
357391.952,0.1766023717
357406.952,0.1765974116
357421.952,0.1765924519
357436.952,0.1765874927
357451.952,0.1765825339
357466.952,0.1765775756
357481.952,0.1765726178
357496.952,0.1765676605
357511.952,0.1765627036
357526.952,0.1765577472
357541.952,0.1765527912
357556.952,0.1765478357
357571.952,0.1765428807
357586.952,0.1765379262
357601.952,0.1765329721
357616.952,0.1765280185
357631.952,0.1765230653
357646.952,0.1765181126
357661.952,0.1765131604
357676.952,0.1765082087
357691.952,0.1765032574
357706.952,0.1764983066
357721.952,0.1764933562
357736.952,0.1764884063
357751.952,0.1764834569
357766.952,0.176478508
357781.952,0.1764735595
357796.952,0.1764686115
357811.952,0.1764636639
357826.952,0.1764587168
357841.952,0.1764537702
357856.952,0.1764488241
357871.952,0.1764438784
357886.952,0.1764389331
357901.952,0.1764339884
357916.952,0.1764290441
357931.952,0.1764241003
357946.952,0.1764191569
357961.952,0.176414214
357976.952,0.1764092716
357991.952,0.1764043296
358006.952,0.1763993881
358021.952,0.1763944471
358036.952,0.1763895065
358051.952,0.1763845664
358066.952,0.1763796267
358081.952,0.1763746875
358096.952,0.1763697488
358111.952,0.1763648106
358126.952,0.1763598728
358141.952,0.1763549355
358156.952,0.1763499986
358171.952,0.1763450622
358186.952,0.1763401263
358201.952,0.1763351908
358216.952,0.1763302558
358231.952,0.1763253213
358246.952,0.1763203872
358261.952,0.1763154536
358276.952,0.1763105205
358291.952,0.1763055878
358306.952,0.1763006556
358321.952,0.1762957238
358336.952,0.1762907925
358351.952,0.1762858617
358366.952,0.1762809313
358381.952,0.1762760014
358396.952,0.176271072
358411.952,0.176266143
358426.952,0.1762612145
358441.952,0.1762562865
358456.952,0.1762513589
358471.952,0.1762464318
358486.952,0.1762415051
358501.952,0.1762365789
358516.952,0.1762316532
358531.952,0.1762267279
358546.952,0.1762218031
358561.952,0.1762168788
358576.952,0.1762119549
358591.952,0.1762070314
358606.952,0.1762021085
358621.952,0.176197186
358636.952,0.176192264
358651.952,0.1761873424
358666.952,0.1761824213
358681.952,0.1761775006
358696.952,0.1761725804
358711.952,0.1761676607
358726.952,0.1761627415
358741.952,0.1761578227
358756.952,0.1761529043
358771.952,0.1761479864
358786.952,0.176143069
358801.952,0.1761381521
358816.952,0.1761332356
358831.952,0.1761283195
358846.952,0.176123404
358861.952,0.1761184889
358876.952,0.1761135742
358891.952,0.17610866
358906.952,0.1761037463
358921.952,0.176098833
358936.952,0.1760939202
358951.952,0.1760890079
358966.952,0.176084096
358981.952,0.1760791846
358996.952,0.1760742736
359011.952,0.1760693631
359026.952,0.1760644531
359041.952,0.1760595435
359056.952,0.1760546344
359071.952,0.1760497257
359086.952,0.1760448175
359101.952,0.1760399098
359116.952,0.1760350025
359131.952,0.1760300957
359146.952,0.1760251893
359161.952,0.1760202834
359176.952,0.176015378
359191.952,0.176010473
359206.952,0.1760055685
359221.952,0.1760006644
359236.952,0.1759957608
359251.952,0.1759908577
359266.952,0.175985955
359281.952,0.1759810528
359296.952,0.175976151
359311.952,0.1759712497
359326.952,0.1759663489
359341.952,0.1759614485
359356.952,0.1759565486
359371.952,0.1759516491
359386.952,0.1759467501
359401.952,0.1759418515
359416.952,0.1759369534
359431.952,0.1759320558
359446.952,0.1759271586
359461.952,0.1759222619
359476.952,0.1759173657
359491.952,0.1759124699
359506.952,0.1759075745
359521.952,0.1759026796
359536.952,0.1758977852
359551.952,0.1758928912
359566.952,0.1758879977
359581.952,0.1758831047
359596.952,0.1758782121
359611.952,0.17587332
359626.952,0.1758684283
359641.952,0.1758635371
359656.952,0.1758586463
359671.952,0.175853756
359686.952,0.1758488662
359701.952,0.1758439768
359716.952,0.1758390878
359731.952,0.1758341994
359746.952,0.1758293113
359761.952,0.1758244238
359776.952,0.1758195367
359791.952,0.17581465
359806.952,0.1758097639
359821.952,0.1758048781
359836.952,0.1757999928
359851.952,0.175795108
359866.952,0.1757902237
359881.952,0.1757853398
359896.952,0.1757804563
359911.952,0.1757755733
359926.952,0.1757706908
359941.952,0.1757658087
359956.952,0.1757609271
359971.952,0.1757560459
359986.952,0.1757511652
360001.952,0.175746285
360016.952,0.1757414052
360031.952,0.1757365258
360046.952,0.175731647
360061.952,0.1757267685
360076.952,0.1757218906
360091.952,0.175717013
360106.952,0.175712136
360121.952,0.1757072594
360136.952,0.1757023832
360151.952,0.1756975075
360166.952,0.1756926323
360181.952,0.1756877575
360196.952,0.1756828832
360211.952,0.1756780093
360226.952,0.1756731359
360241.952,0.1756682629
360256.952,0.1756633904
360271.952,0.1756585184
360286.952,0.1756536468
360301.952,0.1756487756
360316.952,0.1756439049
360331.952,0.1756390347
360346.952,0.1756341649
360361.952,0.1756292956
360376.952,0.1756244267
360391.952,0.1756195583
360406.952,0.1756146904
360421.952,0.1756098229
360436.952,0.1756049558
360451.952,0.1756000892
360466.952,0.1755952231
360481.952,0.1755903574
360496.952,0.1755854921
360511.952,0.1755806274
360526.952,0.175575763
360541.952,0.1755708992
360556.952,0.1755660357
360571.952,0.1755611728
360586.952,0.1755563103
360601.952,0.1755514482
360616.952,0.1755465866
360631.952,0.1755417254
360646.952,0.1755368647
360661.952,0.1755320045
360676.952,0.1755271447
360691.952,0.1755222854
360706.952,0.1755174265
360721.952,0.175512568
360736.952,0.1755077101
360751.952,0.1755028525
360766.952,0.1754979955
360781.952,0.1754931388
360796.952,0.1754882827
360811.952,0.175483427
360826.952,0.1754785717
360841.952,0.1754737169
360856.952,0.1754688625
360871.952,0.1754640086
360886.952,0.1754591552
360901.952,0.1754543022
360916.952,0.1754494496
360931.952,0.1754445975
360946.952,0.1754397459
360961.952,0.1754348947
360976.952,0.1754300439
360991.952,0.1754251937
361006.952,0.1754203438
361021.952,0.1754154944
361036.952,0.1754106455
361051.952,0.175405797
361066.952,0.175400949
361081.952,0.1753961014
361096.952,0.1753912543
361111.952,0.1753864076
361126.952,0.1753815614
361141.952,0.1753767156
361156.952,0.1753718703
361171.952,0.1753670254
361186.952,0.175362181
361201.952,0.175357337
361216.952,0.1753524935
361231.952,0.1753476504
361246.952,0.1753428078
361261.952,0.1753379657
361276.952,0.1753331239
361291.952,0.1753282827
361306.952,0.1753234419
361321.952,0.1753186015
361336.952,0.1753137616
361351.952,0.1753089221
361366.952,0.1753040831
361381.952,0.1752992446
361396.952,0.1752944064
361411.952,0.1752895688
361426.952,0.1752847316
361441.952,0.1752798948
361456.952,0.1752750585
361471.952,0.1752702226
361486.952,0.1752653872
361501.952,0.1752605523
361516.952,0.1752557177
361531.952,0.1752508837
361546.952,0.1752460501
361561.952,0.1752412169
361576.952,0.1752363842
361591.952,0.1752315519
361606.952,0.1752267201
361621.952,0.1752218887
361636.952,0.1752170578
361651.952,0.1752122273
361666.952,0.1752073973
361681.952,0.1752025678
361696.952,0.1751977386
361711.952,0.17519291
361726.952,0.1751880817
361741.952,0.175183254
361756.952,0.1751784266
361771.952,0.1751735998
361786.952,0.1751687733
361801.952,0.1751639473
361816.952,0.1751591218
361831.952,0.1751542967
361846.952,0.1751494721
361861.952,0.1751446479
361876.952,0.1751398241
361891.952,0.1751350009
361906.952,0.175130178
361921.952,0.1751253556
361936.952,0.1751205337
361951.952,0.1751157122
361966.952,0.1751108911
361981.952,0.1751060705
361996.952,0.1751012503
362011.952,0.1750964306
362026.952,0.1750916114
362041.952,0.1750867926
362056.952,0.1750819742
362071.952,0.1750771563
362086.952,0.1750723388
362101.952,0.1750675218
362116.952,0.1750627052
362131.952,0.175057889
362146.952,0.1750530734
362161.952,0.1750482581
362176.952,0.1750434433
362191.952,0.175038629
362206.952,0.1750338151
362221.952,0.1750290016
362236.952,0.1750241886
362251.952,0.1750193761
362266.952,0.1750145639
362281.952,0.1750097523
362296.952,0.1750049411
362311.952,0.1750001303
362326.952,0.17499532
362341.952,0.1749905101
362356.952,0.1749857006
362371.952,0.1749808916
362386.952,0.1749760831
362401.952,0.174971275
362416.952,0.1749664674
362431.952,0.1749616601
362446.952,0.1749568534
362461.952,0.1749520471
362476.952,0.1749472412
362491.952,0.1749424358
362506.952,0.1749376308
362521.952,0.1749328263
362536.952,0.1749280222
362551.952,0.1749232185
362566.952,0.1749184153
362581.952,0.1749136126
362596.952,0.1749088103
362611.952,0.1749040084
362626.952,0.174899207
362641.952,0.174894406
362656.952,0.1748896055
362671.952,0.1748848054
362686.952,0.1748800058
362701.952,0.1748752066
362716.952,0.1748704078
362731.952,0.1748656095
362746.952,0.1748608117
362761.952,0.1748560142
362776.952,0.1748512173
362791.952,0.1748464207
362806.952,0.1748416247
362821.952,0.174836829
362836.952,0.1748320338
362851.952,0.1748272391
362866.952,0.1748224448
362881.952,0.1748176509
362896.952,0.1748128575
362911.952,0.1748080645
362926.952,0.174803272
362941.952,0.1747984799
362956.952,0.1747936882
362971.952,0.174788897
362986.952,0.1747841063
363001.952,0.174779316
363016.952,0.1747745261
363031.952,0.1747697367
363046.952,0.1747649477
363061.952,0.1747601591
363076.952,0.174755371
363091.952,0.1747505834
363106.952,0.1747457962
363121.952,0.1747410094
363136.952,0.1747362231
363151.952,0.1747314372
363166.952,0.1747266517
363181.952,0.1747218667
363196.952,0.1747170822
363211.952,0.1747122981
363226.952,0.1747075144
363241.952,0.1747027312
363256.952,0.1746979484
363271.952,0.174693166
363286.952,0.1746883841
363301.952,0.1746836027
363316.952,0.1746788216
363331.952,0.1746740411
363346.952,0.1746692609
363361.952,0.1746644812
363376.952,0.174659702
363391.952,0.1746549232
363406.952,0.1746501448
363421.952,0.1746453669
363436.952,0.1746405894
363451.952,0.1746358123
363466.952,0.1746310357
363481.952,0.1746262596
363496.952,0.1746214838
363511.952,0.1746167086
363526.952,0.1746119337
363541.952,0.1746071593
363556.952,0.1746023854
363571.952,0.1745976119
363586.952,0.1745928388
363601.952,0.1745880662
363616.952,0.174583294
363631.952,0.1745785222
363646.952,0.1745737509
363661.952,0.17456898
363676.952,0.1745642096
363691.952,0.1745594396
363706.952,0.1745546701
363721.952,0.1745499009
363736.952,0.1745451323
363751.952,0.174540364
363766.952,0.1745355963
363781.952,0.1745308289
363796.952,0.174526062
363811.952,0.1745212955
363826.952,0.1745165295
363841.952,0.1745117639
363856.952,0.1745069988
363871.952,0.1745022341
363886.952,0.1744974698
363901.952,0.174492706
363916.952,0.1744879426
363931.952,0.1744831796
363946.952,0.1744784171
363961.952,0.174473655
363976.952,0.1744688934
363991.952,0.1744641322
364006.952,0.1744593714
364021.952,0.1744546111
364036.952,0.1744498513
364051.952,0.1744450918
364066.952,0.1744403328
364081.952,0.1744355743
364096.952,0.1744308161
364111.952,0.1744260585
364126.952,0.1744213012
364141.952,0.1744165444
364156.952,0.174411788
364171.952,0.1744070321
364186.952,0.1744022766
364201.952,0.1743975216
364216.952,0.174392767
364231.952,0.1743880128
364246.952,0.174383259
364261.952,0.1743785057
364276.952,0.1743737529
364291.952,0.1743690005
364306.952,0.1743642485
364321.952,0.1743594969
364336.952,0.1743547458
364351.952,0.1743499951
364366.952,0.1743452449
364381.952,0.1743404951
364396.952,0.1743357458
364411.952,0.1743309968
364426.952,0.1743262483
364441.952,0.1743215003
364456.952,0.1743167527
364471.952,0.1743120055
364486.952,0.1743072588
364501.952,0.1743025125
364516.952,0.1742977666
364531.952,0.1742930212
364546.952,0.1742882762
364561.952,0.1742835317
364576.952,0.1742787875
364591.952,0.1742740439
364606.952,0.1742693006
364621.952,0.1742645578
364636.952,0.1742598155
364651.952,0.1742550735
364666.952,0.174250332
364681.952,0.174245591
364696.952,0.1742408504
364711.952,0.1742361102
364726.952,0.1742313704
364741.952,0.1742266311
364756.952,0.1742218922
364771.952,0.1742171538
364786.952,0.1742124158
364801.952,0.1742076782
364816.952,0.1742029411
364831.952,0.1741982044
364846.952,0.1741934681
364861.952,0.1741887323
364876.952,0.1741839969
364891.952,0.1741792619
364906.952,0.1741745274
364921.952,0.1741697933
364936.952,0.1741650597
364951.952,0.1741603265
364966.952,0.1741555937
364981.952,0.1741508614
364996.952,0.1741461294
365011.952,0.174141398
365026.952,0.1741366669
365041.952,0.1741319363
365056.952,0.1741272062
365071.952,0.1741224764
365086.952,0.1741177471
365101.952,0.1741130183
365116.952,0.1741082898
365131.952,0.1741035618
365146.952,0.1740988343
365161.952,0.1740941072
365176.952,0.1740893805
365191.952,0.1740846542
365206.952,0.1740799284
365221.952,0.174075203
365236.952,0.174070478
365251.952,0.1740657535
365266.952,0.1740610294
365281.952,0.1740563058
365296.952,0.1740515825
365311.952,0.1740468598
365326.952,0.1740421374
365341.952,0.1740374155
365356.952,0.174032694
365371.952,0.1740279729
365386.952,0.1740232523
365401.952,0.1740185321
365416.952,0.1740138124
365431.952,0.1740090931
365446.952,0.1740043742
365461.952,0.1739996557
365476.952,0.1739949377
365491.952,0.1739902201
365506.952,0.173985503
365521.952,0.1739807863
365536.952,0.17397607
365551.952,0.1739713541
365566.952,0.1739666387
365581.952,0.1739619237
365596.952,0.1739572091
365611.952,0.173952495
365626.952,0.1739477813
365641.952,0.1739430681
365656.952,0.1739383552
365671.952,0.1739336428
365686.952,0.1739289309
365701.952,0.1739242194
365716.952,0.1739195083
365731.952,0.1739147976
365746.952,0.1739100874
365761.952,0.1739053776
365776.952,0.1739006682
365791.952,0.1738959592
365806.952,0.1738912507
365821.952,0.1738865427
365836.952,0.173881835
365851.952,0.1738771278
365866.952,0.173872421
365881.952,0.1738677147
365896.952,0.1738630088
365911.952,0.1738583033
365926.952,0.1738535982
365941.952,0.1738488936
365956.952,0.1738441894
365971.952,0.1738394856
365986.952,0.1738347823
366001.952,0.1738300794
366016.952,0.173825377
366031.952,0.1738206749
366046.952,0.1738159733
366061.952,0.1738112721
366076.952,0.1738065714
366091.952,0.1738018711
366106.952,0.1737971712
366121.952,0.1737924717
366136.952,0.1737877727
366151.952,0.1737830741
366166.952,0.173778376
366181.952,0.1737736782
366196.952,0.1737689809
366211.952,0.173764284
366226.952,0.1737595876
366241.952,0.1737548916
366256.952,0.173750196
366271.952,0.1737455009
366286.952,0.1737408061
366301.952,0.1737361118
366316.952,0.173731418
366331.952,0.1737267246
366346.952,0.1737220315
366361.952,0.173717339
366376.952,0.1737126468
366391.952,0.1737079551
366406.952,0.1737032638
366421.952,0.173698573
366436.952,0.1736938825
366451.952,0.1736891925
366466.952,0.173684503
366481.952,0.1736798138
366496.952,0.1736751251
366511.952,0.1736704368
366526.952,0.173665749
366541.952,0.1736610616
366556.952,0.1736563746
366571.952,0.173651688
366586.952,0.1736470019
366601.952,0.1736423162
366616.952,0.1736376309
366631.952,0.173632946
366646.952,0.1736282616
366661.952,0.1736235776
366676.952,0.173618894
366691.952,0.1736142109
366706.952,0.1736095282
366721.952,0.1736048459
366736.952,0.173600164
366751.952,0.1735954826
366766.952,0.1735908016
366781.952,0.173586121
366796.952,0.1735814409
366811.952,0.1735767612
366826.952,0.1735720819
366841.952,0.173567403
366856.952,0.1735627246
366871.952,0.1735580466
366886.952,0.173553369
366901.952,0.1735486919
366916.952,0.1735440151
366931.952,0.1735393388
366946.952,0.173534663
366961.952,0.1735299875
366976.952,0.1735253125
366991.952,0.1735206379
367006.952,0.1735159637
367021.952,0.17351129
367036.952,0.1735066167
367051.952,0.1735019438
367066.952,0.1734972714
367081.952,0.1734925993
367096.952,0.1734879277
367111.952,0.1734832566
367126.952,0.1734785858
367141.952,0.1734739155
367156.952,0.1734692456
367171.952,0.1734645761
367186.952,0.1734599071
367201.952,0.1734552385
367216.952,0.1734505703
367231.952,0.1734459025
367246.952,0.1734412352
367261.952,0.1734365683
367276.952,0.1734319018
367291.952,0.1734272357
367306.952,0.1734225701
367321.952,0.1734179049
367336.952,0.1734132401
367351.952,0.1734085757
367366.952,0.1734039118
367381.952,0.1733992483
367396.952,0.1733945852
367411.952,0.1733899225
367426.952,0.1733852603
367441.952,0.1733805985
367456.952,0.1733759371
367471.952,0.1733712762
367486.952,0.1733666156
367501.952,0.1733619555
367516.952,0.1733572958
367531.952,0.1733526366
367546.952,0.1733479777
367561.952,0.1733433193
367576.952,0.1733386614
367591.952,0.1733340038
367606.952,0.1733293467
367621.952,0.1733246899
367636.952,0.1733200337
367651.952,0.1733153778
367666.952,0.1733107224
367681.952,0.1733060674
367696.952,0.1733014128
367711.952,0.1732967586
367726.952,0.1732921049
367741.952,0.1732874515
367756.952,0.1732827987
367771.952,0.1732781462
367786.952,0.1732734941
367801.952,0.1732688425
367816.952,0.1732641913
367831.952,0.1732595406
367846.952,0.1732548902
367861.952,0.1732502403
367876.952,0.1732455908
367891.952,0.1732409417
367906.952,0.173236293
367921.952,0.1732316448
367936.952,0.173226997
367951.952,0.1732223496
367966.952,0.1732177026
367981.952,0.1732130561
367996.952,0.17320841
368011.952,0.1732037643
368026.952,0.173199119
368041.952,0.1731944742
368056.952,0.1731898298
368071.952,0.1731851858
368086.952,0.1731805422
368101.952,0.173175899
368116.952,0.1731712563
368131.952,0.173166614
368146.952,0.1731619721
368161.952,0.1731573306
368176.952,0.1731526896
368191.952,0.1731480489
368206.952,0.1731434087
368221.952,0.173138769
368236.952,0.1731341296
368251.952,0.1731294907
368266.952,0.1731248522
368281.952,0.1731202141
368296.952,0.1731155764
368311.952,0.1731109391
368326.952,0.1731063023
368341.952,0.1731016659
368356.952,0.1730970299
368371.952,0.1730923944
368386.952,0.1730877592
368401.952,0.1730831245
368416.952,0.1730784902
368431.952,0.1730738563
368446.952,0.1730692229
368461.952,0.1730645898
368476.952,0.1730599572
368491.952,0.173055325
368506.952,0.1730506933
368521.952,0.1730460619
368536.952,0.173041431
368551.952,0.1730368005
368566.952,0.1730321704
368581.952,0.1730275407
368596.952,0.1730229115
368611.952,0.1730182827
368626.952,0.1730136543
368641.952,0.1730090263
368656.952,0.1730043987
368671.952,0.1729997716
368686.952,0.1729951448
368701.952,0.1729905185
368716.952,0.1729858927
368731.952,0.1729812672
368746.952,0.1729766422
368761.952,0.1729720175
368776.952,0.1729673933
368791.952,0.1729627696
368806.952,0.1729581462
368821.952,0.1729535232
368836.952,0.1729489007
368851.952,0.1729442786
368866.952,0.1729396569
368881.952,0.1729350357
368896.952,0.1729304148
368911.952,0.1729257944
368926.952,0.1729211744
368941.952,0.1729165548
368956.952,0.1729119356
368971.952,0.1729073169
368986.952,0.1729026986
369001.952,0.1728980806
369016.952,0.1728934632
369031.952,0.1728888461
369046.952,0.1728842294
369061.952,0.1728796132
369076.952,0.1728749974
369091.952,0.172870382
369106.952,0.172865767
369121.952,0.1728611524
369136.952,0.1728565383
369151.952,0.1728519246
369166.952,0.1728473113
369181.952,0.1728426984
369196.952,0.1728380859
369211.952,0.1728334739
369226.952,0.1728288622
369241.952,0.172824251
369256.952,0.1728196402
369271.952,0.1728150298
369286.952,0.1728104199
369301.952,0.1728058103
369316.952,0.1728012012
369331.952,0.1727965925
369346.952,0.1727919842
369361.952,0.1727873764
369376.952,0.1727827689
369391.952,0.1727781619
369406.952,0.1727735552
369421.952,0.172768949
369436.952,0.1727643433
369451.952,0.1727597379
369466.952,0.1727551329
369481.952,0.1727505284
369496.952,0.1727459243
369511.952,0.1727413206
369526.952,0.1727367173
369541.952,0.1727321145
369556.952,0.172727512
369571.952,0.17272291
369586.952,0.1727183084
369601.952,0.1727137072
369616.952,0.1727091064
369631.952,0.172704506
369646.952,0.1726999061
369661.952,0.1726953066
369676.952,0.1726907074
369691.952,0.1726861087
369706.952,0.1726815105
369721.952,0.1726769126
369736.952,0.1726723151
369751.952,0.1726677181
369766.952,0.1726631215
369781.952,0.1726585253
369796.952,0.1726539295
369811.952,0.1726493341
369826.952,0.1726447392
369841.952,0.1726401447
369856.952,0.1726355505
369871.952,0.1726309568
369886.952,0.1726263635
369901.952,0.1726217707
369916.952,0.1726171782
369931.952,0.1726125862
369946.952,0.1726079945
369961.952,0.1726034033
369976.952,0.1725988125
369991.952,0.1725942221
370006.952,0.1725896322
370021.952,0.1725850426
370036.952,0.1725804535
370051.952,0.1725758648
370066.952,0.1725712765
370081.952,0.1725666886
370096.952,0.1725621011
370111.952,0.172557514
370126.952,0.1725529274
370141.952,0.1725483412
370156.952,0.1725437553
370171.952,0.1725391699
370186.952,0.1725345849
370201.952,0.1725300004
370216.952,0.1725254162
370231.952,0.1725208325
370246.952,0.1725162491
370261.952,0.1725116662
370276.952,0.1725070837
370291.952,0.1725025016
370306.952,0.1724979199
370321.952,0.1724933387
370336.952,0.1724887578
370351.952,0.1724841774
370366.952,0.1724795974
370381.952,0.1724750178
370396.952,0.1724704386
370411.952,0.1724658598
370426.952,0.1724612814
370441.952,0.1724567035
370456.952,0.1724521259
370471.952,0.1724475488
370486.952,0.1724429721
370501.952,0.1724383958
370516.952,0.1724338199
370531.952,0.1724292444
370546.952,0.1724246694
370561.952,0.1724200947
370576.952,0.1724155205
370591.952,0.1724109467
370606.952,0.1724063733
370621.952,0.1724018003
370636.952,0.1723972277
370651.952,0.1723926555
370666.952,0.1723880838
370681.952,0.1723835124
370696.952,0.1723789415
370711.952,0.172374371
370726.952,0.1723698009
370741.952,0.1723652312
370756.952,0.1723606619
370771.952,0.172356093
370786.952,0.1723515246
370801.952,0.1723469565
370816.952,0.1723423889
370831.952,0.1723378217
370846.952,0.1723332548
370861.952,0.1723286885
370876.952,0.1723241225
370891.952,0.1723195569
370906.952,0.1723149917
370921.952,0.172310427
370936.952,0.1723058626
370951.952,0.1723012987
370966.952,0.1722967352
370981.952,0.1722921721
370996.952,0.1722876094
371011.952,0.1722830471
371026.952,0.1722784852
371041.952,0.1722739238
371056.952,0.1722693627
371071.952,0.1722648021
371086.952,0.1722602419
371101.952,0.1722556821
371116.952,0.1722511226
371131.952,0.1722465637
371146.952,0.1722420051
371161.952,0.1722374469
371176.952,0.1722328891
371191.952,0.1722283318
371206.952,0.1722237748
371221.952,0.1722192183
371236.952,0.1722146622
371251.952,0.1722101065
371266.952,0.1722055512
371281.952,0.1722009963
371296.952,0.1721964418
371311.952,0.1721918878
371326.952,0.1721873341
371341.952,0.1721827808
371356.952,0.172178228
371371.952,0.1721736756
371386.952,0.1721691236
371401.952,0.172164572
371416.952,0.1721600208
371431.952,0.17215547
371446.952,0.1721509196
371461.952,0.1721463696
371476.952,0.1721418201
371491.952,0.1721372709
371506.952,0.1721327222
371521.952,0.1721281738
371536.952,0.1721236259
371551.952,0.1721190784
371566.952,0.1721145313
371581.952,0.1721099846
371596.952,0.1721054383
371611.952,0.1721008924
371626.952,0.172096347
371641.952,0.1720918019
371656.952,0.1720872573
371671.952,0.172082713
371686.952,0.1720781692
371701.952,0.1720736258
371716.952,0.1720690828
371731.952,0.1720645401
371746.952,0.1720599979
371761.952,0.1720554562
371776.952,0.1720509148
371791.952,0.1720463738
371806.952,0.1720418332
371821.952,0.1720372931
371836.952,0.1720327533
371851.952,0.172028214
371866.952,0.1720236751
371881.952,0.1720191365
371896.952,0.1720145984
371911.952,0.1720100607
371926.952,0.1720055234
371941.952,0.1720009865
371956.952,0.17199645
371971.952,0.171991914
371986.952,0.1719873783
372001.952,0.171982843
372016.952,0.1719783082
372031.952,0.1719737737
372046.952,0.1719692397
372061.952,0.1719647061
372076.952,0.1719601728
372091.952,0.17195564
372106.952,0.1719511076
372121.952,0.1719465756
372136.952,0.171942044
372151.952,0.1719375128
372166.952,0.171932982
372181.952,0.1719284517
372196.952,0.1719239217
372211.952,0.1719193921
372226.952,0.171914863
372241.952,0.1719103342
372256.952,0.1719058059
372271.952,0.171901278
372286.952,0.1718967504
372301.952,0.1718922233
372316.952,0.1718876966
372331.952,0.1718831703
372346.952,0.1718786444
372361.952,0.1718741189
372376.952,0.1718695938
372391.952,0.1718650691
372406.952,0.1718605448
372421.952,0.171856021
372436.952,0.1718514975
372451.952,0.1718469744
372466.952,0.1718424518
372481.952,0.1718379295
372496.952,0.1718334077
372511.952,0.1718288863
372526.952,0.1718243652
372541.952,0.1718198446
372556.952,0.1718153244
372571.952,0.1718108046
372586.952,0.1718062851
372601.952,0.1718017661
372616.952,0.1717972475
372631.952,0.1717927293
372646.952,0.1717882116
372661.952,0.1717836942
372676.952,0.1717791772
372691.952,0.1717746606
372706.952,0.1717701445
372721.952,0.1717656287
372736.952,0.1717611133
372751.952,0.1717565984
372766.952,0.1717520838
372781.952,0.1717475697
372796.952,0.1717430559
372811.952,0.1717385426
372826.952,0.1717340297
372841.952,0.1717295171
372856.952,0.171725005
372871.952,0.1717204933
372886.952,0.171715982
372901.952,0.1717114711
372916.952,0.1717069606
372931.952,0.1717024505
372946.952,0.1716979408
372961.952,0.1716934315
372976.952,0.1716889226
372991.952,0.1716844141
373006.952,0.171679906
373021.952,0.1716753983
373036.952,0.1716708911
373051.952,0.1716663842
373066.952,0.1716618777
373081.952,0.1716573717
373096.952,0.171652866
373111.952,0.1716483607
373126.952,0.1716438559
373141.952,0.1716393514
373156.952,0.1716348474
373171.952,0.1716303438
373186.952,0.1716258405
373201.952,0.1716213377
373216.952,0.1716168352
373231.952,0.1716123332
373246.952,0.1716078316
373261.952,0.1716033304
373276.952,0.1715988295
373291.952,0.1715943291
373306.952,0.1715898291
373321.952,0.1715853295
373336.952,0.1715808303
373351.952,0.1715763315
373366.952,0.171571833
373381.952,0.171567335
373396.952,0.1715628374
373411.952,0.1715583402
373426.952,0.1715538434
373441.952,0.171549347
373456.952,0.1715448511
373471.952,0.1715403555
373486.952,0.1715358603
373501.952,0.1715313655
373516.952,0.1715268711
373531.952,0.1715223771
373546.952,0.1715178835
373561.952,0.1715133904
373576.952,0.1715088976
373591.952,0.1715044052
373606.952,0.1714999132
373621.952,0.1714954216
373636.952,0.1714909305
373651.952,0.1714864397
373666.952,0.1714819493
373681.952,0.1714774594
373696.952,0.1714729698
373711.952,0.1714684806
373726.952,0.1714639919
373741.952,0.1714595035
373756.952,0.1714550155
373771.952,0.171450528
373786.952,0.1714460408
373801.952,0.1714415541
373816.952,0.1714370677
373831.952,0.1714325817
373846.952,0.1714280962
373861.952,0.171423611
373876.952,0.1714191263
373891.952,0.1714146419
373906.952,0.171410158
373921.952,0.1714056744
373936.952,0.1714011913
373951.952,0.1713967085
373966.952,0.1713922262
373981.952,0.1713877442
373996.952,0.1713832626
374011.952,0.1713787815
374026.952,0.1713743007
374041.952,0.1713698204
374056.952,0.1713653404
374071.952,0.1713608609
374086.952,0.1713563817
374101.952,0.171351903
374116.952,0.1713474246
374131.952,0.1713429467
374146.952,0.1713384691
374161.952,0.171333992
374176.952,0.1713295152
374191.952,0.1713250388
374206.952,0.1713205629
374221.952,0.1713160873
374236.952,0.1713116122
374251.952,0.1713071374
374266.952,0.1713026631
374281.952,0.1712981891
374296.952,0.1712937155
374311.952,0.1712892424
374326.952,0.1712847696
374341.952,0.1712802972
374356.952,0.1712758253
374371.952,0.1712713537
374386.952,0.1712668825
374401.952,0.1712624118
374416.952,0.1712579414
374431.952,0.1712534714
374446.952,0.1712490019
374461.952,0.1712445327
374476.952,0.1712400639
374491.952,0.1712355955
374506.952,0.1712311275
374521.952,0.17122666
374536.952,0.1712221928
374551.952,0.171217726
374566.952,0.1712132596
374581.952,0.1712087936
374596.952,0.171204328
374611.952,0.1711998628
374626.952,0.171195398
374641.952,0.1711909336
374656.952,0.1711864696
374671.952,0.171182006
374686.952,0.1711775428
374701.952,0.17117308
374716.952,0.1711686176
374731.952,0.1711641556
374746.952,0.171159694
374761.952,0.1711552328
374776.952,0.1711507719
374791.952,0.1711463115
374806.952,0.1711418515
374821.952,0.1711373919
374836.952,0.1711329326
374851.952,0.1711284738
374866.952,0.1711240154
374881.952,0.1711195573
374896.952,0.1711150997
374911.952,0.1711106424
374926.952,0.1711061856
374941.952,0.1711017291
374956.952,0.1710972731
374971.952,0.1710928174
374986.952,0.1710883622
375001.952,0.1710839073
375016.952,0.1710794528
375031.952,0.1710749987
375046.952,0.1710705451
375061.952,0.1710660918
375076.952,0.1710616389
375091.952,0.1710571864
375106.952,0.1710527343
375121.952,0.1710482826
375136.952,0.1710438313
375151.952,0.1710393804
375166.952,0.1710349299
375181.952,0.1710304798
375196.952,0.1710260301
375211.952,0.1710215807
375226.952,0.1710171318
375241.952,0.1710126833
375256.952,0.1710082352
375271.952,0.1710037874
375286.952,0.1709993401
375301.952,0.1709948931
375316.952,0.1709904466
375331.952,0.1709860004
375346.952,0.1709815547
375361.952,0.1709771093
375376.952,0.1709726643
375391.952,0.1709682197
375406.952,0.1709637756
375421.952,0.1709593318
375436.952,0.1709548884
375451.952,0.1709504454
375466.952,0.1709460028
375481.952,0.1709415606
375496.952,0.1709371188
375511.952,0.1709326773
375526.952,0.1709282363
375541.952,0.1709237957
375556.952,0.1709193554
375571.952,0.1709149156
375586.952,0.1709104762
375601.952,0.1709060371
375616.952,0.1709015985
375631.952,0.1708971602
375646.952,0.1708927223
375661.952,0.1708882848
375676.952,0.1708838478
375691.952,0.1708794111
375706.952,0.1708749748
375721.952,0.1708705389
375736.952,0.1708661034
375751.952,0.1708616683
375766.952,0.1708572336
375781.952,0.1708527992
375796.952,0.1708483653
375811.952,0.1708439318
375826.952,0.1708394986
375841.952,0.1708350659
375856.952,0.1708306335
375871.952,0.1708262016
375886.952,0.17082177
375901.952,0.1708173388
375916.952,0.170812908
375931.952,0.1708084776
375946.952,0.1708040476
375961.952,0.170799618
375976.952,0.1707951888
375991.952,0.17079076
376006.952,0.1707863316
376021.952,0.1707819035
376036.952,0.1707774759
376051.952,0.1707730487
376066.952,0.1707686218
376081.952,0.1707641953
376096.952,0.1707597693
376111.952,0.1707553436
376126.952,0.1707509183
376141.952,0.1707464934
376156.952,0.1707420689
376171.952,0.1707376448
376186.952,0.1707332211
376201.952,0.1707287978
376216.952,0.1707243749
376231.952,0.1707199523
376246.952,0.1707155302
376261.952,0.1707111084
376276.952,0.1707066871
376291.952,0.1707022661
376306.952,0.1706978455
376321.952,0.1706934253
376336.952,0.1706890055
376351.952,0.1706845861
376366.952,0.1706801671
376381.952,0.1706757485
376396.952,0.1706713303
376411.952,0.1706669124
376426.952,0.170662495
376441.952,0.1706580779
376456.952,0.1706536613
376471.952,0.170649245
376486.952,0.1706448291
376501.952,0.1706404136
376516.952,0.1706359985
376531.952,0.1706315838
376546.952,0.1706271695
376561.952,0.1706227556
376576.952,0.170618342
376591.952,0.1706139289
376606.952,0.1706095161
376621.952,0.1706051038
376636.952,0.1706006918
376651.952,0.1705962802
376666.952,0.170591869
376681.952,0.1705874582
376696.952,0.1705830478
376711.952,0.1705786378
376726.952,0.1705742282
376741.952,0.1705698189
376756.952,0.1705654101
376771.952,0.1705610016
376786.952,0.1705565935
376801.952,0.1705521859
376816.952,0.1705477786
376831.952,0.1705433717
376846.952,0.1705389652
376861.952,0.170534559
376876.952,0.1705301533
376891.952,0.170525748
376906.952,0.170521343
376921.952,0.1705169385
376936.952,0.1705125343
376951.952,0.1705081305
376966.952,0.1705037271
376981.952,0.1704993241
376996.952,0.1704949215
377011.952,0.1704905193
377026.952,0.1704861174
377041.952,0.170481716
377056.952,0.1704773149
377071.952,0.1704729143
377086.952,0.170468514
377101.952,0.1704641141
377116.952,0.1704597146
377131.952,0.1704553155
377146.952,0.1704509168
377161.952,0.1704465184
377176.952,0.1704421205
377191.952,0.1704377229
377206.952,0.1704333258
377221.952,0.170428929
377236.952,0.1704245326
377251.952,0.1704201366
377266.952,0.170415741
377281.952,0.1704113458
377296.952,0.1704069509
377311.952,0.1704025565
377326.952,0.1703981624
377341.952,0.1703937687
377356.952,0.1703893755
377371.952,0.1703849826
377386.952,0.1703805901
377401.952,0.1703761979
377416.952,0.1703718062
377431.952,0.1703674149
377446.952,0.1703630239
377461.952,0.1703586333
377476.952,0.1703542431
377491.952,0.1703498534
377506.952,0.1703454639
377521.952,0.1703410749
377536.952,0.1703366863
377551.952,0.1703322981
377566.952,0.1703279102
377581.952,0.1703235227
377596.952,0.1703191356
377611.952,0.1703147489
377626.952,0.1703103626
377641.952,0.1703059767
377656.952,0.1703015912
377671.952,0.170297206
377686.952,0.1702928213
377701.952,0.1702884369
377716.952,0.1702840529
377731.952,0.1702796693
377746.952,0.1702752861
377761.952,0.1702709033
377776.952,0.1702665208
377791.952,0.1702621388
377806.952,0.1702577571
377821.952,0.1702533758
377836.952,0.1702489949
377851.952,0.1702446144
377866.952,0.1702402343
377881.952,0.1702358546
377896.952,0.1702314752
377911.952,0.1702270963
377926.952,0.1702227177
377941.952,0.1702183395
377956.952,0.1702139617
377971.952,0.1702095843
377986.952,0.1702052073
378001.952,0.1702008306
378016.952,0.1701964543
378031.952,0.1701920785
378046.952,0.170187703
378061.952,0.1701833279
378076.952,0.1701789532
378091.952,0.1701745788
378106.952,0.1701702049
378121.952,0.1701658313
378136.952,0.1701614581
378151.952,0.1701570853
378166.952,0.1701527129
378181.952,0.1701483409
378196.952,0.1701439693
378211.952,0.170139598
378226.952,0.1701352272
378241.952,0.1701308567
378256.952,0.1701264866
378271.952,0.1701221169
378286.952,0.1701177476
378301.952,0.1701133786
378316.952,0.1701090101
378331.952,0.1701046419
378346.952,0.1701002741
378361.952,0.1700959067
378376.952,0.1700915397
378391.952,0.170087173
378406.952,0.1700828068
378421.952,0.1700784409
378436.952,0.1700740755
378451.952,0.1700697104
378466.952,0.1700653456
378481.952,0.1700609813
378496.952,0.1700566174
378511.952,0.1700522538
378526.952,0.1700478906
378541.952,0.1700435278
378556.952,0.1700391654
378571.952,0.1700348034
378586.952,0.1700304418
378601.952,0.1700260805
378616.952,0.1700217196
378631.952,0.1700173592
378646.952,0.170012999
378661.952,0.1700086393
378676.952,0.17000428
378691.952,0.169999921
378706.952,0.1699955625
378721.952,0.1699912043
378736.952,0.1699868465
378751.952,0.169982489
378766.952,0.169978132
378781.952,0.1699737753
378796.952,0.1699694191
378811.952,0.1699650632
378826.952,0.1699607077
378841.952,0.1699563526
378856.952,0.1699519978
378871.952,0.1699476435
378886.952,0.1699432895
378901.952,0.1699389359
378916.952,0.1699345827
378931.952,0.1699302298
378946.952,0.1699258774
378961.952,0.1699215253
378976.952,0.1699171737
378991.952,0.1699128224
379006.952,0.1699084714
379021.952,0.1699041209
379036.952,0.1698997708
379051.952,0.169895421
379066.952,0.1698910716
379081.952,0.1698867226
379096.952,0.169882374
379111.952,0.1698780257
379126.952,0.1698736779
379141.952,0.1698693304
379156.952,0.1698649833
379171.952,0.1698606366
379186.952,0.1698562903
379201.952,0.1698519443
379216.952,0.1698475987
379231.952,0.1698432536
379246.952,0.1698389088
379261.952,0.1698345643
379276.952,0.1698302203
379291.952,0.1698258766
379306.952,0.1698215333
379321.952,0.1698171904
379336.952,0.1698128479
379351.952,0.1698085058
379366.952,0.169804164
379381.952,0.1697998227
379396.952,0.1697954817
379411.952,0.1697911411
379426.952,0.1697868008
379441.952,0.169782461
379456.952,0.1697781215
379471.952,0.1697737824
379486.952,0.1697694437
379501.952,0.1697651054
379516.952,0.1697607674
379531.952,0.1697564299
379546.952,0.1697520927
379561.952,0.1697477559
379576.952,0.1697434195
379591.952,0.1697390834
379606.952,0.1697347477
379621.952,0.1697304125
379636.952,0.1697260776
379651.952,0.169721743
379666.952,0.1697174089
379681.952,0.1697130751
379696.952,0.1697087417
379711.952,0.1697044087
379726.952,0.1697000761
379741.952,0.1696957439
379756.952,0.169691412
379771.952,0.1696870805
379786.952,0.1696827494
379801.952,0.1696784187
379816.952,0.1696740883
379831.952,0.1696697584
379846.952,0.1696654288
379861.952,0.1696610996
379876.952,0.1696567708
379891.952,0.1696524423
379906.952,0.1696481142
379921.952,0.1696437865
379936.952,0.1696394592
379951.952,0.1696351323
379966.952,0.1696308057
379981.952,0.1696264796
379996.952,0.1696221538
380011.952,0.1696178284
380026.952,0.1696135033
380041.952,0.1696091787
380056.952,0.1696048544
380071.952,0.1696005305
380086.952,0.169596207
380101.952,0.1695918838
380116.952,0.169587561
380131.952,0.1695832387
380146.952,0.1695789167
380161.952,0.169574595
380176.952,0.1695702738
380191.952,0.1695659529
380206.952,0.1695616324
380221.952,0.1695573123
380236.952,0.1695529925
380251.952,0.1695486732
380266.952,0.1695443542
380281.952,0.1695400356
380296.952,0.1695357174
380311.952,0.1695313995
380326.952,0.169527082
380341.952,0.1695227649
380356.952,0.1695184482
380371.952,0.1695141319
380386.952,0.1695098159
380401.952,0.1695055003
380416.952,0.1695011851
380431.952,0.1694968703
380446.952,0.1694925559
380461.952,0.1694882418
380476.952,0.1694839281
380491.952,0.1694796148
380506.952,0.1694753018
380521.952,0.1694709893
380536.952,0.1694666771
380551.952,0.1694623653
380566.952,0.1694580538
380581.952,0.1694537428
380596.952,0.1694494321
380611.952,0.1694451218
380626.952,0.1694408119
380641.952,0.1694365023
380656.952,0.1694321931
380671.952,0.1694278843
380686.952,0.1694235759
380701.952,0.1694192679
380716.952,0.1694149602
380731.952,0.1694106529
380746.952,0.169406346
380761.952,0.1694020395
380776.952,0.1693977333
380791.952,0.1693934275
380806.952,0.1693891221
380821.952,0.1693848171
380836.952,0.1693805124
380851.952,0.1693762081
380866.952,0.1693719042
380881.952,0.1693676007
380896.952,0.1693632976
380911.952,0.1693589948
380926.952,0.1693546924
380941.952,0.1693503904
380956.952,0.1693460887
380971.952,0.1693417874
380986.952,0.1693374865
381001.952,0.169333186
381016.952,0.1693288859
381031.952,0.1693245861
381046.952,0.1693202867
381061.952,0.1693159877
381076.952,0.169311689
381091.952,0.1693073908
381106.952,0.1693030929
381121.952,0.1692987953
381136.952,0.1692944982
381151.952,0.1692902014
381166.952,0.169285905
381181.952,0.169281609
381196.952,0.1692773134
381211.952,0.1692730181
381226.952,0.1692687232
381241.952,0.1692644287
381256.952,0.1692601345
381271.952,0.1692558408
381286.952,0.1692515474
381301.952,0.1692472543
381316.952,0.1692429617
381331.952,0.1692386694
381346.952,0.1692343775
381361.952,0.169230086
381376.952,0.1692257948
381391.952,0.1692215041
381406.952,0.1692172137
381421.952,0.1692129236
381436.952,0.169208634
381451.952,0.1692043447
381466.952,0.1692000558
381481.952,0.1691957673
381496.952,0.1691914791
381511.952,0.1691871913
381526.952,0.1691829039
381541.952,0.1691786169
381556.952,0.1691743302
381571.952,0.1691700439
381586.952,0.169165758
381601.952,0.1691614724
381616.952,0.1691571873
381631.952,0.1691529025
381646.952,0.1691486181
381661.952,0.169144334
381676.952,0.1691400503
381691.952,0.169135767
381706.952,0.1691314841
381721.952,0.1691272015
381736.952,0.1691229194
381751.952,0.1691186375
381766.952,0.1691143561
381781.952,0.169110075
381796.952,0.1691057943
381811.952,0.169101514
381826.952,0.1690972341
381841.952,0.1690929545
381856.952,0.1690886753
381871.952,0.1690843965
381886.952,0.169080118
381901.952,0.1690758399
381916.952,0.1690715622
381931.952,0.1690672849
381946.952,0.1690630079
381961.952,0.1690587313
381976.952,0.1690544551
381991.952,0.1690501793
382006.952,0.1690459038
382021.952,0.1690416287
382036.952,0.1690373539
382051.952,0.1690330796
382066.952,0.1690288056
382081.952,0.169024532
382096.952,0.1690202587
382111.952,0.1690159858
382126.952,0.1690117133
382141.952,0.1690074412
382156.952,0.1690031695
382171.952,0.1689988981
382186.952,0.1689946271
382201.952,0.1689903564
382216.952,0.1689860861
382231.952,0.1689818162
382246.952,0.1689775467
382261.952,0.1689732775
382276.952,0.1689690088
382291.952,0.1689647403
382306.952,0.1689604723
382321.952,0.1689562046
382336.952,0.1689519373
382351.952,0.1689476704
382366.952,0.1689434038
382381.952,0.1689391376
382396.952,0.1689348718
382411.952,0.1689306064
382426.952,0.1689263413
382441.952,0.1689220766
382456.952,0.1689178123
382471.952,0.1689135483
382486.952,0.1689092847
382501.952,0.1689050215
382516.952,0.1689007586
382531.952,0.1688964961
382546.952,0.168892234
382561.952,0.1688879723
382576.952,0.1688837109
382591.952,0.1688794499
382606.952,0.1688751893
382621.952,0.168870929
382636.952,0.1688666691
382651.952,0.1688624096
382666.952,0.1688581504
382681.952,0.1688538917
382696.952,0.1688496332
382711.952,0.1688453752
382726.952,0.1688411175
382741.952,0.1688368602
382756.952,0.1688326033
382771.952,0.1688283467
382786.952,0.1688240905
382801.952,0.1688198347
382816.952,0.1688155793
382831.952,0.1688113242
382846.952,0.1688070695
382861.952,0.1688028151
382876.952,0.1687985611
382891.952,0.1687943075
382906.952,0.1687900543
382921.952,0.1687858014
382936.952,0.1687815489
382951.952,0.1687772968
382966.952,0.168773045
382981.952,0.1687687936
382996.952,0.1687645426
383011.952,0.1687602919
383026.952,0.1687560417
383041.952,0.1687517917
383056.952,0.1687475422
383071.952,0.168743293
383086.952,0.1687390442
383101.952,0.1687347957
383116.952,0.1687305477
383131.952,0.1687263
383146.952,0.1687220526
383161.952,0.1687178057
383176.952,0.1687135591
383191.952,0.1687093128
383206.952,0.168705067
383221.952,0.1687008215
383236.952,0.1686965763
383251.952,0.1686923316
383266.952,0.1686880872
383281.952,0.1686838431
383296.952,0.1686795995
383311.952,0.1686753562
383326.952,0.1686711133
383341.952,0.1686668707
383356.952,0.1686626285
383371.952,0.1686583867
383386.952,0.1686541453
383401.952,0.1686499042
383416.952,0.1686456635
383431.952,0.1686414231
383446.952,0.1686371831
383461.952,0.1686329435
383476.952,0.1686287043
383491.952,0.1686244654
383506.952,0.1686202269
383521.952,0.1686159887
383536.952,0.1686117509
383551.952,0.1686075135
383566.952,0.1686032765
383581.952,0.1685990398
383596.952,0.1685948035
383611.952,0.1685905676
383626.952,0.168586332
383641.952,0.1685820968
383656.952,0.1685778619
383671.952,0.1685736275
383686.952,0.1685693933
383701.952,0.1685651596
383716.952,0.1685609262
383731.952,0.1685566932
383746.952,0.1685524606
383761.952,0.1685482283
383776.952,0.1685439964
383791.952,0.1685397648
383806.952,0.1685355337
383821.952,0.1685313028
383836.952,0.1685270724
383851.952,0.1685228423
383866.952,0.1685186126
383881.952,0.1685143833
383896.952,0.1685101543
383911.952,0.1685059257
383926.952,0.1685016974
383941.952,0.1684974695
383956.952,0.168493242
383971.952,0.1684890148
383986.952,0.1684847881
384001.952,0.1684805616
384016.952,0.1684763356
384031.952,0.1684721099
384046.952,0.1684678846
384061.952,0.1684636596
384076.952,0.168459435
384091.952,0.1684552108
384106.952,0.1684509869
384121.952,0.1684467634
384136.952,0.1684425403
384151.952,0.1684383175
384166.952,0.1684340951
384181.952,0.1684298731
384196.952,0.1684256514
384211.952,0.1684214301
384226.952,0.1684172091
384241.952,0.1684129886
384256.952,0.1684087683
384271.952,0.1684045485
384286.952,0.168400329
384301.952,0.1683961099
384316.952,0.1683918911
384331.952,0.1683876727
384346.952,0.1683834547
384361.952,0.168379237
384376.952,0.1683750198
384391.952,0.1683708028
384406.952,0.1683665862
384421.952,0.16836237
384436.952,0.1683581542
384451.952,0.1683539387
384466.952,0.1683497236
384481.952,0.1683455089
384496.952,0.1683412945
384511.952,0.1683370805
384526.952,0.1683328668
384541.952,0.1683286535
384556.952,0.1683244406
384571.952,0.168320228
384586.952,0.1683160158
384601.952,0.168311804
384616.952,0.1683075925
384631.952,0.1683033814
384646.952,0.1682991706
384661.952,0.1682949602
384676.952,0.1682907502
384691.952,0.1682865406
384706.952,0.1682823313
384721.952,0.1682781223
384736.952,0.1682739138
384751.952,0.1682697056
384766.952,0.1682654977
384781.952,0.1682612902
384796.952,0.1682570831
384811.952,0.1682528764
384826.952,0.16824867
384841.952,0.168244464
384856.952,0.1682402583
384871.952,0.168236053
384886.952,0.1682318481
384901.952,0.1682276435
384916.952,0.1682234393
384931.952,0.1682192354
384946.952,0.1682150319
384961.952,0.1682108288
384976.952,0.168206626
384991.952,0.1682024236
385006.952,0.1681982216
385021.952,0.1681940199
385036.952,0.1681898186
385051.952,0.1681856177
385066.952,0.1681814171
385081.952,0.1681772168
385096.952,0.168173017
385111.952,0.1681688175
385126.952,0.1681646183
385141.952,0.1681604196
385156.952,0.1681562211
385171.952,0.1681520231
385186.952,0.1681478254
385201.952,0.1681436281
385216.952,0.1681394311
385231.952,0.1681352345
385246.952,0.1681310382
385261.952,0.1681268423
385276.952,0.1681226468
385291.952,0.1681184516
385306.952,0.1681142568
385321.952,0.1681100624
385336.952,0.1681058683
385351.952,0.1681016746
385366.952,0.1680974813
385381.952,0.1680932883
385396.952,0.1680890956
385411.952,0.1680849033
385426.952,0.1680807114
385441.952,0.1680765199
385456.952,0.1680723287
385471.952,0.1680681379
385486.952,0.1680639474
385501.952,0.1680597573
385516.952,0.1680555675
385531.952,0.1680513781
385546.952,0.1680471891
385561.952,0.1680430005
385576.952,0.1680388122
385591.952,0.1680346242
385606.952,0.1680304366
385621.952,0.1680262494
385636.952,0.1680220625
385651.952,0.168017876
385666.952,0.1680136899
385681.952,0.1680095041
385696.952,0.1680053187
385711.952,0.1680011336
385726.952,0.1679969489
385741.952,0.1679927646
385756.952,0.1679885806
385771.952,0.167984397
385786.952,0.1679802137
385801.952,0.1679760308
385816.952,0.1679718483
385831.952,0.1679676661
385846.952,0.1679634842
385861.952,0.1679593028
385876.952,0.1679551217
385891.952,0.1679509409
385906.952,0.1679467605
385921.952,0.1679425805
385936.952,0.1679384009
385951.952,0.1679342215
385966.952,0.1679300426
385981.952,0.167925864
385996.952,0.1679216858
386011.952,0.1679175079
386026.952,0.1679133304
386041.952,0.1679091532
386056.952,0.1679049764
386071.952,0.1679008
386086.952,0.1678966239
386101.952,0.1678924482
386116.952,0.1678882729
386131.952,0.1678840979
386146.952,0.1678799232
386161.952,0.1678757489
386176.952,0.167871575
386191.952,0.1678674014
386206.952,0.1678632282
386221.952,0.1678590554
386236.952,0.1678548829
386251.952,0.1678507108
386266.952,0.167846539
386281.952,0.1678423676
386296.952,0.1678381965
386311.952,0.1678340258
386326.952,0.1678298555
386341.952,0.1678256855
386356.952,0.1678215159
386371.952,0.1678173466
386386.952,0.1678131777
386401.952,0.1678090091
386416.952,0.167804841
386431.952,0.1678006731
386446.952,0.1677965056
386461.952,0.1677923385
386476.952,0.1677881718
386491.952,0.1677840054
386506.952,0.1677798393
386521.952,0.1677756736
386536.952,0.1677715083
386551.952,0.1677673433
386566.952,0.1677631787
386581.952,0.1677590144
386596.952,0.1677548505
386611.952,0.167750687
386626.952,0.1677465238
386641.952,0.167742361
386656.952,0.1677381985
386671.952,0.1677340364
386686.952,0.1677298746
386701.952,0.1677257132
386716.952,0.1677215522
386731.952,0.1677173915
386746.952,0.1677132312
386761.952,0.1677090712
386776.952,0.1677049116
386791.952,0.1677007523
386806.952,0.1676965934
386821.952,0.1676924348
386836.952,0.1676882766
386851.952,0.1676841188
386866.952,0.1676799613
386881.952,0.1676758042
386896.952,0.1676716474
386911.952,0.167667491
386926.952,0.167663335
386941.952,0.1676591793
386956.952,0.1676550239
386971.952,0.167650869
386986.952,0.1676467143
387001.952,0.16764256
387016.952,0.1676384061
387031.952,0.1676342526
387046.952,0.1676300994
387061.952,0.1676259465
387076.952,0.167621794
387091.952,0.1676176419
387106.952,0.1676134901
387121.952,0.1676093387
387136.952,0.1676051876
387151.952,0.1676010369
387166.952,0.1675968865
387181.952,0.1675927365
387196.952,0.1675885869
387211.952,0.1675844376
387226.952,0.1675802886
387241.952,0.16757614
387256.952,0.1675719918
387271.952,0.1675678439
387286.952,0.1675636964
387301.952,0.1675595493
387316.952,0.1675554025
387331.952,0.167551256
387346.952,0.1675471099
387361.952,0.1675429642
387376.952,0.1675388188
387391.952,0.1675346737
387406.952,0.1675305291
387421.952,0.1675263847
387436.952,0.1675222408
387451.952,0.1675180971
387466.952,0.1675139539
387481.952,0.167509811
387496.952,0.1675056684
387511.952,0.1675015262
387526.952,0.1674973844
387541.952,0.1674932429
387556.952,0.1674891018
387571.952,0.167484961
387586.952,0.1674808205
387601.952,0.1674766805
387616.952,0.1674725408
387631.952,0.1674684014
387646.952,0.1674642624
387661.952,0.1674601237
387676.952,0.1674559854
387691.952,0.1674518475
387706.952,0.1674477099
387721.952,0.1674435726
387736.952,0.1674394358
387751.952,0.1674352992
387766.952,0.167431163
387781.952,0.1674270272
387796.952,0.1674228917
387811.952,0.1674187566
387826.952,0.1674146219
387841.952,0.1674104874
387856.952,0.1674063534
387871.952,0.1674022197
387886.952,0.1673980863
387901.952,0.1673939533
387916.952,0.1673898207
387931.952,0.1673856884
387946.952,0.1673815564
387961.952,0.1673774249
387976.952,0.1673732936
387991.952,0.1673691627
388006.952,0.1673650322
388021.952,0.167360902
388036.952,0.1673567722
388051.952,0.1673526427
388066.952,0.1673485136
388081.952,0.1673443849
388096.952,0.1673402564
388111.952,0.1673361284
388126.952,0.1673320007
388141.952,0.1673278733
388156.952,0.1673237463
388171.952,0.1673196197
388186.952,0.1673154934
388201.952,0.1673113674
388216.952,0.1673072418
388231.952,0.1673031166
388246.952,0.1672989917
388261.952,0.1672948672
388276.952,0.167290743
388291.952,0.1672866191
388306.952,0.1672824957
388321.952,0.1672783725
388336.952,0.1672742498
388351.952,0.1672701273
388366.952,0.1672660053
388381.952,0.1672618835
388396.952,0.1672577622
388411.952,0.1672536411
388426.952,0.1672495205
388441.952,0.1672454002
388456.952,0.1672412802
388471.952,0.1672371606
388486.952,0.1672330413
388501.952,0.1672289224
388516.952,0.1672248038
388531.952,0.1672206856
388546.952,0.1672165678
388561.952,0.1672124503
388576.952,0.1672083331
388591.952,0.1672042163
388606.952,0.1672000999
388621.952,0.1671959838
388636.952,0.167191868
388651.952,0.1671877526
388666.952,0.1671836376
388681.952,0.1671795229
388696.952,0.1671754085
388711.952,0.1671712945
388726.952,0.1671671809
388741.952,0.1671630676
388756.952,0.1671589546
388771.952,0.167154842
388786.952,0.1671507298
388801.952,0.1671466179
388816.952,0.1671425064
388831.952,0.1671383952
388846.952,0.1671342843
388861.952,0.1671301738
388876.952,0.1671260637
388891.952,0.1671219539
388906.952,0.1671178445
388921.952,0.1671137354
388936.952,0.1671096266
388951.952,0.1671055182
388966.952,0.1671014102
388981.952,0.1670973025
388996.952,0.1670931952
389011.952,0.1670890882
389026.952,0.1670849815
389041.952,0.1670808752
389056.952,0.1670767693
389071.952,0.1670726637
389086.952,0.1670685584
389101.952,0.1670644536
389116.952,0.167060349
389131.952,0.1670562448
389146.952,0.167052141
389161.952,0.1670480375
389176.952,0.1670439343
389191.952,0.1670398315
389206.952,0.1670357291
389221.952,0.167031627
389236.952,0.1670275252
389251.952,0.1670234238
389266.952,0.1670193228
389281.952,0.1670152221
389296.952,0.1670111217
389311.952,0.1670070217
389326.952,0.167002922
389341.952,0.1669988227
389356.952,0.1669947238
389371.952,0.1669906251
389386.952,0.1669865269
389401.952,0.166982429
389416.952,0.1669783314
389431.952,0.1669742342
389446.952,0.1669701373
389461.952,0.1669660408
389476.952,0.1669619446
389491.952,0.1669578488
389506.952,0.1669537533
389521.952,0.1669496582
389536.952,0.1669455634
389551.952,0.166941469
389566.952,0.1669373749
389581.952,0.1669332812
389596.952,0.1669291878
389611.952,0.1669250947
389626.952,0.166921002
389641.952,0.1669169097
389656.952,0.1669128177
389671.952,0.1669087261
389686.952,0.1669046347
389701.952,0.1669005438
389716.952,0.1668964532
389731.952,0.1668923629
389746.952,0.166888273
389761.952,0.1668841835
389776.952,0.1668800942
389791.952,0.1668760054
389806.952,0.1668719169
389821.952,0.1668678287
389836.952,0.1668637409
389851.952,0.1668596534
389866.952,0.1668555662
389881.952,0.1668514795
389896.952,0.166847393
389911.952,0.1668433069
389926.952,0.1668392212
389941.952,0.1668351358
389956.952,0.1668310507
389971.952,0.166826966
389986.952,0.1668228817
390001.952,0.1668187977
390016.952,0.166814714
390031.952,0.1668106307
390046.952,0.1668065477
390061.952,0.1668024651
390076.952,0.1667983828
390091.952,0.1667943009
390106.952,0.1667902193
390121.952,0.1667861381
390136.952,0.1667820572
390151.952,0.1667779766
390166.952,0.1667738964
390181.952,0.1667698166
390196.952,0.1667657371
390211.952,0.1667616579
390226.952,0.1667575791
390241.952,0.1667535006
390256.952,0.1667494225
390271.952,0.1667453447
390286.952,0.1667412673
390301.952,0.1667371902
390316.952,0.1667331135
390331.952,0.1667290371
390346.952,0.166724961
390361.952,0.1667208853
390376.952,0.16671681
390391.952,0.166712735
390406.952,0.1667086603
390421.952,0.166704586
390436.952,0.166700512
390451.952,0.1666964384
390466.952,0.1666923651
390481.952,0.1666882922
390496.952,0.1666842196
390511.952,0.1666801473
390526.952,0.1666760754
390541.952,0.1666720039
390556.952,0.1666679326
390571.952,0.1666638618
390586.952,0.1666597913
390601.952,0.1666557211
390616.952,0.1666516512
390631.952,0.1666475818
390646.952,0.1666435126
390661.952,0.1666394438
390676.952,0.1666353754
390691.952,0.1666313073
390706.952,0.1666272395
390721.952,0.1666231721
390736.952,0.166619105
390751.952,0.1666150383
390766.952,0.1666109719
390781.952,0.1666069058
390796.952,0.1666028401
390811.952,0.1665987748
390826.952,0.1665947098
390841.952,0.1665906451
390856.952,0.1665865808
390871.952,0.1665825168
390886.952,0.1665784532
390901.952,0.1665743899
390916.952,0.1665703269
390931.952,0.1665662643
390946.952,0.1665622021
390961.952,0.1665581402
390976.952,0.1665540786
390991.952,0.1665500174
391006.952,0.1665459565
391021.952,0.166541896
391036.952,0.1665378358
391051.952,0.1665337759
391066.952,0.1665297164
391081.952,0.1665256573
391096.952,0.1665215984
391111.952,0.16651754
391126.952,0.1665134818
391141.952,0.166509424
391156.952,0.1665053666
391171.952,0.1665013095
391186.952,0.1664972527
391201.952,0.1664931963
391216.952,0.1664891402
391231.952,0.1664850845
391246.952,0.1664810291
391261.952,0.1664769741
391276.952,0.1664729194
391291.952,0.166468865
391306.952,0.166464811
391321.952,0.1664607573
391336.952,0.166456704
391351.952,0.166452651
391366.952,0.1664485983
391381.952,0.166444546
391396.952,0.1664404941
391411.952,0.1664364425
391426.952,0.1664323912
391441.952,0.1664283403
391456.952,0.1664242897
391471.952,0.1664202394
391486.952,0.1664161895
391501.952,0.1664121399
391516.952,0.1664080907
391531.952,0.1664040418
391546.952,0.1663999933
391561.952,0.1663959451
391576.952,0.1663918973
391591.952,0.1663878497
391606.952,0.1663838026
391621.952,0.1663797557
391636.952,0.1663757093
391651.952,0.1663716631
391666.952,0.1663676173
391681.952,0.1663635719
391696.952,0.1663595267
391711.952,0.166355482
391726.952,0.1663514375
391741.952,0.1663473934
391756.952,0.1663433497
391771.952,0.1663393063
391786.952,0.1663352632
391801.952,0.1663312205
391816.952,0.1663271781
391831.952,0.166323136
391846.952,0.1663190943
391861.952,0.166315053
391876.952,0.1663110119
391891.952,0.1663069713
391906.952,0.1663029309
391921.952,0.1662988909
391936.952,0.1662948513
391951.952,0.1662908119
391966.952,0.166286773
391981.952,0.1662827343
391996.952,0.166278696
392011.952,0.1662746581
392026.952,0.1662706205
392041.952,0.1662665832
392056.952,0.1662625462
392071.952,0.1662585097
392086.952,0.1662544734
392101.952,0.1662504375
392116.952,0.1662464019
392131.952,0.1662423667
392146.952,0.1662383318
392161.952,0.1662342972
392176.952,0.166230263
392191.952,0.1662262292
392206.952,0.1662221956
392221.952,0.1662181624
392236.952,0.1662141296
392251.952,0.1662100971
392266.952,0.1662060649
392281.952,0.1662020331
392296.952,0.1661980016
392311.952,0.1661939705
392326.952,0.1661899396
392341.952,0.1661859092
392356.952,0.166181879
392371.952,0.1661778492
392386.952,0.1661738198
392401.952,0.1661697907
392416.952,0.1661657619
392431.952,0.1661617335
392446.952,0.1661577054
392461.952,0.1661536776
392476.952,0.1661496502
392491.952,0.1661456231
392506.952,0.1661415964
392521.952,0.16613757
392536.952,0.166133544
392551.952,0.1661295182
392566.952,0.1661254929
392581.952,0.1661214678
392596.952,0.1661174431
392611.952,0.1661134187
392626.952,0.1661093947
392641.952,0.166105371
392656.952,0.1661013477
392671.952,0.1660973247
392686.952,0.166093302
392701.952,0.1660892797
392716.952,0.1660852577
392731.952,0.166081236
392746.952,0.1660772147
392761.952,0.1660731938
392776.952,0.1660691731
392791.952,0.1660651528
392806.952,0.1660611329
392821.952,0.1660571132
392836.952,0.166053094
392851.952,0.166049075
392866.952,0.1660450564
392881.952,0.1660410381
392896.952,0.1660370202
392911.952,0.1660330026
392926.952,0.1660289854
392941.952,0.1660249684
392956.952,0.1660209519
392971.952,0.1660169356
392986.952,0.1660129197
393001.952,0.1660089041
393016.952,0.1660048889
393031.952,0.166000874
393046.952,0.1659968595
393061.952,0.1659928453
393076.952,0.1659888314
393091.952,0.1659848178
393106.952,0.1659808046
393121.952,0.1659767918
393136.952,0.1659727792
393151.952,0.1659687671
393166.952,0.1659647552
393181.952,0.1659607437
393196.952,0.1659567325
393211.952,0.1659527217
393226.952,0.1659487112
393241.952,0.165944701
393256.952,0.1659406912
393271.952,0.1659366817
393286.952,0.1659326725
393301.952,0.1659286637
393316.952,0.1659246552
393331.952,0.1659206471
393346.952,0.1659166393
393361.952,0.1659126318
393376.952,0.1659086247
393391.952,0.1659046179
393406.952,0.1659006114
393421.952,0.1658966053
393436.952,0.1658925995
393451.952,0.165888594
393466.952,0.1658845889
393481.952,0.1658805841
393496.952,0.1658765797
393511.952,0.1658725756
393526.952,0.1658685718
393541.952,0.1658645684
393556.952,0.1658605653
393571.952,0.1658565625
393586.952,0.1658525601
393601.952,0.165848558
393616.952,0.1658445563
393631.952,0.1658405548
393646.952,0.1658365538
393661.952,0.165832553
393676.952,0.1658285526
393691.952,0.1658245525
393706.952,0.1658205528
393721.952,0.1658165534
393736.952,0.1658125543
393751.952,0.1658085556
393766.952,0.1658045572
393781.952,0.1658005591
393796.952,0.1657965614
393811.952,0.165792564
393826.952,0.165788567
393841.952,0.1657845702
393856.952,0.1657805739
393871.952,0.1657765778
393886.952,0.1657725821
393901.952,0.1657685867
393916.952,0.1657645917
393931.952,0.165760597
393946.952,0.1657566026
393961.952,0.1657526086
393976.952,0.1657486149
393991.952,0.1657446215
394006.952,0.1657406285
394021.952,0.1657366358
394036.952,0.1657326434
394051.952,0.1657286514
394066.952,0.1657246597
394081.952,0.1657206683
394096.952,0.1657166773
394111.952,0.1657126866
394126.952,0.1657086962
394141.952,0.1657047062
394156.952,0.1657007165
394171.952,0.1656967272
394186.952,0.1656927382
394201.952,0.1656887495
394216.952,0.1656847611
394231.952,0.1656807731
394246.952,0.1656767854
394261.952,0.1656727981
394276.952,0.1656688111
394291.952,0.1656648244
394306.952,0.1656608381
394321.952,0.1656568521
394336.952,0.1656528664
394351.952,0.165648881
394366.952,0.165644896
394381.952,0.1656409113
394396.952,0.165636927
394411.952,0.165632943
394426.952,0.1656289593
394441.952,0.165624976
394456.952,0.165620993
394471.952,0.1656170103
394486.952,0.165613028
394501.952,0.165609046
394516.952,0.1656050643
394531.952,0.1656010829
394546.952,0.1655971019
394561.952,0.1655931213
394576.952,0.1655891409
394591.952,0.1655851609
394606.952,0.1655811812
394621.952,0.1655772019
394636.952,0.1655732229
394651.952,0.1655692442
394666.952,0.1655652659
394681.952,0.1655612879
394696.952,0.1655573102
394711.952,0.1655533329
394726.952,0.1655493558
394741.952,0.1655453792
394756.952,0.1655414028
394771.952,0.1655374268
394786.952,0.1655334511
394801.952,0.1655294758
394816.952,0.1655255008
394831.952,0.1655215261
394846.952,0.1655175517
394861.952,0.1655135777
394876.952,0.165509604
394891.952,0.1655056307
394906.952,0.1655016577
394921.952,0.165497685
394936.952,0.1654937126
394951.952,0.1654897406
394966.952,0.1654857689
394981.952,0.1654817976
394996.952,0.1654778265
395011.952,0.1654738558
395026.952,0.1654698855
395041.952,0.1654659154
395056.952,0.1654619457
395071.952,0.1654579764
395086.952,0.1654540073
395101.952,0.1654500386
395116.952,0.1654460703
395131.952,0.1654421022
395146.952,0.1654381345
395161.952,0.1654341671
395176.952,0.1654302001
395191.952,0.1654262334
395206.952,0.165422267
395221.952,0.1654183009
395236.952,0.1654143352
395251.952,0.1654103698
395266.952,0.1654064048
395281.952,0.16540244
395296.952,0.1653984756
395311.952,0.1653945116
395326.952,0.1653905479
395341.952,0.1653865844
395356.952,0.1653826214
395371.952,0.1653786586
395386.952,0.1653746962
395401.952,0.1653707341
395416.952,0.1653667724
395431.952,0.165362811
395446.952,0.1653588499
395461.952,0.1653548891
395476.952,0.1653509287
395491.952,0.1653469686
395506.952,0.1653430089
395521.952,0.1653390494
395536.952,0.1653350903
395551.952,0.1653311316
395566.952,0.1653271731
395581.952,0.165323215
395596.952,0.1653192572
395611.952,0.1653152998
395626.952,0.1653113426
395641.952,0.1653073859
395656.952,0.1653034294
395671.952,0.1652994733
395686.952,0.1652955175
395701.952,0.165291562
395716.952,0.1652876069
395731.952,0.165283652
395746.952,0.1652796976
395761.952,0.1652757434
395776.952,0.1652717896
395791.952,0.1652678361
395806.952,0.1652638829
395821.952,0.1652599301
395836.952,0.1652559776
395851.952,0.1652520254
395866.952,0.1652480736
395881.952,0.1652441221
395896.952,0.1652401709
395911.952,0.16523622
395926.952,0.1652322695
395941.952,0.1652283193
395956.952,0.1652243694
395971.952,0.1652204199
395986.952,0.1652164707
396001.952,0.1652125218
396016.952,0.1652085733
396031.952,0.1652046251
396046.952,0.1652006772
396061.952,0.1651967296
396076.952,0.1651927824
396091.952,0.1651888355
396106.952,0.1651848889
396121.952,0.1651809426
396136.952,0.1651769967
396151.952,0.1651730511
396166.952,0.1651691059
396181.952,0.1651651609
396196.952,0.1651612163
396211.952,0.1651572721
396226.952,0.1651533281
396241.952,0.1651493845
396256.952,0.1651454412
396271.952,0.1651414982
396286.952,0.1651375556
396301.952,0.1651336133
396316.952,0.1651296713
396331.952,0.1651257297
396346.952,0.1651217884
396361.952,0.1651178474
396376.952,0.1651139067
396391.952,0.1651099664
396406.952,0.1651060264
396421.952,0.1651020867
396436.952,0.1650981473
396451.952,0.1650942083
396466.952,0.1650902696
396481.952,0.1650863312
396496.952,0.1650823932
396511.952,0.1650784555
396526.952,0.1650745181
396541.952,0.165070581
396556.952,0.1650666443
396571.952,0.1650627079
396586.952,0.1650587718
396601.952,0.1650548361
396616.952,0.1650509007
396631.952,0.1650469656
396646.952,0.1650430308
396661.952,0.1650390964
396676.952,0.1650351623
396691.952,0.1650312285
396706.952,0.165027295
396721.952,0.1650233619
396736.952,0.1650194291
396751.952,0.1650154966
396766.952,0.1650115645
396781.952,0.1650076327
396796.952,0.1650037012
396811.952,0.16499977
396826.952,0.1649958392
396841.952,0.1649919086
396856.952,0.1649879785
396871.952,0.1649840486
396886.952,0.1649801191
396901.952,0.1649761899
396916.952,0.164972261
396931.952,0.1649683324
396946.952,0.1649644042
396961.952,0.1649604763
396976.952,0.1649565487
396991.952,0.1649526215
397006.952,0.1649486945
397021.952,0.164944768
397036.952,0.1649408417
397051.952,0.1649369157
397066.952,0.1649329901
397081.952,0.1649290648
397096.952,0.1649251399
397111.952,0.1649212152
397126.952,0.1649172909
397141.952,0.1649133669
397156.952,0.1649094433
397171.952,0.1649055199
397186.952,0.1649015969
397201.952,0.1648976742
397216.952,0.1648937519
397231.952,0.1648898299
397246.952,0.1648859081
397261.952,0.1648819868
397276.952,0.1648780657
397291.952,0.164874145
397306.952,0.1648702246
397321.952,0.1648663045
397336.952,0.1648623848
397351.952,0.1648584653
397366.952,0.1648545462
397381.952,0.1648506274
397396.952,0.164846709
397411.952,0.1648427909
397426.952,0.1648388731
397441.952,0.1648349556
397456.952,0.1648310384
397471.952,0.1648271216
397486.952,0.1648232051
397501.952,0.1648192889
397516.952,0.1648153731
397531.952,0.1648114576
397546.952,0.1648075424
397561.952,0.1648036275
397576.952,0.1647997129
397591.952,0.1647957987
397606.952,0.1647918848
397621.952,0.1647879712
397636.952,0.164784058
397651.952,0.164780145
397666.952,0.1647762324
397681.952,0.1647723202
397696.952,0.1647684082
397711.952,0.1647644966
397726.952,0.1647605853
397741.952,0.1647566743
397756.952,0.1647527636
397771.952,0.1647488533
397786.952,0.1647449433
397801.952,0.1647410336
397816.952,0.1647371242
397831.952,0.1647332152
397846.952,0.1647293065
397861.952,0.1647253981
397876.952,0.16472149
397891.952,0.1647175823
397906.952,0.1647136749
397921.952,0.1647097678
397936.952,0.164705861
397951.952,0.1647019545
397966.952,0.1646980484
397981.952,0.1646941426
397996.952,0.1646902371
398011.952,0.164686332
398026.952,0.1646824272
398041.952,0.1646785227
398056.952,0.1646746185
398071.952,0.1646707146
398086.952,0.1646668111
398101.952,0.1646629079
398116.952,0.164659005
398131.952,0.1646551024
398146.952,0.1646512002
398161.952,0.1646472983
398176.952,0.1646433967
398191.952,0.1646394954
398206.952,0.1646355944
398221.952,0.1646316938
398236.952,0.1646277935
398251.952,0.1646238935
398266.952,0.1646199939
398281.952,0.1646160945
398296.952,0.1646121955
398311.952,0.1646082968
398326.952,0.1646043985
398341.952,0.1646005004
398356.952,0.1645966027
398371.952,0.1645927053
398386.952,0.1645888082
398401.952,0.1645849115
398416.952,0.164581015
398431.952,0.1645771189
398446.952,0.1645732231
398461.952,0.1645693277
398476.952,0.1645654325
398491.952,0.1645615377
398506.952,0.1645576432
398521.952,0.164553749
398536.952,0.1645498552
398551.952,0.1645459616
398566.952,0.1645420684
398581.952,0.1645381755
398596.952,0.164534283
398611.952,0.1645303907
398626.952,0.1645264988
398641.952,0.1645226072
398656.952,0.1645187159
398671.952,0.164514825
398686.952,0.1645109343
398701.952,0.164507044
398716.952,0.164503154
398731.952,0.1644992643
398746.952,0.164495375
398761.952,0.164491486
398776.952,0.1644875973
398791.952,0.1644837089
398806.952,0.1644798208
398821.952,0.1644759331
398836.952,0.1644720456
398851.952,0.1644681585
398866.952,0.1644642718
398881.952,0.1644603853
398896.952,0.1644564992
398911.952,0.1644526134
398926.952,0.1644487279
398941.952,0.1644448427
398956.952,0.1644409578
398971.952,0.1644370733
398986.952,0.1644331891
399001.952,0.1644293052
399016.952,0.1644254216
399031.952,0.1644215384
399046.952,0.1644176555
399061.952,0.1644137728
399076.952,0.1644098906
399091.952,0.1644060086
399106.952,0.1644021269
399121.952,0.1643982456
399136.952,0.1643943646
399151.952,0.1643904839
399166.952,0.1643866036
399181.952,0.1643827235
399196.952,0.1643788438
399211.952,0.1643749644
399226.952,0.1643710853
399241.952,0.1643672065
399256.952,0.1643633281
399271.952,0.16435945
399286.952,0.1643555722
399301.952,0.1643516947
399316.952,0.1643478175
399331.952,0.1643439407
399346.952,0.1643400642
399361.952,0.164336188
399376.952,0.1643323121
399391.952,0.1643284365
399406.952,0.1643245613
399421.952,0.1643206864
399436.952,0.1643168117
399451.952,0.1643129375
399466.952,0.1643090635
399481.952,0.1643051898
399496.952,0.1643013165
399511.952,0.1642974435
399526.952,0.1642935708
399541.952,0.1642896985
399556.952,0.1642858264
399571.952,0.1642819547
399586.952,0.1642780833
399601.952,0.1642742122
399616.952,0.1642703414
399631.952,0.164266471
399646.952,0.1642626008
399661.952,0.164258731
399676.952,0.1642548615
399691.952,0.1642509923
399706.952,0.1642471235
399721.952,0.1642432549
399736.952,0.1642393867
399751.952,0.1642355188
399766.952,0.1642316512
399781.952,0.164227784
399796.952,0.164223917
399811.952,0.1642200504
399826.952,0.1642161841
399841.952,0.1642123181
399856.952,0.1642084524
399871.952,0.1642045871
399886.952,0.164200722
399901.952,0.1641968573
399916.952,0.1641929929
399931.952,0.1641891288
399946.952,0.1641852651
399961.952,0.1641814016
399976.952,0.1641775385
399991.952,0.1641736757
400006.952,0.1641698132
400021.952,0.164165951
400036.952,0.1641620892
400051.952,0.1641582276
400066.952,0.1641543664
400081.952,0.1641505055
400096.952,0.164146645
400111.952,0.1641427847
400126.952,0.1641389247
400141.952,0.1641350651
400156.952,0.1641312058
400171.952,0.1641273468
400186.952,0.1641234881
400201.952,0.1641196298
400216.952,0.1641157717
400231.952,0.164111914
400246.952,0.1641080566
400261.952,0.1641041995
400276.952,0.1641003428
400291.952,0.1640964863
400306.952,0.1640926302
400321.952,0.1640887743
400336.952,0.1640849188
400351.952,0.1640810637
400366.952,0.1640772088
400381.952,0.1640733542
400396.952,0.1640695
400411.952,0.1640656461
400426.952,0.1640617925
400441.952,0.1640579392
400456.952,0.1640540862
400471.952,0.1640502336
400486.952,0.1640463813
400501.952,0.1640425292
400516.952,0.1640386775
400531.952,0.1640348262
400546.952,0.1640309751
400561.952,0.1640271244
400576.952,0.1640232739
400591.952,0.1640194238
400606.952,0.164015574
400621.952,0.1640117245
400636.952,0.1640078754
400651.952,0.1640040265
400666.952,0.164000178
400681.952,0.1639963298
400696.952,0.1639924819
400711.952,0.1639886343
400726.952,0.163984787
400741.952,0.16398094
400756.952,0.1639770934
400771.952,0.1639732471
400786.952,0.1639694011
400801.952,0.1639655554
400816.952,0.16396171
400831.952,0.163957865
400846.952,0.1639540202
400861.952,0.1639501758
400876.952,0.1639463317
400891.952,0.1639424879
400906.952,0.1639386444
400921.952,0.1639348013
400936.952,0.1639309584
400951.952,0.1639271159
400966.952,0.1639232737
400981.952,0.1639194318
400996.952,0.1639155902
401011.952,0.1639117489
401026.952,0.163907908
401041.952,0.1639040673
401056.952,0.163900227
401071.952,0.163896387
401086.952,0.1638925473
401101.952,0.1638887079
401116.952,0.1638848688
401131.952,0.1638810301
401146.952,0.1638771917
401161.952,0.1638733535
401176.952,0.1638695157
401191.952,0.1638656783
401206.952,0.1638618411
401221.952,0.1638580042
401236.952,0.1638541677
401251.952,0.1638503315
401266.952,0.1638464955
401281.952,0.1638426599
401296.952,0.1638388247
401311.952,0.1638349897
401326.952,0.163831155
401341.952,0.1638273207
401356.952,0.1638234867
401371.952,0.1638196529
401386.952,0.1638158195
401401.952,0.1638119865
401416.952,0.1638081537
401431.952,0.1638043212
401446.952,0.1638004891
401461.952,0.1637966573
401476.952,0.1637928258
401491.952,0.1637889946
401506.952,0.1637851637
401521.952,0.1637813331
401536.952,0.1637775028
401551.952,0.1637736729
401566.952,0.1637698433
401581.952,0.163766014
401596.952,0.163762185
401611.952,0.1637583563
401626.952,0.1637545279
401641.952,0.1637506998
401656.952,0.1637468721
401671.952,0.1637430447
401686.952,0.1637392175
401701.952,0.1637353907
401716.952,0.1637315642
401731.952,0.1637277381
401746.952,0.1637239122
401761.952,0.1637200866
401776.952,0.1637162614
401791.952,0.1637124365
401806.952,0.1637086119
401821.952,0.1637047876
401836.952,0.1637009636
401851.952,0.1636971399
401866.952,0.1636933166
401881.952,0.1636894935
401896.952,0.1636856708
401911.952,0.1636818484
401926.952,0.1636780262
401941.952,0.1636742045
401956.952,0.163670383
401971.952,0.1636665618
401986.952,0.1636627409
402001.952,0.1636589204
402016.952,0.1636551002
402031.952,0.1636512803
402046.952,0.1636474606
402061.952,0.1636436414
402076.952,0.1636398224
402091.952,0.1636360037
402106.952,0.1636321854
402121.952,0.1636283673
402136.952,0.1636245496
402151.952,0.1636207322
402166.952,0.1636169151
402181.952,0.1636130983
402196.952,0.1636092818
402211.952,0.1636054656
402226.952,0.1636016498
402241.952,0.1635978342
402256.952,0.163594019
402271.952,0.1635902041
402286.952,0.1635863895
402301.952,0.1635825752
402316.952,0.1635787612
402331.952,0.1635749475
402346.952,0.1635711341
402361.952,0.1635673211
402376.952,0.1635635084
402391.952,0.1635596959
402406.952,0.1635558838
402421.952,0.163552072
402436.952,0.1635482605
402451.952,0.1635444493
402466.952,0.1635406385
402481.952,0.1635368279
402496.952,0.1635330177
402511.952,0.1635292077
402526.952,0.1635253981
402541.952,0.1635215888
402556.952,0.1635177798
402571.952,0.1635139711
402586.952,0.1635101627
402601.952,0.1635063547
402616.952,0.1635025469
402631.952,0.1634987395
402646.952,0.1634949323
402661.952,0.1634911255
402676.952,0.163487319
402691.952,0.1634835128
402706.952,0.1634797069
402721.952,0.1634759013
402736.952,0.1634720961
402751.952,0.1634682911
402766.952,0.1634644865
402781.952,0.1634606821
402796.952,0.1634568781
402811.952,0.1634530744
402826.952,0.163449271
402841.952,0.1634454679
402856.952,0.1634416651
402871.952,0.1634378627
402886.952,0.1634340605
402901.952,0.1634302586
402916.952,0.1634264571
402931.952,0.1634226559
402946.952,0.163418855
402961.952,0.1634150543
402976.952,0.163411254
402991.952,0.1634074541
403006.952,0.1634036544
403021.952,0.163399855
403036.952,0.1633960559
403051.952,0.1633922572
403066.952,0.1633884588
403081.952,0.1633846606
403096.952,0.1633808628
403111.952,0.1633770653
403126.952,0.1633732681
403141.952,0.1633694712
403156.952,0.1633656746
403171.952,0.1633618784
403186.952,0.1633580824
403201.952,0.1633542867
403216.952,0.1633504914
403231.952,0.1633466964
403246.952,0.1633429017
403261.952,0.1633391072
403276.952,0.1633353131
403291.952,0.1633315193
403306.952,0.1633277259
403321.952,0.1633239327
403336.952,0.1633201398
403351.952,0.1633163473
403366.952,0.163312555
403381.952,0.1633087631
403396.952,0.1633049714
403411.952,0.1633011801
403426.952,0.1632973891
403441.952,0.1632935984
403456.952,0.163289808
403471.952,0.1632860179
403486.952,0.1632822281
403501.952,0.1632784387
403516.952,0.1632746495
403531.952,0.1632708607
403546.952,0.1632670721
403561.952,0.1632632839
403576.952,0.163259496
403591.952,0.1632557084
403606.952,0.163251921
403621.952,0.163248134
403636.952,0.1632443474
403651.952,0.163240561
403666.952,0.1632367749
403681.952,0.1632329891
403696.952,0.1632292037
403711.952,0.1632254185
403726.952,0.1632216337
403741.952,0.1632178492
403756.952,0.1632140649
403771.952,0.163210281
403786.952,0.1632064974
403801.952,0.1632027141
403816.952,0.1631989311
403831.952,0.1631951484
403846.952,0.1631913661
403861.952,0.163187584
403876.952,0.1631838022
403891.952,0.1631800208
403906.952,0.1631762396
403921.952,0.1631724588
403936.952,0.1631686783
403951.952,0.163164898
403966.952,0.1631611181
403981.952,0.1631573385
403996.952,0.1631535592
404011.952,0.1631497802
404026.952,0.1631460016
404041.952,0.1631422232
404056.952,0.1631384451
404071.952,0.1631346673
404086.952,0.1631308899
404101.952,0.1631271127
404116.952,0.1631233359
404131.952,0.1631195594
404146.952,0.1631157831
404161.952,0.1631120072
404176.952,0.1631082316
404191.952,0.1631044563
404206.952,0.1631006813
404221.952,0.1630969066
404236.952,0.1630931322
404251.952,0.1630893582
404266.952,0.1630855844
404281.952,0.1630818109
404296.952,0.1630780378
404311.952,0.1630742649
404326.952,0.1630704924
404341.952,0.1630667201
404356.952,0.1630629482
404371.952,0.1630591766
404386.952,0.1630554053
404401.952,0.1630516343
404416.952,0.1630478636
404431.952,0.1630440932
404446.952,0.1630403231
404461.952,0.1630365533
404476.952,0.1630327838
404491.952,0.1630290146
404506.952,0.1630252458
404521.952,0.1630214772
404536.952,0.163017709
404551.952,0.163013941
404566.952,0.1630101734
404581.952,0.163006406
404596.952,0.163002639
404611.952,0.1629988723
404626.952,0.1629951059
404641.952,0.1629913398
404656.952,0.1629875739
404671.952,0.1629838084
404686.952,0.1629800433
404701.952,0.1629762784
404716.952,0.1629725138
404731.952,0.1629687495
404746.952,0.1629649855
404761.952,0.1629612219
404776.952,0.1629574585
404791.952,0.1629536955
404806.952,0.1629499327
404821.952,0.1629461703
404836.952,0.1629424081
404851.952,0.1629386463
404866.952,0.1629348848
404881.952,0.1629311235
404896.952,0.1629273626
404911.952,0.162923602
404926.952,0.1629198417
404941.952,0.1629160817
404956.952,0.162912322
404971.952,0.1629085626
404986.952,0.1629048035
405001.952,0.1629010447
405016.952,0.1628972863
405031.952,0.1628935281
405046.952,0.1628897702
405061.952,0.1628860127
405076.952,0.1628822554
405091.952,0.1628784984
405106.952,0.1628747418
405121.952,0.1628709855
405136.952,0.1628672294
405151.952,0.1628634737
405166.952,0.1628597182
405181.952,0.1628559631
405196.952,0.1628522083
405211.952,0.1628484538
405226.952,0.1628446996
405241.952,0.1628409457
405256.952,0.1628371921
405271.952,0.1628334388
405286.952,0.1628296858
405301.952,0.1628259331
405316.952,0.1628221807
405331.952,0.1628184286
405346.952,0.1628146768
405361.952,0.1628109253
405376.952,0.1628071742
405391.952,0.1628034233
405406.952,0.1627996727
405421.952,0.1627959225
405436.952,0.1627921725
405451.952,0.1627884229
405466.952,0.1627846735
405481.952,0.1627809245
405496.952,0.1627771757
405511.952,0.1627734273
405526.952,0.1627696792
405541.952,0.1627659313
405556.952,0.1627621838
405571.952,0.1627584366
405586.952,0.1627546897
405601.952,0.1627509431
405616.952,0.1627471967
405631.952,0.1627434507
405646.952,0.162739705
405661.952,0.1627359596
405676.952,0.1627322145
405691.952,0.1627284697
405706.952,0.1627247252
405721.952,0.1627209811
405736.952,0.1627172372
405751.952,0.1627134936
405766.952,0.1627097503
405781.952,0.1627060073
405796.952,0.1627022646
405811.952,0.1626985223
405826.952,0.1626947802
405841.952,0.1626910384
405856.952,0.162687297
405871.952,0.1626835558
405886.952,0.162679815
405901.952,0.1626760744
405916.952,0.1626723341
405931.952,0.1626685942
405946.952,0.1626648546
405961.952,0.1626611152
405976.952,0.1626573762
405991.952,0.1626536374
406006.952,0.162649899
406021.952,0.1626461608
406036.952,0.162642423
406051.952,0.1626386855
406066.952,0.1626349483
406081.952,0.1626312113
406096.952,0.1626274747
406111.952,0.1626237384
406126.952,0.1626200024
406141.952,0.1626162666
406156.952,0.1626125312
406171.952,0.1626087961
406186.952,0.1626050613
406201.952,0.1626013268
406216.952,0.1625975926
406231.952,0.1625938587
406246.952,0.1625901251
406261.952,0.1625863918
406276.952,0.1625826588
406291.952,0.1625789261
406306.952,0.1625751937
406321.952,0.1625714616
406336.952,0.1625677298
406351.952,0.1625639983
406366.952,0.1625602671
406381.952,0.1625565362
406396.952,0.1625528056
406411.952,0.1625490753
406426.952,0.1625453453
406441.952,0.1625416157
406456.952,0.1625378863
406471.952,0.1625341572
406486.952,0.1625304284
406501.952,0.1625266999
406516.952,0.1625229717
406531.952,0.1625192439
406546.952,0.1625155163
406561.952,0.162511789
406576.952,0.162508062
406591.952,0.1625043354
406606.952,0.162500609
406621.952,0.1624968829
406636.952,0.1624931571
406651.952,0.1624894317
406666.952,0.1624857065
406681.952,0.1624819816
406696.952,0.1624782571
406711.952,0.1624745328
406726.952,0.1624708088
406741.952,0.1624670852
406756.952,0.1624633618
406771.952,0.1624596387
406786.952,0.162455916
406801.952,0.1624521935
406816.952,0.1624484713
406831.952,0.1624447495
406846.952,0.1624410279
406861.952,0.1624373066
406876.952,0.1624335857
406891.952,0.162429865
406906.952,0.1624261446
406921.952,0.1624224246
406936.952,0.1624187048
406951.952,0.1624149854
406966.952,0.1624112662
406981.952,0.1624075473
406996.952,0.1624038288
407011.952,0.1624001105
407026.952,0.1623963925
407041.952,0.1623926749
407056.952,0.1623889575
407071.952,0.1623852404
407086.952,0.1623815237
407101.952,0.1623778072
407116.952,0.162374091
407131.952,0.1623703752
407146.952,0.1623666596
407161.952,0.1623629443
407176.952,0.1623592294
407191.952,0.1623555147
407206.952,0.1623518003
407221.952,0.1623480863
407236.952,0.1623443725
407251.952,0.162340659
407266.952,0.1623369459
407281.952,0.162333233
407296.952,0.1623295204
407311.952,0.1623258081
407326.952,0.1623220962
407341.952,0.1623183845
407356.952,0.1623146731
407371.952,0.162310962
407386.952,0.1623072512
407401.952,0.1623035408
407416.952,0.1622998306
407431.952,0.1622961207
407446.952,0.1622924111
407461.952,0.1622887018
407476.952,0.1622849928
407491.952,0.1622812842
407506.952,0.1622775758
407521.952,0.1622738677
407536.952,0.1622701599
407551.952,0.1622664524
407566.952,0.1622627452
407581.952,0.1622590383
407596.952,0.1622553317
407611.952,0.1622516254
407626.952,0.1622479194
407641.952,0.1622442137
407656.952,0.1622405083
407671.952,0.1622368032
407686.952,0.1622330984
407701.952,0.1622293939
407716.952,0.1622256897
407731.952,0.1622219857
407746.952,0.1622182821
407761.952,0.1622145788
407776.952,0.1622108758
407791.952,0.1622071731
407806.952,0.1622034706
407821.952,0.1621997685
407836.952,0.1621960667
407851.952,0.1621923651
407866.952,0.1621886639
407881.952,0.162184963
407896.952,0.1621812623
407911.952,0.162177562
407926.952,0.162173862
407941.952,0.1621701622
407956.952,0.1621664628
407971.952,0.1621627636
407986.952,0.1621590648
408001.952,0.1621553662
408016.952,0.1621516679
408031.952,0.16214797
408046.952,0.1621442723
408061.952,0.162140575
408076.952,0.1621368779
408091.952,0.1621331811
408106.952,0.1621294846
408121.952,0.1621257885
408136.952,0.1621220926
408151.952,0.162118397
408166.952,0.1621147017
408181.952,0.1621110067
408196.952,0.162107312
408211.952,0.1621036176
408226.952,0.1620999235
408241.952,0.1620962297
408256.952,0.1620925362
408271.952,0.162088843
408286.952,0.1620851501
408301.952,0.1620814575
408316.952,0.1620777652
408331.952,0.1620740732
408346.952,0.1620703814
408361.952,0.16206669
408376.952,0.1620629989
408391.952,0.162059308
408406.952,0.1620556175
408421.952,0.1620519272
408436.952,0.1620482373
408451.952,0.1620445476
408466.952,0.1620408583
408481.952,0.1620371692
408496.952,0.1620334805
408511.952,0.162029792
408526.952,0.1620261038
408541.952,0.162022416
408556.952,0.1620187284
408571.952,0.1620150411
408586.952,0.1620113541
408601.952,0.1620076674
408616.952,0.162003981
408631.952,0.1620002949
408646.952,0.1619966091
408661.952,0.1619929236
408676.952,0.1619892384
408691.952,0.1619855535
408706.952,0.1619818689
408721.952,0.1619781846
408736.952,0.1619745005
408751.952,0.1619708168
408766.952,0.1619671334
408781.952,0.1619634502
408796.952,0.1619597674
408811.952,0.1619560848
408826.952,0.1619524026
408841.952,0.1619487206
408856.952,0.1619450389
408871.952,0.1619413576
408886.952,0.1619376765
408901.952,0.1619339957
408916.952,0.1619303152
408931.952,0.161926635
408946.952,0.1619229552
408961.952,0.1619192756
408976.952,0.1619155963
408991.952,0.1619119172
409006.952,0.1619082385
409021.952,0.1619045601
409036.952,0.161900882
409051.952,0.1618972042
409066.952,0.1618935266
409081.952,0.1618898494
409096.952,0.1618861724
409111.952,0.1618824958
409126.952,0.1618788194
409141.952,0.1618751434
409156.952,0.1618714676
409171.952,0.1618677921
409186.952,0.161864117
409201.952,0.1618604421
409216.952,0.1618567675
409231.952,0.1618530932
409246.952,0.1618494192
409261.952,0.1618457455
409276.952,0.1618420721
409291.952,0.161838399
409306.952,0.1618347261
409321.952,0.1618310536
409336.952,0.1618273814
409351.952,0.1618237094
409366.952,0.1618200378
409381.952,0.1618163664
409396.952,0.1618126954
409411.952,0.1618090246
409426.952,0.1618053541
409441.952,0.161801684
409456.952,0.1617980141
409471.952,0.1617943445
409486.952,0.1617906752
409501.952,0.1617870062
409516.952,0.1617833375
409531.952,0.1617796691
409546.952,0.1617760009
409561.952,0.1617723331
409576.952,0.1617686656
409591.952,0.1617649983
409606.952,0.1617613314
409621.952,0.1617576647
409636.952,0.1617539984
409651.952,0.1617503323
409666.952,0.1617466665
409681.952,0.1617430011
409696.952,0.1617393359
409711.952,0.161735671
409726.952,0.1617320064
409741.952,0.1617283421
409756.952,0.1617246781
409771.952,0.1617210143
409786.952,0.1617173509
409801.952,0.1617136878
409816.952,0.1617100249
409831.952,0.1617063624
409846.952,0.1617027001
409861.952,0.1616990382
409876.952,0.1616953765
409891.952,0.1616917151
409906.952,0.161688054
409921.952,0.1616843932
409936.952,0.1616807327
409951.952,0.1616770725
409966.952,0.1616734126
409981.952,0.161669753
409996.952,0.1616660937
410011.952,0.1616624346
410026.952,0.1616587759
410041.952,0.1616551174
410056.952,0.1616514593
410071.952,0.1616478014
410086.952,0.1616441438
410101.952,0.1616404866
410116.952,0.1616368296
410131.952,0.1616331729
410146.952,0.1616295165
410161.952,0.1616258604
410176.952,0.1616222045
410191.952,0.161618549
410206.952,0.1616148938
410221.952,0.1616112388
410236.952,0.1616075842
410251.952,0.1616039298
410266.952,0.1616002757
410281.952,0.161596622
410296.952,0.1615929685
410311.952,0.1615893153
410326.952,0.1615856624
410341.952,0.1615820098
410356.952,0.1615783574
410371.952,0.1615747054
410386.952,0.1615710537
410401.952,0.1615674022
410416.952,0.1615637511
410431.952,0.1615601002
410446.952,0.1615564496
410461.952,0.1615527994
410476.952,0.1615491494
410491.952,0.1615454997
410506.952,0.1615418503
410521.952,0.1615382012
410536.952,0.1615345523
410551.952,0.1615309038
410566.952,0.1615272556
410581.952,0.1615236076
410596.952,0.16151996
410611.952,0.1615163126
410626.952,0.1615126655
410641.952,0.1615090187
410656.952,0.1615053722
410671.952,0.161501726
410686.952,0.1614980801
410701.952,0.1614944345
410716.952,0.1614907892
410731.952,0.1614871441
410746.952,0.1614834994
410761.952,0.1614798549
410776.952,0.1614762108
410791.952,0.1614725669
410806.952,0.1614689233
410821.952,0.16146528
410836.952,0.161461637
410851.952,0.1614579943
410866.952,0.1614543518
410881.952,0.1614507097
410896.952,0.1614470679
410911.952,0.1614434263
410926.952,0.1614397851
410941.952,0.1614361441
410956.952,0.1614325034
410971.952,0.161428863
410986.952,0.1614252229
411001.952,0.1614215831
411016.952,0.1614179436
411031.952,0.1614143043
411046.952,0.1614106654
411061.952,0.1614070267
411076.952,0.1614033884
411091.952,0.1613997503
411106.952,0.1613961125
411121.952,0.161392475
411136.952,0.1613888378
411151.952,0.1613852009
411166.952,0.1613815643
411181.952,0.161377928
411196.952,0.1613742919
411211.952,0.1613706562
411226.952,0.1613670207
411241.952,0.1613633855
411256.952,0.1613597506
411271.952,0.161356116
411286.952,0.1613524817
411301.952,0.1613488477
411316.952,0.161345214
411331.952,0.1613415805
411346.952,0.1613379474
411361.952,0.1613343145
411376.952,0.161330682
411391.952,0.1613270497
411406.952,0.1613234177
411421.952,0.161319786
411436.952,0.1613161546
411451.952,0.1613125234
411466.952,0.1613088926
411481.952,0.161305262
411496.952,0.1613016318
411511.952,0.1612980018
411526.952,0.1612943721
411541.952,0.1612907427
411556.952,0.1612871136
411571.952,0.1612834848
411586.952,0.1612798563
411601.952,0.1612762281
411616.952,0.1612726001
411631.952,0.1612689725
411646.952,0.1612653451
411661.952,0.161261718
411676.952,0.1612580912
411691.952,0.1612544647
411706.952,0.1612508385
411721.952,0.1612472125
411736.952,0.1612435869
411751.952,0.1612399616
411766.952,0.1612363365
411781.952,0.1612327117
411796.952,0.1612290872
411811.952,0.161225463
411826.952,0.1612218391
411841.952,0.1612182155
411856.952,0.1612145922
411871.952,0.1612109691
411886.952,0.1612073463
411901.952,0.1612037239
411916.952,0.1612001017
411931.952,0.1611964798
411946.952,0.1611928582
411961.952,0.1611892369
411976.952,0.1611856158
411991.952,0.1611819951
412006.952,0.1611783746
412021.952,0.1611747545
412036.952,0.1611711346
412051.952,0.161167515
412066.952,0.1611638957
412081.952,0.1611602767
412096.952,0.1611566579
412111.952,0.1611530395
412126.952,0.1611494213
412141.952,0.1611458035
412156.952,0.1611421859
412171.952,0.1611385686
412186.952,0.1611349516
412201.952,0.1611313349
412216.952,0.1611277184
412231.952,0.1611241023
412246.952,0.1611204864
412261.952,0.1611168708
412276.952,0.1611132556
412291.952,0.1611096406
412306.952,0.1611060259
412321.952,0.1611024114
412336.952,0.1610987973
412351.952,0.1610951834
412366.952,0.1610915699
412381.952,0.1610879566
412396.952,0.1610843436
412411.952,0.1610807309
412426.952,0.1610771185
412441.952,0.1610735064
412456.952,0.1610698945
412471.952,0.161066283
412486.952,0.1610626717
412501.952,0.1610590607
412516.952,0.16105545
412531.952,0.1610518396
412546.952,0.1610482295
412561.952,0.1610446197
412576.952,0.1610410101
412591.952,0.1610374008
412606.952,0.1610337919
412621.952,0.1610301832
412636.952,0.1610265748
412651.952,0.1610229667
412666.952,0.1610193588
412681.952,0.1610157513
412696.952,0.161012144
412711.952,0.161008537
412726.952,0.1610049304
412741.952,0.161001324
412756.952,0.1609977178
412771.952,0.160994112
412786.952,0.1609905065
412801.952,0.1609869012
412816.952,0.1609832962
412831.952,0.1609796915
412846.952,0.1609760871
412861.952,0.160972483
412876.952,0.1609688792
412891.952,0.1609652756
412906.952,0.1609616724
412921.952,0.1609580694
412936.952,0.1609544667
412951.952,0.1609508643
412966.952,0.1609472622
412981.952,0.1609436604
412996.952,0.1609400588
413011.952,0.1609364576
413026.952,0.1609328566
413041.952,0.1609292559
413056.952,0.1609256555
413071.952,0.1609220554
413086.952,0.1609184555
413101.952,0.160914856
413116.952,0.1609112567
413131.952,0.1609076578
413146.952,0.1609040591
413161.952,0.1609004607
413176.952,0.1608968625
413191.952,0.1608932647
413206.952,0.1608896671
413221.952,0.1608860699
413236.952,0.1608824729
413251.952,0.1608788762
413266.952,0.1608752798
413281.952,0.1608716836
413296.952,0.1608680878
413311.952,0.1608644922
413326.952,0.160860897
413341.952,0.160857302
413356.952,0.1608537073
413371.952,0.1608501128
413386.952,0.1608465187
413401.952,0.1608429248
413416.952,0.1608393313
413431.952,0.160835738
413446.952,0.160832145
413461.952,0.1608285523
413476.952,0.1608249598
413491.952,0.1608213677
413506.952,0.1608177758
413521.952,0.1608141842
413536.952,0.1608105929
413551.952,0.1608070019
413566.952,0.1608034112
413581.952,0.1607998208
413596.952,0.1607962306
413611.952,0.1607926407
413626.952,0.1607890511
413641.952,0.1607854618
413656.952,0.1607818728
413671.952,0.1607782841
413686.952,0.1607746956
413701.952,0.1607711074
413716.952,0.1607675195
413731.952,0.1607639319
413746.952,0.1607603446
413761.952,0.1607567576
413776.952,0.1607531708
413791.952,0.1607495844
413806.952,0.1607459982
413821.952,0.1607424123
413836.952,0.1607388266
413851.952,0.1607352413
413866.952,0.1607316563
413881.952,0.1607280715
413896.952,0.160724487
413911.952,0.1607209028
413926.952,0.1607173189
413941.952,0.1607137352
413956.952,0.1607101519
413971.952,0.1607065688
413986.952,0.160702986
414001.952,0.1606994035
414016.952,0.1606958213
414031.952,0.1606922394
414046.952,0.1606886577
414061.952,0.1606850763
414076.952,0.1606814952
414091.952,0.1606779144
414106.952,0.1606743339
414121.952,0.1606707537
414136.952,0.1606671737
414151.952,0.160663594
414166.952,0.1606600146
414181.952,0.1606564355
414196.952,0.1606528567
414211.952,0.1606492781
414226.952,0.1606456999
414241.952,0.1606421219
414256.952,0.1606385442
414271.952,0.1606349668
414286.952,0.1606313897
414301.952,0.1606278128
414316.952,0.1606242362
414331.952,0.1606206599
414346.952,0.1606170839
414361.952,0.1606135082
414376.952,0.1606099328
414391.952,0.1606063576
414406.952,0.1606027827
414421.952,0.1605992081
414436.952,0.1605956338
414451.952,0.1605920598
414466.952,0.1605884861
414481.952,0.1605849126
414496.952,0.1605813394
414511.952,0.1605777665
414526.952,0.1605741939
414541.952,0.1605706215
414556.952,0.1605670495
414571.952,0.1605634777
414586.952,0.1605599062
414601.952,0.160556335
414616.952,0.1605527641
414631.952,0.1605491934
414646.952,0.1605456231
414661.952,0.160542053
414676.952,0.1605384832
414691.952,0.1605349137
414706.952,0.1605313444
414721.952,0.1605277755
414736.952,0.1605242068
414751.952,0.1605206384
414766.952,0.1605170703
414781.952,0.1605135024
414796.952,0.1605099349
414811.952,0.1605063676
414826.952,0.1605028006
414841.952,0.1604992339
414856.952,0.1604956675
414871.952,0.1604921013
414886.952,0.1604885355
414901.952,0.1604849699
414916.952,0.1604814046
414931.952,0.1604778395
414946.952,0.1604742748
414961.952,0.1604707103
414976.952,0.1604671462
414991.952,0.1604635823
415006.952,0.1604600186
415021.952,0.1604564553
415036.952,0.1604528922
415051.952,0.1604493295
415066.952,0.160445767
415081.952,0.1604422047
415096.952,0.1604386428
415111.952,0.1604350812
415126.952,0.1604315198
415141.952,0.1604279587
415156.952,0.1604243979
415171.952,0.1604208373
415186.952,0.1604172771
415201.952,0.1604137171
415216.952,0.1604101574
415231.952,0.160406598
415246.952,0.1604030389
415261.952,0.16039948
415276.952,0.1603959214
415291.952,0.1603923632
415306.952,0.1603888051
415321.952,0.1603852474
415336.952,0.16038169
415351.952,0.1603781328
415366.952,0.1603745759
415381.952,0.1603710193
415396.952,0.1603674629
415411.952,0.1603639069
415426.952,0.1603603511
415441.952,0.1603567956
415456.952,0.1603532404
415471.952,0.1603496855
415486.952,0.1603461308
415501.952,0.1603425764
415516.952,0.1603390223
415531.952,0.1603354685
415546.952,0.160331915
415561.952,0.1603283617
415576.952,0.1603248088
415591.952,0.1603212561
415606.952,0.1603177036
415621.952,0.1603141515
415636.952,0.1603105996
415651.952,0.1603070481
415666.952,0.1603034968
415681.952,0.1602999457
415696.952,0.160296395
415711.952,0.1602928445
415726.952,0.1602892943
415741.952,0.1602857444
415756.952,0.1602821948
415771.952,0.1602786455
415786.952,0.1602750964
415801.952,0.1602715476
415816.952,0.1602679991
415831.952,0.1602644509
415846.952,0.1602609029
415861.952,0.1602573552
415876.952,0.1602538078
415891.952,0.1602502607
415906.952,0.1602467139
415921.952,0.1602431673
415936.952,0.160239621
415951.952,0.160236075
415966.952,0.1602325293
415981.952,0.1602289839
415996.952,0.1602254387
416011.952,0.1602218938
416026.952,0.1602183492
416041.952,0.1602148049
416056.952,0.1602112608
416071.952,0.160207717
416086.952,0.1602041735
416101.952,0.1602006303
416116.952,0.1601970874
416131.952,0.1601935447
416146.952,0.1601900023
416161.952,0.1601864602
416176.952,0.1601829184
416191.952,0.1601793768
416206.952,0.1601758356
416221.952,0.1601722946
416236.952,0.1601687539
416251.952,0.1601652134
416266.952,0.1601616733
416281.952,0.1601581334
416296.952,0.1601545938
416311.952,0.1601510545
416326.952,0.1601475154
416341.952,0.1601439766
416356.952,0.1601404381
416371.952,0.1601368999
416386.952,0.160133362
416401.952,0.1601298243
416416.952,0.1601262869
416431.952,0.1601227498
416446.952,0.160119213
416461.952,0.1601156764
416476.952,0.1601121402
416491.952,0.1601086042
416506.952,0.1601050685
416521.952,0.160101533
416536.952,0.1600979979
416551.952,0.160094463
416566.952,0.1600909284
416581.952,0.160087394
416596.952,0.16008386
416611.952,0.1600803262
416626.952,0.1600767927
416641.952,0.1600732595
416656.952,0.1600697265
416671.952,0.1600661938
416686.952,0.1600626614
416701.952,0.1600591293
416716.952,0.1600555975
416731.952,0.1600520659
416746.952,0.1600485346
416761.952,0.1600450036
416776.952,0.1600414729
416791.952,0.1600379424
416806.952,0.1600344123
416821.952,0.1600308824
416836.952,0.1600273527
416851.952,0.1600238234
416866.952,0.1600202943
416881.952,0.1600167655
416896.952,0.160013237
416911.952,0.1600097087
416926.952,0.1600061808
416941.952,0.1600026531
416956.952,0.1599991257
416971.952,0.1599955985
416986.952,0.1599920717
417001.952,0.1599885451
417016.952,0.1599850188
417031.952,0.1599814927
417046.952,0.159977967
417061.952,0.1599744415
417076.952,0.1599709163
417091.952,0.1599673914
417106.952,0.1599638667
417121.952,0.1599603423
417136.952,0.1599568182
417151.952,0.1599532944
417166.952,0.1599497708
417181.952,0.1599462476
417196.952,0.1599427246
417211.952,0.1599392018
417226.952,0.1599356794
417241.952,0.1599321572
417256.952,0.1599286353
417271.952,0.1599251137
417286.952,0.1599215924
417301.952,0.1599180713
417316.952,0.1599145505
417331.952,0.15991103
417346.952,0.1599075097
417361.952,0.1599039898
417376.952,0.1599004701
417391.952,0.1598969507
417406.952,0.1598934315
417421.952,0.1598899127
417436.952,0.1598863941
417451.952,0.1598828757
417466.952,0.1598793577
417481.952,0.1598758399
417496.952,0.1598723224
417511.952,0.1598688052
417526.952,0.1598652883
417541.952,0.1598617716
417556.952,0.1598582552
417571.952,0.1598547391
417586.952,0.1598512233
417601.952,0.1598477077
417616.952,0.1598441924
417631.952,0.1598406774
417646.952,0.1598371627
417661.952,0.1598336482
417676.952,0.159830134
417691.952,0.1598266201
417706.952,0.1598231064
417721.952,0.1598195931
417736.952,0.15981608
417751.952,0.1598125672
417766.952,0.1598090546
417781.952,0.1598055424
417796.952,0.1598020304
417811.952,0.1597985186
417826.952,0.1597950072
417841.952,0.159791496
417856.952,0.1597879851
417871.952,0.1597844745
417886.952,0.1597809641
417901.952,0.1597774541
417916.952,0.1597739443
417931.952,0.1597704347
417946.952,0.1597669255
417961.952,0.1597634165
417976.952,0.1597599078
417991.952,0.1597563994
418006.952,0.1597528912
418021.952,0.1597493833
418036.952,0.1597458757
418051.952,0.1597423684
418066.952,0.1597388613
418081.952,0.1597353545
418096.952,0.159731848
418111.952,0.1597283418
418126.952,0.1597248358
418141.952,0.1597213301
418156.952,0.1597178247
418171.952,0.1597143196
418186.952,0.1597108147
418201.952,0.1597073101
418216.952,0.1597038058
418231.952,0.1597003017
418246.952,0.1596967979
418261.952,0.1596932944
418276.952,0.1596897912
418291.952,0.1596862882
418306.952,0.1596827856
418321.952,0.1596792832
418336.952,0.159675781
418351.952,0.1596722791
418366.952,0.1596687776
418381.952,0.1596652762
418396.952,0.1596617752
418411.952,0.1596582744
418426.952,0.1596547739
418441.952,0.1596512737
418456.952,0.1596477737
418471.952,0.1596442741
418486.952,0.1596407747
418501.952,0.1596372755
418516.952,0.1596337767
418531.952,0.1596302781
418546.952,0.1596267798
418561.952,0.1596232817
418576.952,0.1596197839
418591.952,0.1596162864
418606.952,0.1596127892
418621.952,0.1596092923
418636.952,0.1596057956
418651.952,0.1596022992
418666.952,0.159598803
418681.952,0.1595953072
418696.952,0.1595918116
418711.952,0.1595883163
418726.952,0.1595848212
418741.952,0.1595813265
418756.952,0.159577832
418771.952,0.1595743377
418786.952,0.1595708438
418801.952,0.1595673501
418816.952,0.1595638567
418831.952,0.1595603635
418846.952,0.1595568707
418861.952,0.1595533781
418876.952,0.1595498857
418891.952,0.1595463937
418906.952,0.1595429019
418921.952,0.1595394104
418936.952,0.1595359192
418951.952,0.1595324282
418966.952,0.1595289375
418981.952,0.1595254471
418996.952,0.1595219569
419011.952,0.1595184671
419026.952,0.1595149775
419041.952,0.1595114881
419056.952,0.1595079991
419071.952,0.1595045103
419086.952,0.1595010218
419101.952,0.1594975335
419116.952,0.1594940455
419131.952,0.1594905578
419146.952,0.1594870704
419161.952,0.1594835832
419176.952,0.1594800964
419191.952,0.1594766097
419206.952,0.1594731234
419221.952,0.1594696373
419236.952,0.1594661515
419251.952,0.159462666
419266.952,0.1594591807
419281.952,0.1594556957
419296.952,0.159452211
419311.952,0.1594487266
419326.952,0.1594452424
419341.952,0.1594417585
419356.952,0.1594382748
419371.952,0.1594347915
419386.952,0.1594313084
419401.952,0.1594278256
419416.952,0.159424343
419431.952,0.1594208607
419446.952,0.1594173787
419461.952,0.159413897
419476.952,0.1594104155
419491.952,0.1594069343
419506.952,0.1594034534
419521.952,0.1593999727
419536.952,0.1593964924
419551.952,0.1593930122
419566.952,0.1593895324
419581.952,0.1593860528
419596.952,0.1593825735
419611.952,0.1593790945
419626.952,0.1593756157
419641.952,0.1593721372
419656.952,0.159368659
419671.952,0.1593651811
419686.952,0.1593617034
419701.952,0.159358226
419716.952,0.1593547488
419731.952,0.1593512719
419746.952,0.1593477953
419761.952,0.159344319
419776.952,0.159340843
419791.952,0.1593373672
419806.952,0.1593338916
419821.952,0.1593304164
419836.952,0.1593269414
419851.952,0.1593234667
419866.952,0.1593199923
419881.952,0.1593165181
419896.952,0.1593130442
419911.952,0.1593095706
419926.952,0.1593060972
419941.952,0.1593026241
419956.952,0.1592991513
419971.952,0.1592956787
419986.952,0.1592922065
420001.952,0.1592887344
420016.952,0.1592852627
420031.952,0.1592817912
420046.952,0.15927832
420061.952,0.1592748491
420076.952,0.1592713784
420091.952,0.159267908
420106.952,0.1592644379
420121.952,0.159260968
420136.952,0.1592574984
420151.952,0.1592540291
420166.952,0.1592505601
420181.952,0.1592470913
420196.952,0.1592436228
420211.952,0.1592401545
420226.952,0.1592366866
420241.952,0.1592332189
420256.952,0.1592297514
420271.952,0.1592262843
420286.952,0.1592228174
420301.952,0.1592193507
420316.952,0.1592158844
420331.952,0.1592124183
420346.952,0.1592089525
420361.952,0.1592054869
420376.952,0.1592020216
420391.952,0.1591985566
420406.952,0.1591950919
420421.952,0.1591916274
420436.952,0.1591881632
420451.952,0.1591846993
420466.952,0.1591812356
420481.952,0.1591777722
420496.952,0.159174309
420511.952,0.1591708462
420526.952,0.1591673836
420541.952,0.1591639212
420556.952,0.1591604592
420571.952,0.1591569974
420586.952,0.1591535359
420601.952,0.1591500746
420616.952,0.1591466136
420631.952,0.1591431529
420646.952,0.1591396925
420661.952,0.1591362323
420676.952,0.1591327724
420691.952,0.1591293127
420706.952,0.1591258533
420721.952,0.1591223942
420736.952,0.1591189354
420751.952,0.1591154768
420766.952,0.1591120185
420781.952,0.1591085605
420796.952,0.1591051027
420811.952,0.1591016452
420826.952,0.159098188
420841.952,0.159094731
420856.952,0.1590912743
420871.952,0.1590878179
420886.952,0.1590843617
420901.952,0.1590809058
420916.952,0.1590774502
420931.952,0.1590739948
420946.952,0.1590705397
420961.952,0.1590670849
420976.952,0.1590636303
420991.952,0.159060176
421006.952,0.159056722
421021.952,0.1590532682
421036.952,0.1590498148
421051.952,0.1590463615
421066.952,0.1590429086
421081.952,0.1590394559
421096.952,0.1590360035
421111.952,0.1590325513
421126.952,0.1590290994
421141.952,0.1590256478
421156.952,0.1590221965
421171.952,0.1590187454
421186.952,0.1590152946
421201.952,0.159011844
421216.952,0.1590083937
421231.952,0.1590049437
421246.952,0.159001494
421261.952,0.1589980445
421276.952,0.1589945953
421291.952,0.1589911463
421306.952,0.1589876976
421321.952,0.1589842492
421336.952,0.1589808011
421351.952,0.1589773532
421366.952,0.1589739056
421381.952,0.1589704582
421396.952,0.1589670111
421411.952,0.1589635643
421426.952,0.1589601178
421441.952,0.1589566715
421456.952,0.1589532255
421471.952,0.1589497797
421486.952,0.1589463342
421501.952,0.158942889
421516.952,0.1589394441
421531.952,0.1589359994
421546.952,0.158932555
421561.952,0.1589291108
421576.952,0.1589256669
421591.952,0.1589222233
421606.952,0.15891878
421621.952,0.1589153369
421636.952,0.1589118941
421651.952,0.1589084515
421666.952,0.1589050092
421681.952,0.1589015672
421696.952,0.1588981254
421711.952,0.1588946839
421726.952,0.1588912427
421741.952,0.1588878018
421756.952,0.1588843611
421771.952,0.1588809206
421786.952,0.1588774805
421801.952,0.1588740406
421816.952,0.1588706009
421831.952,0.1588671616
421846.952,0.1588637225
421861.952,0.1588602837
421876.952,0.1588568451
421891.952,0.1588534068
421906.952,0.1588499687
421921.952,0.158846531
421936.952,0.1588430935
421951.952,0.1588396562
421966.952,0.1588362192
421981.952,0.1588327825
421996.952,0.1588293461
422011.952,0.1588259099
422026.952,0.158822474
422041.952,0.1588190384
422056.952,0.158815603
422071.952,0.1588121678
422086.952,0.158808733
422101.952,0.1588052984
422116.952,0.1588018641
422131.952,0.15879843
422146.952,0.1587949962
422161.952,0.1587915627
422176.952,0.1587881294
422191.952,0.1587846964
422206.952,0.1587812637
422221.952,0.1587778312
422236.952,0.158774399
422251.952,0.1587709671
422266.952,0.1587675354
422281.952,0.158764104
422296.952,0.1587606729
422311.952,0.158757242
422326.952,0.1587538114
422341.952,0.158750381
422356.952,0.1587469509
422371.952,0.1587435211
422386.952,0.1587400915
422401.952,0.1587366623
422416.952,0.1587332332
422431.952,0.1587298045
422446.952,0.158726376
422461.952,0.1587229477
422476.952,0.1587195198
422491.952,0.158716092
422506.952,0.1587126646
422521.952,0.1587092374
422536.952,0.1587058105
422551.952,0.1587023839
422566.952,0.1586989575
422581.952,0.1586955314
422596.952,0.1586921055
422611.952,0.1586886799
422626.952,0.1586852546
422641.952,0.1586818295
422656.952,0.1586784047
422671.952,0.1586749802
422686.952,0.1586715559
422701.952,0.1586681319
422716.952,0.1586647081
422731.952,0.1586612846
422746.952,0.1586578614
422761.952,0.1586544385
422776.952,0.1586510158
422791.952,0.1586475933
422806.952,0.1586441712
422821.952,0.1586407493
422836.952,0.1586373276
422851.952,0.1586339063
422866.952,0.1586304852
422881.952,0.1586270643
422896.952,0.1586236437
422911.952,0.1586202234
422926.952,0.1586168033
422941.952,0.1586133836
422956.952,0.158609964
422971.952,0.1586065448
422986.952,0.1586031257
423001.952,0.158599707
423016.952,0.1585962885
423031.952,0.1585928703
423046.952,0.1585894524
423061.952,0.1585860347
423076.952,0.1585826172
423091.952,0.1585792001
423106.952,0.1585757832
423121.952,0.1585723666
423136.952,0.1585689502
423151.952,0.1585655341
423166.952,0.1585621182
423181.952,0.1585587026
423196.952,0.1585552873
423211.952,0.1585518722
423226.952,0.1585484575
423241.952,0.1585450429
423256.952,0.1585416286
423271.952,0.1585382146
423286.952,0.1585348009
423301.952,0.1585313874
423316.952,0.1585279742
423331.952,0.1585245612
423346.952,0.1585211485
423361.952,0.1585177361
423376.952,0.1585143239
423391.952,0.158510912
423406.952,0.1585075004
423421.952,0.158504089
423436.952,0.1585006779
423451.952,0.158497267
423466.952,0.1584938564
423481.952,0.1584904461
423496.952,0.158487036
423511.952,0.1584836262
423526.952,0.1584802166
423541.952,0.1584768073
423556.952,0.1584733983
423571.952,0.1584699896
423586.952,0.1584665811
423601.952,0.1584631728
423616.952,0.1584597648
423631.952,0.1584563571
423646.952,0.1584529497
423661.952,0.1584495425
423676.952,0.1584461355
423691.952,0.1584427289
423706.952,0.1584393225
423721.952,0.1584359163
423736.952,0.1584325104
423751.952,0.1584291048
423766.952,0.1584256995
423781.952,0.1584222944
423796.952,0.1584188895
423811.952,0.1584154849
423826.952,0.1584120806
423841.952,0.1584086766
423856.952,0.1584052728
423871.952,0.1584018693
423886.952,0.158398466
423901.952,0.158395063
423916.952,0.1583916602
423931.952,0.1583882578
423946.952,0.1583848555
423961.952,0.1583814536
423976.952,0.1583780519
423991.952,0.1583746504
424006.952,0.1583712492
424021.952,0.1583678483
424036.952,0.1583644477
424051.952,0.1583610473
424066.952,0.1583576471
424081.952,0.1583542473
424096.952,0.1583508477
424111.952,0.1583474483
424126.952,0.1583440492
424141.952,0.1583406504
424156.952,0.1583372518
424171.952,0.1583338535
424186.952,0.1583304555
424201.952,0.1583270577
424216.952,0.1583236601
424231.952,0.1583202629
424246.952,0.1583168659
424261.952,0.1583134691
424276.952,0.1583100726
424291.952,0.1583066764
424306.952,0.1583032804
424321.952,0.1582998847
424336.952,0.1582964893
424351.952,0.1582930941
424366.952,0.1582896992
424381.952,0.1582863045
424396.952,0.1582829101
424411.952,0.158279516
424426.952,0.1582761221
424441.952,0.1582727285
424456.952,0.1582693351
424471.952,0.158265942
424486.952,0.1582625492
424501.952,0.1582591566
424516.952,0.1582557643
424531.952,0.1582523722
424546.952,0.1582489804
424561.952,0.1582455889
424576.952,0.1582421976
424591.952,0.1582388066
424606.952,0.1582354158
424621.952,0.1582320253
424636.952,0.1582286351
424651.952,0.1582252451
424666.952,0.1582218554
424681.952,0.1582184659
424696.952,0.1582150767
424711.952,0.1582116878
424726.952,0.1582082991
424741.952,0.1582049107
424756.952,0.1582015225
424771.952,0.1581981346
424786.952,0.1581947469
424801.952,0.1581913596
424816.952,0.1581879724
424831.952,0.1581845856
424846.952,0.158181199
424861.952,0.1581778126
424876.952,0.1581744265
424891.952,0.1581710407
424906.952,0.1581676551
424921.952,0.1581642698
424936.952,0.1581608848
424951.952,0.1581575
424966.952,0.1581541154
424981.952,0.1581507312
424996.952,0.1581473471
425011.952,0.1581439634
425026.952,0.1581405799
425041.952,0.1581371966
425056.952,0.1581338137
425071.952,0.1581304309
425086.952,0.1581270485
425101.952,0.1581236663
425116.952,0.1581202843
425131.952,0.1581169026
425146.952,0.1581135212
425161.952,0.1581101401
425176.952,0.1581067591
425191.952,0.1581033785
425206.952,0.1580999981
425221.952,0.158096618
425236.952,0.1580932381
425251.952,0.1580898585
425266.952,0.1580864791
425281.952,0.1580831
425296.952,0.1580797212
425311.952,0.1580763426
425326.952,0.1580729643
425341.952,0.1580695862
425356.952,0.1580662084
425371.952,0.1580628308
425386.952,0.1580594535
425401.952,0.1580560765
425416.952,0.1580526997
425431.952,0.1580493232
425446.952,0.158045947
425461.952,0.158042571
425476.952,0.1580391952
425491.952,0.1580358197
425506.952,0.1580324445
425521.952,0.1580290695
425536.952,0.1580256948
425551.952,0.1580223204
425566.952,0.1580189462
425581.952,0.1580155722
425596.952,0.1580121986
425611.952,0.1580088251
425626.952,0.158005452
425641.952,0.1580020791
425656.952,0.1579987064
425671.952,0.157995334
425686.952,0.1579919619
425701.952,0.15798859
425716.952,0.1579852184
425731.952,0.157981847
425746.952,0.1579784759
425761.952,0.1579751051
425776.952,0.1579717345
425791.952,0.1579683642
425806.952,0.1579649941
425821.952,0.1579616243
425836.952,0.1579582547
425851.952,0.1579548854
425866.952,0.1579515164
425881.952,0.1579481476
425896.952,0.1579447791
425911.952,0.1579414108
425926.952,0.1579380428
425941.952,0.157934675
425956.952,0.1579313075
425971.952,0.1579279403
425986.952,0.1579245733
426001.952,0.1579212066
426016.952,0.1579178401
426031.952,0.1579144739
426046.952,0.1579111079
426061.952,0.1579077422
426076.952,0.1579043768
426091.952,0.1579010116
426106.952,0.1578976466
426121.952,0.157894282
426136.952,0.1578909175
426151.952,0.1578875534
426166.952,0.1578841895
426181.952,0.1578808258
426196.952,0.1578774624
426211.952,0.1578740993
426226.952,0.1578707364
426241.952,0.1578673738
426256.952,0.1578640114
426271.952,0.1578606493
426286.952,0.1578572875
426301.952,0.1578539259
426316.952,0.1578505645
426331.952,0.1578472034
426346.952,0.1578438426
426361.952,0.1578404821
426376.952,0.1578371217
426391.952,0.1578337617
426406.952,0.1578304019
426421.952,0.1578270423
426436.952,0.157823683
426451.952,0.157820324
426466.952,0.1578169652
426481.952,0.1578136067
426496.952,0.1578102484
426511.952,0.1578068904
426526.952,0.1578035327
426541.952,0.1578001752
426556.952,0.1577968179
426571.952,0.1577934609
426586.952,0.1577901042
426601.952,0.1577867477
426616.952,0.1577833915
426631.952,0.1577800355
426646.952,0.1577766798
426661.952,0.1577733244
426676.952,0.1577699692
426691.952,0.1577666142
426706.952,0.1577632596
426721.952,0.1577599051
426736.952,0.157756551
426751.952,0.157753197
426766.952,0.1577498434
426781.952,0.15774649
426796.952,0.1577431368
426811.952,0.1577397839
426826.952,0.1577364313
426841.952,0.1577330789
426856.952,0.1577297267
426871.952,0.1577263749
426886.952,0.1577230232
426901.952,0.1577196719
426916.952,0.1577163208
426931.952,0.1577129699
426946.952,0.1577096193
426961.952,0.157706269
426976.952,0.1577029189
426991.952,0.157699569
427006.952,0.1576962195
427021.952,0.1576928701
427036.952,0.1576895211
427051.952,0.1576861722
427066.952,0.1576828237
427081.952,0.1576794754
427096.952,0.1576761273
427111.952,0.1576727795
427126.952,0.157669432
427141.952,0.1576660847
427156.952,0.1576627377
427171.952,0.1576593909
427186.952,0.1576560443
427201.952,0.1576526981
427216.952,0.1576493521
427231.952,0.1576460063
427246.952,0.1576426608
427261.952,0.1576393155
427276.952,0.1576359705
427291.952,0.1576326258
427306.952,0.1576292813
427321.952,0.1576259371
427336.952,0.1576225931
427351.952,0.1576192494
427366.952,0.1576159059
427381.952,0.1576125627
427396.952,0.1576092197
427411.952,0.157605877
427426.952,0.1576025346
427441.952,0.1575991924
427456.952,0.1575958504
427471.952,0.1575925087
427486.952,0.1575891673
427501.952,0.1575858261
427516.952,0.1575824852
427531.952,0.1575791445
427546.952,0.1575758041
427561.952,0.1575724639
427576.952,0.157569124
427591.952,0.1575657843
427606.952,0.1575624449
427621.952,0.1575591058
427636.952,0.1575557669
427651.952,0.1575524282
427666.952,0.1575490898
427681.952,0.1575457517
427696.952,0.1575424138
427711.952,0.1575390762
427726.952,0.1575357388
427741.952,0.1575324016
427756.952,0.1575290648
427771.952,0.1575257282
427786.952,0.1575223918
427801.952,0.1575190557
427816.952,0.1575157198
427831.952,0.1575123842
427846.952,0.1575090489
427861.952,0.1575057138
427876.952,0.1575023789
427891.952,0.1574990443
427906.952,0.15749571
427921.952,0.1574923759
427936.952,0.1574890421
427951.952,0.1574857085
427966.952,0.1574823752
427981.952,0.1574790421
427996.952,0.1574757093
428011.952,0.1574723767
428026.952,0.1574690444
428041.952,0.1574657123
428056.952,0.1574623805
428071.952,0.1574590489
428086.952,0.1574557176
428101.952,0.1574523866
428116.952,0.1574490558
428131.952,0.1574457252
428146.952,0.157442395
428161.952,0.1574390649
428176.952,0.1574357351
428191.952,0.1574324056
428206.952,0.1574290763
428221.952,0.1574257473
428236.952,0.1574224185
428251.952,0.15741909
428266.952,0.1574157617
428281.952,0.1574124337
428296.952,0.1574091059
428311.952,0.1574057784
428326.952,0.1574024511
428341.952,0.1573991241
428356.952,0.1573957974
428371.952,0.1573924709
428386.952,0.1573891446
428401.952,0.1573858186
428416.952,0.1573824928
428431.952,0.1573791673
428446.952,0.1573758421
428461.952,0.1573725171
428476.952,0.1573691924
428491.952,0.1573658679
428506.952,0.1573625436
428521.952,0.1573592196
428536.952,0.1573558959
428551.952,0.1573525724
428566.952,0.1573492492
428581.952,0.1573459262
428596.952,0.1573426035
428611.952,0.157339281
428626.952,0.1573359588
428641.952,0.1573326368
428656.952,0.1573293151
428671.952,0.1573259936
428686.952,0.1573226724
428701.952,0.1573193515
428716.952,0.1573160307
428731.952,0.1573127103
428746.952,0.1573093901
428761.952,0.1573060701
428776.952,0.1573027504
428791.952,0.1572994309
428806.952,0.1572961117
428821.952,0.1572927928
428836.952,0.1572894741
428851.952,0.1572861556
428866.952,0.1572828374
428881.952,0.1572795195
428896.952,0.1572762018
428911.952,0.1572728843
428926.952,0.1572695671
428941.952,0.1572662502
428956.952,0.1572629335
428971.952,0.1572596171
428986.952,0.1572563009
429001.952,0.1572529849
429016.952,0.1572496692
429031.952,0.1572463538
429046.952,0.1572430386
429061.952,0.1572397237
429076.952,0.157236409
429091.952,0.1572330945
429106.952,0.1572297804
429121.952,0.1572264664
429136.952,0.1572231527
429151.952,0.1572198393
429166.952,0.1572165261
429181.952,0.1572132132
429196.952,0.1572099005
429211.952,0.1572065881
429226.952,0.1572032759
429241.952,0.157199964
429256.952,0.1571966523
429271.952,0.1571933409
429286.952,0.1571900297
429301.952,0.1571867188
429316.952,0.1571834081
429331.952,0.1571800977
429346.952,0.1571767875
429361.952,0.1571734776
429376.952,0.1571701679
429391.952,0.1571668585
429406.952,0.1571635493
429421.952,0.1571602404
429436.952,0.1571569317
429451.952,0.1571536233
429466.952,0.1571503151
429481.952,0.1571470072
429496.952,0.1571436995
429511.952,0.1571403921
429526.952,0.1571370849
429541.952,0.157133778
429556.952,0.1571304713
429571.952,0.1571271649
429586.952,0.1571238587
429601.952,0.1571205528
429616.952,0.1571172471
429631.952,0.1571139417
429646.952,0.1571106365
429661.952,0.1571073316
429676.952,0.1571040269
429691.952,0.1571007225
429706.952,0.1570974183
429721.952,0.1570941143
429736.952,0.1570908107
429751.952,0.1570875072
429766.952,0.1570842041
429781.952,0.1570809011
429796.952,0.1570775984
429811.952,0.157074296
429826.952,0.1570709938
429841.952,0.1570676919
429856.952,0.1570643902
429871.952,0.1570610888
429886.952,0.1570577876
429901.952,0.1570544867
429916.952,0.157051186
429931.952,0.1570478855
429946.952,0.1570445853
429961.952,0.1570412854
429976.952,0.1570379857
429991.952,0.1570346863
430006.952,0.1570313871
430021.952,0.1570280881
430036.952,0.1570247894
430051.952,0.157021491
430066.952,0.1570181928
430081.952,0.1570148949
430096.952,0.1570115972
430111.952,0.1570082997
430126.952,0.1570050025
430141.952,0.1570017056
430156.952,0.1569984088
430171.952,0.1569951124
430186.952,0.1569918162
430201.952,0.1569885202
430216.952,0.1569852245
430231.952,0.1569819291
430246.952,0.1569786338
430261.952,0.1569753389
430276.952,0.1569720442
430291.952,0.1569687497
430306.952,0.1569654555
430321.952,0.1569621615
430336.952,0.1569588678
430351.952,0.1569555743
430366.952,0.1569522811
430381.952,0.1569489881
430396.952,0.1569456954
430411.952,0.1569424029
430426.952,0.1569391107
430441.952,0.1569358187
430456.952,0.156932527
430471.952,0.1569292355
430486.952,0.1569259442
430501.952,0.1569226532
430516.952,0.1569193625
430531.952,0.156916072
430546.952,0.1569127817
430561.952,0.1569094917
430576.952,0.156906202
430591.952,0.1569029125
430606.952,0.1568996232
430621.952,0.1568963342
430636.952,0.1568930455
430651.952,0.156889757
430666.952,0.1568864687
430681.952,0.1568831807
430696.952,0.1568798929
430711.952,0.1568766054
430726.952,0.1568733181
430741.952,0.1568700311
430756.952,0.1568667443
430771.952,0.1568634578
430786.952,0.1568601715
430801.952,0.1568568854
430816.952,0.1568535997
430831.952,0.1568503141
430846.952,0.1568470288
430861.952,0.1568437438
430876.952,0.156840459
430891.952,0.1568371744
430906.952,0.1568338901
430921.952,0.1568306061
430936.952,0.1568273222
430951.952,0.1568240387
430966.952,0.1568207554
430981.952,0.1568174723
430996.952,0.1568141895
431011.952,0.1568109069
431026.952,0.1568076246
431041.952,0.1568043425
431056.952,0.1568010606
431071.952,0.1567977791
431086.952,0.1567944977
431101.952,0.1567912166
431116.952,0.1567879358
431131.952,0.1567846552
431146.952,0.1567813748
431161.952,0.1567780947
431176.952,0.1567748149
431191.952,0.1567715352
431206.952,0.1567682559
431221.952,0.1567649768
431236.952,0.1567616979
431251.952,0.1567584193
431266.952,0.1567551409
431281.952,0.1567518627
431296.952,0.1567485849
431311.952,0.1567453072
431326.952,0.1567420298
431341.952,0.1567387527
431356.952,0.1567354758
431371.952,0.1567321991
431386.952,0.1567289227
431401.952,0.1567256465
431416.952,0.1567223706
431431.952,0.156719095
431446.952,0.1567158195
431461.952,0.1567125444
431476.952,0.1567092694
431491.952,0.1567059947
431506.952,0.1567027203
431521.952,0.1566994461
431536.952,0.1566961722
431551.952,0.1566928985
431566.952,0.156689625
431581.952,0.1566863518
431596.952,0.1566830788
431611.952,0.1566798061
431626.952,0.1566765336
431641.952,0.1566732614
431656.952,0.1566699894
431671.952,0.1566667177
431686.952,0.1566634462
431701.952,0.156660175
431716.952,0.156656904
431731.952,0.1566536332
431746.952,0.1566503627
431761.952,0.1566470925
431776.952,0.1566438224
431791.952,0.1566405527
431806.952,0.1566372832
431821.952,0.1566340139
431836.952,0.1566307448
431851.952,0.1566274761
431866.952,0.1566242075
431881.952,0.1566209392
431896.952,0.1566176712
431911.952,0.1566144034
431926.952,0.1566111358
431941.952,0.1566078685
431956.952,0.1566046014
431971.952,0.1566013346
431986.952,0.156598068
432001.952,0.1565948017
432016.952,0.1565915356
432031.952,0.1565882697
432046.952,0.1565850041
432061.952,0.1565817388
432076.952,0.1565784737
432091.952,0.1565752088
432106.952,0.1565719442
432121.952,0.1565686798
432136.952,0.1565654157
432151.952,0.1565621518
432166.952,0.1565588882
432181.952,0.1565556248
432196.952,0.1565523616
432211.952,0.1565490987
432226.952,0.1565458361
432241.952,0.1565425736
432256.952,0.1565393115
432271.952,0.1565360496
432286.952,0.1565327879
432301.952,0.1565295264
432316.952,0.1565262652
432331.952,0.1565230043
432346.952,0.1565197436
432361.952,0.1565164831
432376.952,0.1565132229
432391.952,0.1565099629
432406.952,0.1565067032
432421.952,0.1565034437
432436.952,0.1565001845
432451.952,0.1564969255
432466.952,0.1564936668
432481.952,0.1564904083
432496.952,0.15648715
432511.952,0.156483892
432526.952,0.1564806342
432541.952,0.1564773767
432556.952,0.1564741194
432571.952,0.1564708624
432586.952,0.1564676056
432601.952,0.156464349
432616.952,0.1564610927
432631.952,0.1564578366
432646.952,0.1564545808
432661.952,0.1564513252
432676.952,0.1564480699
432691.952,0.1564448148
432706.952,0.15644156
432721.952,0.1564383054
432736.952,0.156435051
432751.952,0.1564317969
432766.952,0.156428543
432781.952,0.1564252894
432796.952,0.156422036
432811.952,0.1564187829
432826.952,0.15641553
432841.952,0.1564122773
432856.952,0.1564090249
432871.952,0.1564057728
432886.952,0.1564025208
432901.952,0.1563992692
432916.952,0.1563960177
432931.952,0.1563927665
432946.952,0.1563895156
432961.952,0.1563862649
432976.952,0.1563830144
432991.952,0.1563797642
433006.952,0.1563765142
433021.952,0.1563732645
433036.952,0.156370015
433051.952,0.1563667658
433066.952,0.1563635168
433081.952,0.156360268
433096.952,0.1563570195
433111.952,0.1563537712
433126.952,0.1563505232
433141.952,0.1563472754
433156.952,0.1563440279
433171.952,0.1563407806
433186.952,0.1563375335
433201.952,0.1563342867
433216.952,0.1563310401
433231.952,0.1563277938
433246.952,0.1563245477
433261.952,0.1563213019
433276.952,0.1563180563
433291.952,0.1563148109
433306.952,0.1563115658
433321.952,0.1563083209
433336.952,0.1563050763
433351.952,0.1563018319
433366.952,0.1562985878
433381.952,0.1562953439
433396.952,0.1562921002
433411.952,0.1562888568
433426.952,0.1562856136
433441.952,0.1562823707
433456.952,0.156279128
433471.952,0.1562758855
433486.952,0.1562726433
433501.952,0.1562694014
433516.952,0.1562661596
433531.952,0.1562629182
433546.952,0.1562596769
433561.952,0.1562564359
433576.952,0.1562531952
433591.952,0.1562499547
433606.952,0.1562467144
433621.952,0.1562434744
433636.952,0.1562402346
433651.952,0.1562369951
433666.952,0.1562337558
433681.952,0.1562305167
433696.952,0.1562272779
433711.952,0.1562240393
433726.952,0.156220801
433741.952,0.1562175629
433756.952,0.156214325
433771.952,0.1562110874
433786.952,0.1562078501
433801.952,0.1562046129
433816.952,0.1562013761
433831.952,0.1561981394
433846.952,0.156194903
433861.952,0.1561916669
433876.952,0.156188431
433891.952,0.1561851953
433906.952,0.1561819598
433921.952,0.1561787247
433936.952,0.1561754897
433951.952,0.156172255
433966.952,0.1561690205
433981.952,0.1561657863
433996.952,0.1561625523
434011.952,0.1561593186
434026.952,0.1561560851
434041.952,0.1561528518
434056.952,0.1561496188
434071.952,0.156146386
434086.952,0.1561431535
434101.952,0.1561399212
434116.952,0.1561366891
434131.952,0.1561334573
434146.952,0.1561302258
434161.952,0.1561269944
434176.952,0.1561237633
434191.952,0.1561205325
434206.952,0.1561173019
434221.952,0.1561140715
434236.952,0.1561108414
434251.952,0.1561076115
434266.952,0.1561043819
434281.952,0.1561011525
434296.952,0.1560979233
434311.952,0.1560946944
434326.952,0.1560914657
434341.952,0.1560882373
434356.952,0.1560850091
434371.952,0.1560817811
434386.952,0.1560785534
434401.952,0.1560753259
434416.952,0.1560720987
434431.952,0.1560688717
434446.952,0.1560656449
434461.952,0.1560624184
434476.952,0.1560591921
434491.952,0.1560559661
434506.952,0.1560527403
434521.952,0.1560495148
434536.952,0.1560462895
434551.952,0.1560430644
434566.952,0.1560398396
434581.952,0.156036615
434596.952,0.1560333906
434611.952,0.1560301665
434626.952,0.1560269426
434641.952,0.156023719
434656.952,0.1560204956
434671.952,0.1560172725
434686.952,0.1560140495
434701.952,0.1560108269
434716.952,0.1560076044
434731.952,0.1560043823
434746.952,0.1560011603
434761.952,0.1559979386
434776.952,0.1559947171
434791.952,0.1559914959
434806.952,0.1559882749
434821.952,0.1559850542
434836.952,0.1559818336
434851.952,0.1559786134
434866.952,0.1559753933
434881.952,0.1559721736
434896.952,0.155968954
434911.952,0.1559657347
434926.952,0.1559625156
434941.952,0.1559592968
434956.952,0.1559560782
434971.952,0.1559528598
434986.952,0.1559496417
435001.952,0.1559464238
435016.952,0.1559432062
435031.952,0.1559399888
435046.952,0.1559367717
435061.952,0.1559335547
435076.952,0.1559303381
435091.952,0.1559271216
435106.952,0.1559239054
435121.952,0.1559206895
435136.952,0.1559174738
435151.952,0.1559142583
435166.952,0.155911043
435181.952,0.155907828
435196.952,0.1559046133
435211.952,0.1559013987
435226.952,0.1558981845
435241.952,0.1558949704
435256.952,0.1558917566
435271.952,0.155888543
435286.952,0.1558853297
435301.952,0.1558821166
435316.952,0.1558789038
435331.952,0.1558756911
435346.952,0.1558724788
435361.952,0.1558692666
435376.952,0.1558660547
435391.952,0.1558628431
435406.952,0.1558596317
435421.952,0.1558564205
435436.952,0.1558532095
435451.952,0.1558499988
435466.952,0.1558467884
435481.952,0.1558435782
435496.952,0.1558403682
435511.952,0.1558371584
435526.952,0.1558339489
435541.952,0.1558307396
435556.952,0.1558275306
435571.952,0.1558243218
435586.952,0.1558211133
435601.952,0.1558179049
435616.952,0.1558146969
435631.952,0.155811489
435646.952,0.1558082814
435661.952,0.1558050741
435676.952,0.1558018669
435691.952,0.15579866
435706.952,0.1557954534
435721.952,0.155792247
435736.952,0.1557890408
435751.952,0.1557858349
435766.952,0.1557826292
435781.952,0.1557794237
435796.952,0.1557762185
435811.952,0.1557730135
435826.952,0.1557698088
435841.952,0.1557666043
435856.952,0.1557634
435871.952,0.155760196
435886.952,0.1557569922
435901.952,0.1557537886
435916.952,0.1557505853
435931.952,0.1557473822
435946.952,0.1557441794
435961.952,0.1557409768
435976.952,0.1557377744
435991.952,0.1557345723
436006.952,0.1557313704
436021.952,0.1557281687
436036.952,0.1557249673
436051.952,0.1557217661
436066.952,0.1557185652
436081.952,0.1557153645
436096.952,0.155712164
436111.952,0.1557089638
436126.952,0.1557057638
436141.952,0.1557025641
436156.952,0.1556993645
436171.952,0.1556961653
436186.952,0.1556929662
436201.952,0.1556897674
436216.952,0.1556865688
436231.952,0.1556833705
436246.952,0.1556801724
436261.952,0.1556769746
436276.952,0.155673777
436291.952,0.1556705796
436306.952,0.1556673824
436321.952,0.1556641855
436336.952,0.1556609889
436351.952,0.1556577924
436366.952,0.1556545962
436381.952,0.1556514003
436396.952,0.1556482045
436411.952,0.1556450091
436426.952,0.1556418138
436441.952,0.1556386188
436456.952,0.155635424
436471.952,0.1556322295
436486.952,0.1556290352
436501.952,0.1556258411
436516.952,0.1556226473
436531.952,0.1556194537
436546.952,0.1556162604
436561.952,0.1556130672
436576.952,0.1556098744
436591.952,0.1556066817
436606.952,0.1556034893
436621.952,0.1556002971
436636.952,0.1555971052
436651.952,0.1555939135
436666.952,0.155590722
436681.952,0.1555875308
436696.952,0.1555843398
436711.952,0.1555811491
436726.952,0.1555779586
436741.952,0.1555747683
436756.952,0.1555715782
436771.952,0.1555683884
436786.952,0.1555651989
436801.952,0.1555620095
436816.952,0.1555588204
436831.952,0.1555556316
436846.952,0.1555524429
436861.952,0.1555492545
436876.952,0.1555460664
436891.952,0.1555428785
436906.952,0.1555396908
436921.952,0.1555365033
436936.952,0.1555333161
436951.952,0.1555301292
436966.952,0.1555269424
436981.952,0.1555237559
436996.952,0.1555205697
437011.952,0.1555173836
437026.952,0.1555141978
437041.952,0.1555110123
437056.952,0.1555078269
437071.952,0.1555046419
437086.952,0.155501457
437101.952,0.1554982724
437116.952,0.155495088
437131.952,0.1554919039
437146.952,0.15548872
437161.952,0.1554855363
437176.952,0.1554823528
437191.952,0.1554791696
437206.952,0.1554759867
437221.952,0.1554728039
437236.952,0.1554696214
437251.952,0.1554664392
437266.952,0.1554632572
437281.952,0.1554600754
437296.952,0.1554568938
437311.952,0.1554537125
437326.952,0.1554505314
437341.952,0.1554473506
437356.952,0.1554441699
437371.952,0.1554409896
437386.952,0.1554378094
437401.952,0.1554346295
437416.952,0.1554314498
437431.952,0.1554282704
437446.952,0.1554250912
437461.952,0.1554219122
437476.952,0.1554187335
437491.952,0.155415555
437506.952,0.1554123767
437521.952,0.1554091987
437536.952,0.1554060209
437551.952,0.1554028433
437566.952,0.155399666
437581.952,0.1553964889
437596.952,0.1553933121
437611.952,0.1553901354
437626.952,0.1553869591
437641.952,0.1553837829
437656.952,0.155380607
437671.952,0.1553774313
437686.952,0.1553742559
437701.952,0.1553710807
437716.952,0.1553679057
437731.952,0.1553647309
437746.952,0.1553615564
437761.952,0.1553583821
437776.952,0.1553552081
437791.952,0.1553520343
437806.952,0.1553488607
437821.952,0.1553456874
437836.952,0.1553425143
437851.952,0.1553393414
437866.952,0.1553361688
437881.952,0.1553329964
437896.952,0.1553298242
437911.952,0.1553266523
437926.952,0.1553234806
437941.952,0.1553203091
437956.952,0.1553171379
437971.952,0.1553139669
437986.952,0.1553107961
438001.952,0.1553076256
438016.952,0.1553044553
438031.952,0.1553012853
438046.952,0.1552981154
438061.952,0.1552949459
438076.952,0.1552917765
438091.952,0.1552886074
438106.952,0.1552854385
438121.952,0.1552822698
438136.952,0.1552791014
438151.952,0.1552759332
438166.952,0.1552727653
438181.952,0.1552695975
438196.952,0.1552664301
438211.952,0.1552632628
438226.952,0.1552600958
438241.952,0.155256929
438256.952,0.1552537624
438271.952,0.1552505961
438286.952,0.15524743
438301.952,0.1552442642
438316.952,0.1552410986
438331.952,0.1552379332
438346.952,0.155234768
438361.952,0.1552316031
438376.952,0.1552284384
438391.952,0.155225274
438406.952,0.1552221098
438421.952,0.1552189458
438436.952,0.155215782
438451.952,0.1552126185
438466.952,0.1552094552
438481.952,0.1552062922
438496.952,0.1552031293
438511.952,0.1551999668
438526.952,0.1551968044
438541.952,0.1551936423
438556.952,0.1551904804
438571.952,0.1551873188
438586.952,0.1551841573
438601.952,0.1551809961
438616.952,0.1551778352
438631.952,0.1551746745
438646.952,0.155171514
438661.952,0.1551683537
438676.952,0.1551651937
438691.952,0.1551620339
438706.952,0.1551588743
438721.952,0.155155715
438736.952,0.1551525559
438751.952,0.1551493971
438766.952,0.1551462384
438781.952,0.1551430801
438796.952,0.1551399219
438811.952,0.155136764
438826.952,0.1551336063
438841.952,0.1551304488
438856.952,0.1551272916
438871.952,0.1551241346
438886.952,0.1551209778
438901.952,0.1551178213
438916.952,0.155114665
438931.952,0.1551115089
438946.952,0.1551083531
438961.952,0.1551051975
438976.952,0.1551020421
438991.952,0.1550988869
439006.952,0.155095732
439021.952,0.1550925774
439036.952,0.1550894229
439051.952,0.1550862687
439066.952,0.1550831147
439081.952,0.155079961
439096.952,0.1550768075
439111.952,0.1550736542
439126.952,0.1550705011
439141.952,0.1550673483
439156.952,0.1550641957
439171.952,0.1550610434
439186.952,0.1550578912
439201.952,0.1550547394
439216.952,0.1550515877
439231.952,0.1550484363
439246.952,0.1550452851
439261.952,0.1550421341
439276.952,0.1550389834
439291.952,0.1550358329
439306.952,0.1550326826
439321.952,0.1550295326
439336.952,0.1550263828
439351.952,0.1550232332
439366.952,0.1550200838
439381.952,0.1550169347
439396.952,0.1550137859
439411.952,0.1550106372
439426.952,0.1550074888
439441.952,0.1550043406
439456.952,0.1550011927
439471.952,0.1549980449
439486.952,0.1549948974
439501.952,0.1549917502
439516.952,0.1549886032
439531.952,0.1549854564
439546.952,0.1549823098
439561.952,0.1549791635
439576.952,0.1549760174
439591.952,0.1549728715
439606.952,0.1549697258
439621.952,0.1549665804
439636.952,0.1549634353
439651.952,0.1549602903
439666.952,0.1549571456
439681.952,0.1549540011
439696.952,0.1549508569
439711.952,0.1549477128
439726.952,0.154944569
439741.952,0.1549414255
439756.952,0.1549382821
439771.952,0.154935139
439786.952,0.1549319962
439801.952,0.1549288535
439816.952,0.1549257111
439831.952,0.154922569
439846.952,0.154919427
439861.952,0.1549162853
439876.952,0.1549131438
439891.952,0.1549100026
439906.952,0.1549068615
439921.952,0.1549037207
439936.952,0.1549005802
439951.952,0.1548974399
439966.952,0.1548942998
439981.952,0.1548911599
439996.952,0.1548880202
440011.952,0.1548848808
440026.952,0.1548817417
440041.952,0.1548786027
440056.952,0.154875464
440071.952,0.1548723255
440086.952,0.1548691872
440101.952,0.1548660492
440116.952,0.1548629114
440131.952,0.1548597739
440146.952,0.1548566365
440161.952,0.1548534994
440176.952,0.1548503625
440191.952,0.1548472259
440206.952,0.1548440895
440221.952,0.1548409533
440236.952,0.1548378173
440251.952,0.1548346816
440266.952,0.1548315461
440281.952,0.1548284109
440296.952,0.1548252758
440311.952,0.154822141
440326.952,0.1548190064
440341.952,0.1548158721
440356.952,0.154812738
440371.952,0.1548096041
440386.952,0.1548064704
440401.952,0.154803337
440416.952,0.1548002038
440431.952,0.1547970708
440446.952,0.1547939381
440461.952,0.1547908056
440476.952,0.1547876733
440491.952,0.1547845413
440506.952,0.1547814095
440521.952,0.1547782779
440536.952,0.1547751465
440551.952,0.1547720154
440566.952,0.1547688845
440581.952,0.1547657538
440596.952,0.1547626234
440611.952,0.1547594932
440626.952,0.1547563632
440641.952,0.1547532334
440656.952,0.1547501039
440671.952,0.1547469746
440686.952,0.1547438455
440701.952,0.1547407167
440716.952,0.1547375881
440731.952,0.1547344597
440746.952,0.1547313316
440761.952,0.1547282036
440776.952,0.1547250759
440791.952,0.1547219485
440806.952,0.1547188213
440821.952,0.1547156943
440836.952,0.1547125675
440851.952,0.1547094409
440866.952,0.1547063146
440881.952,0.1547031885
440896.952,0.1547000627
440911.952,0.154696937
440926.952,0.1546938116
440941.952,0.1546906865
440956.952,0.1546875615
440971.952,0.1546844368
440986.952,0.1546813123
441001.952,0.1546781881
441016.952,0.154675064
441031.952,0.1546719402
441046.952,0.1546688167
441061.952,0.1546656933
441076.952,0.1546625702
441091.952,0.1546594473
441106.952,0.1546563247
441121.952,0.1546532022
441136.952,0.15465008
441151.952,0.1546469581
441166.952,0.1546438363
441181.952,0.1546407148
441196.952,0.1546375935
441211.952,0.1546344725
441226.952,0.1546313516
441241.952,0.154628231
441256.952,0.1546251107
441271.952,0.1546219905
441286.952,0.1546188706
441301.952,0.1546157509
441316.952,0.1546126315
441331.952,0.1546095122
441346.952,0.1546063932
441361.952,0.1546032744
441376.952,0.1546001559
441391.952,0.1545970376
441406.952,0.1545939195
441421.952,0.1545908016
441436.952,0.154587684
441451.952,0.1545845666
441466.952,0.1545814494
441481.952,0.1545783325
441496.952,0.1545752157
441511.952,0.1545720992
441526.952,0.154568983
441541.952,0.1545658669
441556.952,0.1545627511
441571.952,0.1545596355
441586.952,0.1545565202
441601.952,0.154553405
441616.952,0.1545502901
441631.952,0.1545471755
441646.952,0.154544061
441661.952,0.1545409468
441676.952,0.1545378328
441691.952,0.154534719
441706.952,0.1545316055
441721.952,0.1545284922
441736.952,0.1545253791
441751.952,0.1545222663
441766.952,0.1545191536
441781.952,0.1545160412
441796.952,0.1545129291
441811.952,0.1545098171
441826.952,0.1545067054
441841.952,0.1545035939
441856.952,0.1545004827
441871.952,0.1544973716
441886.952,0.1544942608
441901.952,0.1544911502
441916.952,0.1544880399
441931.952,0.1544849297
441946.952,0.1544818198
441961.952,0.1544787102
441976.952,0.1544756007
441991.952,0.1544724915
442006.952,0.1544693825
442021.952,0.1544662738
442036.952,0.1544631652
442051.952,0.1544600569
442066.952,0.1544569488
442081.952,0.154453841
442096.952,0.1544507333
442111.952,0.1544476259
442126.952,0.1544445187
442141.952,0.1544414118
442156.952,0.1544383051
442171.952,0.1544351986
442186.952,0.1544320923
442201.952,0.1544289863
442216.952,0.1544258804
442231.952,0.1544227749
442246.952,0.1544196695
442261.952,0.1544165644
442276.952,0.1544134594
442291.952,0.1544103548
442306.952,0.1544072503
442321.952,0.1544041461
442336.952,0.1544010421
442351.952,0.1543979383
442366.952,0.1543948347
442381.952,0.1543917314
442396.952,0.1543886283
442411.952,0.1543855254
442426.952,0.1543824228
442441.952,0.1543793204
442456.952,0.1543762182
442471.952,0.1543731162
442486.952,0.1543700145
442501.952,0.154366913
442516.952,0.1543638117
442531.952,0.1543607106
442546.952,0.1543576098
442561.952,0.1543545091
442576.952,0.1543514088
442591.952,0.1543483086
442606.952,0.1543452087
442621.952,0.154342109
442636.952,0.1543390095
442651.952,0.1543359102
442666.952,0.1543328112
442681.952,0.1543297124
442696.952,0.1543266138
442711.952,0.1543235155
442726.952,0.1543204173
442741.952,0.1543173194
442756.952,0.1543142218
442771.952,0.1543111243
442786.952,0.1543080271
442801.952,0.1543049301
442816.952,0.1543018333
442831.952,0.1542987368
442846.952,0.1542956404
442861.952,0.1542925443
442876.952,0.1542894485
442891.952,0.1542863528
442906.952,0.1542832574
442921.952,0.1542801622
442936.952,0.1542770672
442951.952,0.1542739725
442966.952,0.154270878
442981.952,0.1542677837
442996.952,0.1542646896
443011.952,0.1542615958
443026.952,0.1542585022
443041.952,0.1542554088
443056.952,0.1542523156
443071.952,0.1542492227
443086.952,0.1542461299
443101.952,0.1542430374
443116.952,0.1542399452
443131.952,0.1542368531
443146.952,0.1542337613
443161.952,0.1542306697
443176.952,0.1542275784
443191.952,0.1542244872
443206.952,0.1542213963
443221.952,0.1542183056
443236.952,0.1542152151
443251.952,0.1542121249
443266.952,0.1542090349
443281.952,0.1542059451
443296.952,0.1542028555
443311.952,0.1541997662
443326.952,0.1541966771
443341.952,0.1541935882
443356.952,0.1541904995
443371.952,0.1541874111
443386.952,0.1541843228
443401.952,0.1541812348
443416.952,0.1541781471
443431.952,0.1541750595
443446.952,0.1541719722
443461.952,0.1541688851
443476.952,0.1541657982
443491.952,0.1541627116
443506.952,0.1541596252
443521.952,0.154156539
443536.952,0.154153453
443551.952,0.1541503672
443566.952,0.1541472817
443581.952,0.1541441964
443596.952,0.1541411113
443611.952,0.1541380265
443626.952,0.1541349418
443641.952,0.1541318574
443656.952,0.1541287733
443671.952,0.1541256893
443686.952,0.1541226056
443701.952,0.1541195221
443716.952,0.1541164388
443731.952,0.1541133557
443746.952,0.1541102729
443761.952,0.1541071903
443776.952,0.1541041079
443791.952,0.1541010257
443806.952,0.1540979438
443821.952,0.1540948621
443836.952,0.1540917806
443851.952,0.1540886993
443866.952,0.1540856182
443881.952,0.1540825374
443896.952,0.1540794568
443911.952,0.1540763764
443926.952,0.1540732963
443941.952,0.1540702164
443956.952,0.1540671367
443971.952,0.1540640572
443986.952,0.1540609779
444001.952,0.1540578989
444016.952,0.1540548201
444031.952,0.1540517415
444046.952,0.1540486631
444061.952,0.154045585
444076.952,0.1540425071
444091.952,0.1540394294
444106.952,0.1540363519
444121.952,0.1540332747
444136.952,0.1540301977
444151.952,0.1540271209
444166.952,0.1540240443
444181.952,0.1540209679
444196.952,0.1540178918
444211.952,0.1540148159
444226.952,0.1540117402
444241.952,0.1540086648
444256.952,0.1540055895
444271.952,0.1540025145
444286.952,0.1539994397
444301.952,0.1539963652
444316.952,0.1539932908
444331.952,0.1539902167
444346.952,0.1539871428
444361.952,0.1539840691
444376.952,0.1539809957
444391.952,0.1539779224
444406.952,0.1539748494
444421.952,0.1539717767
444436.952,0.1539687041
444451.952,0.1539656318
444466.952,0.1539625597
444481.952,0.1539594878
444496.952,0.1539564161
444511.952,0.1539533446
444526.952,0.1539502734
444541.952,0.1539472024
444556.952,0.1539441316
444571.952,0.1539410611
444586.952,0.1539379908
444601.952,0.1539349206
444616.952,0.1539318508
444631.952,0.1539287811
444646.952,0.1539257116
444661.952,0.1539226424
444676.952,0.1539195734
444691.952,0.1539165047
444706.952,0.1539134361
444721.952,0.1539103678
444736.952,0.1539072997
444751.952,0.1539042318
444766.952,0.1539011641
444781.952,0.1538980967
444796.952,0.1538950295
444811.952,0.1538919625
444826.952,0.1538888957
444841.952,0.1538858291
444856.952,0.1538827628
444871.952,0.1538796967
444886.952,0.1538766308
444901.952,0.1538735651
444916.952,0.1538704997
444931.952,0.1538674345
444946.952,0.1538643695
444961.952,0.1538613047
444976.952,0.1538582401
444991.952,0.1538551758
445006.952,0.1538521117
445021.952,0.1538490478
445036.952,0.1538459842
445051.952,0.1538429207
445066.952,0.1538398575
445081.952,0.1538367945
445096.952,0.1538337317
445111.952,0.1538306691
445126.952,0.1538276068
445141.952,0.1538245447
445156.952,0.1538214828
445171.952,0.1538184211
445186.952,0.1538153597
445201.952,0.1538122985
445216.952,0.1538092374
445231.952,0.1538061767
445246.952,0.1538031161
445261.952,0.1538000558
445276.952,0.1537969956
445291.952,0.1537939357
445306.952,0.1537908761
445321.952,0.1537878166
445336.952,0.1537847574
445351.952,0.1537816983
445366.952,0.1537786396
445381.952,0.153775581
445396.952,0.1537725226
445411.952,0.1537694645
445426.952,0.1537664066
445441.952,0.1537633489
445456.952,0.1537602914
445471.952,0.1537572342
445486.952,0.1537541772
445501.952,0.1537511204
445516.952,0.1537480638
445531.952,0.1537450074
445546.952,0.1537419513
445561.952,0.1537388954
445576.952,0.1537358397
445591.952,0.1537327842
445606.952,0.1537297289
445621.952,0.1537266739
445636.952,0.1537236191
445651.952,0.1537205645
445666.952,0.1537175101
445681.952,0.153714456
445696.952,0.153711402
445711.952,0.1537083483
445726.952,0.1537052948
445741.952,0.1537022416
445756.952,0.1536991885
445771.952,0.1536961357
445786.952,0.1536930831
445801.952,0.1536900307
445816.952,0.1536869785
445831.952,0.1536839266
445846.952,0.1536808749
445861.952,0.1536778234
445876.952,0.1536747721
445891.952,0.153671721
445906.952,0.1536686702
445921.952,0.1536656196
445936.952,0.1536625692
445951.952,0.153659519
445966.952,0.153656469
445981.952,0.1536534193
445996.952,0.1536503697
446011.952,0.1536473204
446026.952,0.1536442714
446041.952,0.1536412225
446056.952,0.1536381739
446071.952,0.1536351254
446086.952,0.1536320772
446101.952,0.1536290293
446116.952,0.1536259815
446131.952,0.153622934
446146.952,0.1536198866
446161.952,0.1536168395
446176.952,0.1536137927
446191.952,0.153610746
446206.952,0.1536076996
446221.952,0.1536046533
446236.952,0.1536016073
446251.952,0.1535985616
446266.952,0.153595516
446281.952,0.1535924707
446296.952,0.1535894255
446311.952,0.1535863806
446326.952,0.1535833359
446341.952,0.1535802915
446356.952,0.1535772472
446371.952,0.1535742032
446386.952,0.1535711594
446401.952,0.1535681158
446416.952,0.1535650725
446431.952,0.1535620293
446446.952,0.1535589864
446461.952,0.1535559437
446476.952,0.1535529012
446491.952,0.1535498589
446506.952,0.1535468169
446521.952,0.1535437751
446536.952,0.1535407334
446551.952,0.1535376921
446566.952,0.1535346509
446581.952,0.1535316099
446596.952,0.1535285692
446611.952,0.1535255287
446626.952,0.1535224884
446641.952,0.1535194483
446656.952,0.1535164085
446671.952,0.1535133688
446686.952,0.1535103294
446701.952,0.1535072902
446716.952,0.1535042512
446731.952,0.1535012125
446746.952,0.1534981739
446761.952,0.1534951356
446776.952,0.1534920975
446791.952,0.1534890596
446806.952,0.153486022
446821.952,0.1534829845
446836.952,0.1534799473
446851.952,0.1534769103
446866.952,0.1534738735
446881.952,0.1534708369
446896.952,0.1534678006
446911.952,0.1534647644
446926.952,0.1534617285
446941.952,0.1534586928
446956.952,0.1534556573
446971.952,0.1534526221
446986.952,0.153449587
447001.952,0.1534465522
447016.952,0.1534435176
447031.952,0.1534404832
447046.952,0.1534374491
447061.952,0.1534344151
447076.952,0.1534313814
447091.952,0.1534283479
447106.952,0.1534253146
447121.952,0.1534222815
447136.952,0.1534192486
447151.952,0.153416216
447166.952,0.1534131836
447181.952,0.1534101514
447196.952,0.1534071194
447211.952,0.1534040876
447226.952,0.1534010561
447241.952,0.1533980248
447256.952,0.1533949937
447271.952,0.1533919628
447286.952,0.1533889321
447301.952,0.1533859016
447316.952,0.1533828714
447331.952,0.1533798414
447346.952,0.1533768116
447361.952,0.153373782
447376.952,0.1533707526
447391.952,0.1533677235
447406.952,0.1533646946
447421.952,0.1533616658
447436.952,0.1533586374
447451.952,0.1533556091
447466.952,0.153352581
447481.952,0.1533495532
447496.952,0.1533465256
447511.952,0.1533434981
447526.952,0.153340471
447541.952,0.153337444
447556.952,0.1533344172
447571.952,0.1533313907
447586.952,0.1533283644
447601.952,0.1533253383
447616.952,0.1533223124
447631.952,0.1533192867
447646.952,0.1533162613
447661.952,0.1533132361
447676.952,0.1533102111
447691.952,0.1533071863
447706.952,0.1533041617
447721.952,0.1533011373
447736.952,0.1532981132
447751.952,0.1532950893
447766.952,0.1532920656
447781.952,0.1532890421
447796.952,0.1532860188
447811.952,0.1532829957
447826.952,0.1532799729
447841.952,0.1532769503
447856.952,0.1532739279
447871.952,0.1532709057
447886.952,0.1532678837
447901.952,0.153264862
447916.952,0.1532618404
447931.952,0.1532588191
447946.952,0.153255798
447961.952,0.1532527771
447976.952,0.1532497565
447991.952,0.153246736
448006.952,0.1532437158
448021.952,0.1532406958
448036.952,0.153237676
448051.952,0.1532346564
448066.952,0.153231637
448081.952,0.1532286179
448096.952,0.1532255989
448111.952,0.1532225802
448126.952,0.1532195617
448141.952,0.1532165434
448156.952,0.1532135254
448171.952,0.1532105075
448186.952,0.1532074899
448201.952,0.1532044725
448216.952,0.1532014553
448231.952,0.1531984383
448246.952,0.1531954215
448261.952,0.153192405
448276.952,0.1531893887
448291.952,0.1531863725
448306.952,0.1531833566
448321.952,0.153180341
448336.952,0.1531773255
448351.952,0.1531743102
448366.952,0.1531712952
448381.952,0.1531682804
448396.952,0.1531652658
448411.952,0.1531622514
448426.952,0.1531592372
448441.952,0.1531562233
448456.952,0.1531532096
448471.952,0.153150196
448486.952,0.1531471827
448501.952,0.1531441696
448516.952,0.1531411568
448531.952,0.1531381441
448546.952,0.1531351317
448561.952,0.1531321195
448576.952,0.1531291074
448591.952,0.1531260957
448606.952,0.1531230841
448621.952,0.1531200727
448636.952,0.1531170616
448651.952,0.1531140507
448666.952,0.1531110399
448681.952,0.1531080294
448696.952,0.1531050192
448711.952,0.1531020091
448726.952,0.1530989993
448741.952,0.1530959896
448756.952,0.1530929802
448771.952,0.153089971
448786.952,0.153086962
448801.952,0.1530839532
448816.952,0.1530809447
448831.952,0.1530779364
448846.952,0.1530749282
448861.952,0.1530719203
448876.952,0.1530689126
448891.952,0.1530659052
448906.952,0.1530628979
448921.952,0.1530598908
448936.952,0.153056884
448951.952,0.1530538774
448966.952,0.153050871
448981.952,0.1530478648
448996.952,0.1530448589
449011.952,0.1530418531
449026.952,0.1530388476
449041.952,0.1530358422
449056.952,0.1530328371
449071.952,0.1530298322
449086.952,0.1530268276
449101.952,0.1530238231
449116.952,0.1530208189
449131.952,0.1530178148
449146.952,0.153014811
449161.952,0.1530118074
449176.952,0.153008804
449191.952,0.1530058008
449206.952,0.1530027979
449221.952,0.1529997951
449236.952,0.1529967926
449251.952,0.1529937903
449266.952,0.1529907882
449281.952,0.1529877863
449296.952,0.1529847847
449311.952,0.1529817832
449326.952,0.152978782
449341.952,0.152975781
449356.952,0.1529727801
449371.952,0.1529697796
449386.952,0.1529667792
449401.952,0.152963779
449416.952,0.1529607791
449431.952,0.1529577793
449446.952,0.1529547798
449461.952,0.1529517805
449476.952,0.1529487814
449491.952,0.1529457825
449506.952,0.1529427839
449521.952,0.1529397854
449536.952,0.1529367872
449551.952,0.1529337892
449566.952,0.1529307914
449581.952,0.1529277938
449596.952,0.1529247964
449611.952,0.1529217993
449626.952,0.1529188023
449641.952,0.1529158056
449656.952,0.1529128091
449671.952,0.1529098128
449686.952,0.1529068167
449701.952,0.1529038208
449716.952,0.1529008251
449731.952,0.1528978297
449746.952,0.1528948345
449761.952,0.1528918394
449776.952,0.1528888446
449791.952,0.15288585
449806.952,0.1528828557
449821.952,0.1528798615
449836.952,0.1528768676
449851.952,0.1528738738
449866.952,0.1528708803
449881.952,0.152867887
449896.952,0.1528648939
449911.952,0.152861901
449926.952,0.1528589084
449941.952,0.1528559159
449956.952,0.1528529237
449971.952,0.1528499317
449986.952,0.1528469398
450001.952,0.1528439483
450016.952,0.1528409569
450031.952,0.1528379657
450046.952,0.1528349747
450061.952,0.152831984
450076.952,0.1528289935
450091.952,0.1528260032
450106.952,0.1528230131
450121.952,0.1528200232
450136.952,0.1528170335
450151.952,0.152814044
450166.952,0.1528110548
450181.952,0.1528080658
450196.952,0.1528050769
450211.952,0.1528020883
450226.952,0.1527991
450241.952,0.1527961118
450256.952,0.1527931238
450271.952,0.1527901361
450286.952,0.1527871485
450301.952,0.1527841612
450316.952,0.1527811741
450331.952,0.1527781872
450346.952,0.1527752005
450361.952,0.152772214
450376.952,0.1527692278
450391.952,0.1527662417
450406.952,0.1527632559
450421.952,0.1527602703
450436.952,0.1527572849
450451.952,0.1527542997
450466.952,0.1527513147
450481.952,0.1527483299
450496.952,0.1527453454
450511.952,0.152742361
450526.952,0.1527393769
450541.952,0.152736393
450556.952,0.1527334093
450571.952,0.1527304258
450586.952,0.1527274425
450601.952,0.1527244594
450616.952,0.1527214766
450631.952,0.1527184939
450646.952,0.1527155115
450661.952,0.1527125293
450676.952,0.1527095473
450691.952,0.1527065655
450706.952,0.1527035839
450721.952,0.1527006026
450736.952,0.1526976214
450751.952,0.1526946405
450766.952,0.1526916597
450781.952,0.1526886792
450796.952,0.1526856989
450811.952,0.1526827188
450826.952,0.152679739
450841.952,0.1526767593
450856.952,0.1526737798
450871.952,0.1526708006
450886.952,0.1526678216
450901.952,0.1526648428
450916.952,0.1526618642
450931.952,0.1526588858
450946.952,0.1526559076
450961.952,0.1526529296
450976.952,0.1526499519
450991.952,0.1526469743
451006.952,0.152643997
451021.952,0.1526410199
451036.952,0.152638043
451051.952,0.1526350663
451066.952,0.1526320898
451081.952,0.1526291135
451096.952,0.1526261375
451111.952,0.1526231616
451126.952,0.152620186
451141.952,0.1526172106
451156.952,0.1526142354
451171.952,0.1526112604
451186.952,0.1526082856
451201.952,0.152605311
451216.952,0.1526023367
451231.952,0.1525993625
451246.952,0.1525963886
451261.952,0.1525934148
451276.952,0.1525904413
451291.952,0.152587468
451306.952,0.1525844949
451321.952,0.152581522
451336.952,0.1525785494
451351.952,0.1525755769
451366.952,0.1525726047
451381.952,0.1525696326
451396.952,0.1525666608
451411.952,0.1525636892
451426.952,0.1525607178
451441.952,0.1525577466
451456.952,0.1525547756
451471.952,0.1525518049
451486.952,0.1525488343
451501.952,0.152545864
451516.952,0.1525428939
451531.952,0.1525399239
451546.952,0.1525369542
451561.952,0.1525339847
451576.952,0.1525310154
451591.952,0.1525280464
451606.952,0.1525250775
451621.952,0.1525221089
451636.952,0.1525191404
451651.952,0.1525161722
451666.952,0.1525132042
451681.952,0.1525102364
451696.952,0.1525072688
451711.952,0.1525043014
451726.952,0.1525013342
451741.952,0.1524983672
451756.952,0.1524954005
451771.952,0.152492434
451786.952,0.1524894676
451801.952,0.1524865015
451816.952,0.1524835356
451831.952,0.1524805699
451846.952,0.1524776044
451861.952,0.1524746391
451876.952,0.1524716741
451891.952,0.1524687092
451906.952,0.1524657446
451921.952,0.1524627801
451936.952,0.1524598159
451951.952,0.1524568519
451966.952,0.1524538881
451981.952,0.1524509245
451996.952,0.1524479611
452011.952,0.152444998
452026.952,0.152442035
452041.952,0.1524390723
452056.952,0.1524361097
452071.952,0.1524331474
452086.952,0.1524301853
452101.952,0.1524272234
452116.952,0.1524242617
452131.952,0.1524213002
452146.952,0.1524183389
452161.952,0.1524153778
452176.952,0.152412417
452191.952,0.1524094563
452206.952,0.1524064959
452221.952,0.1524035357
452236.952,0.1524005757
452251.952,0.1523976159
452266.952,0.1523946563
452281.952,0.1523916969
452296.952,0.1523887377
452311.952,0.1523857788
452326.952,0.15238282
452341.952,0.1523798615
452356.952,0.1523769031
452371.952,0.152373945
452386.952,0.1523709871
452401.952,0.1523680294
452416.952,0.1523650719
452431.952,0.1523621146
452446.952,0.1523591575
452461.952,0.1523562007
452476.952,0.152353244
452491.952,0.1523502876
452506.952,0.1523473313
452521.952,0.1523443753
452536.952,0.1523414195
452551.952,0.1523384639
452566.952,0.1523355085
452581.952,0.1523325533
452596.952,0.1523295983
452611.952,0.1523266436
452626.952,0.152323689
452641.952,0.1523207347
452656.952,0.1523177805
452671.952,0.1523148266
452686.952,0.1523118729
452701.952,0.1523089194
452716.952,0.1523059661
452731.952,0.152303013
452746.952,0.1523000601
452761.952,0.1522971074
452776.952,0.152294155
452791.952,0.1522912027
452806.952,0.1522882507
452821.952,0.1522852989
452836.952,0.1522823472
452851.952,0.1522793958
452866.952,0.1522764446
452881.952,0.1522734936
452896.952,0.1522705428
452911.952,0.1522675922
452926.952,0.1522646419
452941.952,0.1522616917
452956.952,0.1522587418
452971.952,0.152255792
452986.952,0.1522528425
453001.952,0.1522498932
453016.952,0.1522469441
453031.952,0.1522439952
453046.952,0.1522410465
453061.952,0.152238098
453076.952,0.1522351497
453091.952,0.1522322016
453106.952,0.1522292538
453121.952,0.1522263061
453136.952,0.1522233587
453151.952,0.1522204114
453166.952,0.1522174644
453181.952,0.1522145176
453196.952,0.152211571
453211.952,0.1522086246
453226.952,0.1522056784
453241.952,0.1522027324
453256.952,0.1521997866
453271.952,0.1521968411
453286.952,0.1521938957
453301.952,0.1521909506
453316.952,0.1521880056
453331.952,0.1521850609
453346.952,0.1521821164
453361.952,0.1521791721
453376.952,0.1521762279
453391.952,0.1521732841
453406.952,0.1521703404
453421.952,0.1521673969
453436.952,0.1521644536
453451.952,0.1521615105
453466.952,0.1521585677
453481.952,0.152155625
453496.952,0.1521526826
453511.952,0.1521497404
453526.952,0.1521467984
453541.952,0.1521438565
453556.952,0.1521409149
453571.952,0.1521379735
453586.952,0.1521350323
453601.952,0.1521320914
453616.952,0.1521291506
453631.952,0.15212621
453646.952,0.1521232697
453661.952,0.1521203295
453676.952,0.1521173896
453691.952,0.1521144498
453706.952,0.1521115103
453721.952,0.152108571
453736.952,0.1521056319
453751.952,0.152102693
453766.952,0.1520997543
453781.952,0.1520968158
453796.952,0.1520938775
453811.952,0.1520909395
453826.952,0.1520880016
453841.952,0.152085064
453856.952,0.1520821265
453871.952,0.1520791893
453886.952,0.1520762522
453901.952,0.1520733154
453916.952,0.1520703788
453931.952,0.1520674424
453946.952,0.1520645062
453961.952,0.1520615702
453976.952,0.1520586344
453991.952,0.1520556988
454006.952,0.1520527635
454021.952,0.1520498283
454036.952,0.1520468933
454051.952,0.1520439586
454066.952,0.152041024
454081.952,0.1520380897
454096.952,0.1520351556
454111.952,0.1520322217
454126.952,0.152029288
454141.952,0.1520263544
454156.952,0.1520234211
454171.952,0.1520204881
454186.952,0.1520175552
454201.952,0.1520146225
454216.952,0.15201169
454231.952,0.1520087578
454246.952,0.1520058257
454261.952,0.1520028939
454276.952,0.1519999622
454291.952,0.1519970308
454306.952,0.1519940996
454321.952,0.1519911685
454336.952,0.1519882377
454351.952,0.1519853071
454366.952,0.1519823767
454381.952,0.1519794465
454396.952,0.1519765166
454411.952,0.1519735868
454426.952,0.1519706572
454441.952,0.1519677278
454456.952,0.1519647987
454471.952,0.1519618697
454486.952,0.151958941
454501.952,0.1519560125
454516.952,0.1519530841
454531.952,0.151950156
454546.952,0.1519472281
454561.952,0.1519443004
454576.952,0.1519413729
454591.952,0.1519384456
454606.952,0.1519355185
454621.952,0.1519325916
454636.952,0.1519296649
454651.952,0.1519267385
454666.952,0.1519238122
454681.952,0.1519208861
454696.952,0.1519179603
454711.952,0.1519150346
454726.952,0.1519121092
454741.952,0.151909184
454756.952,0.1519062589
454771.952,0.1519033341
454786.952,0.1519004095
454801.952,0.1518974851
454816.952,0.1518945609
454831.952,0.1518916369
454846.952,0.1518887131
454861.952,0.1518857895
454876.952,0.1518828662
454891.952,0.151879943
454906.952,0.15187702
454921.952,0.1518740973
454936.952,0.1518711747
454951.952,0.1518682524
454966.952,0.1518653302
454981.952,0.1518624083
454996.952,0.1518594866
455011.952,0.151856565
455026.952,0.1518536437
455041.952,0.1518507226
455056.952,0.1518478017
455071.952,0.151844881
455086.952,0.1518419605
455101.952,0.1518390402
455116.952,0.1518361202
455131.952,0.1518332003
455146.952,0.1518302806
455161.952,0.1518273611
455176.952,0.1518244419
455191.952,0.1518215228
455206.952,0.151818604
455221.952,0.1518156854
455236.952,0.1518127669
455251.952,0.1518098487
455266.952,0.1518069307
455281.952,0.1518040128
455296.952,0.1518010952
455311.952,0.1517981778
455326.952,0.1517952606
455341.952,0.1517923436
455356.952,0.1517894268
455371.952,0.1517865103
455386.952,0.1517835939
455401.952,0.1517806777
455416.952,0.1517777617
455431.952,0.151774846
455446.952,0.1517719304
455461.952,0.151769015
455476.952,0.1517660999
455491.952,0.151763185
455506.952,0.1517602702
455521.952,0.1517573557
455536.952,0.1517544414
455551.952,0.1517515272
455566.952,0.1517486133
455581.952,0.1517456996
455596.952,0.1517427861
455611.952,0.1517398728
455626.952,0.1517369597
455641.952,0.1517340468
455656.952,0.1517311341
455671.952,0.1517282216
455686.952,0.1517253094
455701.952,0.1517223973
455716.952,0.1517194854
455731.952,0.1517165738
455746.952,0.1517136623
455761.952,0.1517107511
455776.952,0.15170784
455791.952,0.1517049292
455806.952,0.1517020185
455821.952,0.1516991081
455836.952,0.1516961979
455851.952,0.1516932878
455866.952,0.151690378
455881.952,0.1516874684
455896.952,0.151684559
455911.952,0.1516816498
455926.952,0.1516787408
455941.952,0.151675832
455956.952,0.1516729234
455971.952,0.151670015
455986.952,0.1516671068
456001.952,0.1516641988
456016.952,0.1516612911
456031.952,0.1516583835
456046.952,0.1516554761
456061.952,0.151652569
456076.952,0.151649662
456091.952,0.1516467553
456106.952,0.1516438487
456121.952,0.1516409424
456136.952,0.1516380362
456151.952,0.1516351303
456166.952,0.1516322246
456181.952,0.151629319
456196.952,0.1516264137
456211.952,0.1516235086
456226.952,0.1516206037
456241.952,0.151617699
456256.952,0.1516147945
456271.952,0.1516118902
456286.952,0.1516089861
456301.952,0.1516060822
456316.952,0.1516031785
456331.952,0.151600275
456346.952,0.1515973717
456361.952,0.1515944686
456376.952,0.1515915658
456391.952,0.1515886631
456406.952,0.1515857606
456421.952,0.1515828584
456436.952,0.1515799563
456451.952,0.1515770545
456466.952,0.1515741528
456481.952,0.1515712514
456496.952,0.1515683501
456511.952,0.1515654491
456526.952,0.1515625482
456541.952,0.1515596476
456556.952,0.1515567472
456571.952,0.1515538469
456586.952,0.1515509469
456601.952,0.1515480471
456616.952,0.1515451475
456631.952,0.1515422481
456646.952,0.1515393489
456661.952,0.1515364499
456676.952,0.1515335511
456691.952,0.1515306525
456706.952,0.1515277541
456721.952,0.1515248559
456736.952,0.1515219579
456751.952,0.1515190601
456766.952,0.1515161625
456781.952,0.1515132652
456796.952,0.151510368
456811.952,0.151507471
456826.952,0.1515045742
456841.952,0.1515016777
456856.952,0.1514987813
456871.952,0.1514958852
456886.952,0.1514929892
456901.952,0.1514900935
456916.952,0.1514871979
456931.952,0.1514843026
456946.952,0.1514814074
456961.952,0.1514785125
456976.952,0.1514756177
456991.952,0.1514727232
457006.952,0.1514698289
457021.952,0.1514669347
457036.952,0.1514640408
457051.952,0.1514611471
457066.952,0.1514582536
457081.952,0.1514553603
457096.952,0.1514524672
457111.952,0.1514495742
457126.952,0.1514466815
457141.952,0.151443789
457156.952,0.1514408967
457171.952,0.1514380046
457186.952,0.1514351127
457201.952,0.151432221
457216.952,0.1514293295
457231.952,0.1514264383
457246.952,0.1514235472
457261.952,0.1514206563
457276.952,0.1514177656
457291.952,0.1514148751
457306.952,0.1514119849
457321.952,0.1514090948
457336.952,0.1514062049
457351.952,0.1514033152
457366.952,0.1514004258
457381.952,0.1513975365
457396.952,0.1513946475
457411.952,0.1513917586
457426.952,0.1513888699
457441.952,0.1513859815
457456.952,0.1513830932
457471.952,0.1513802052
457486.952,0.1513773173
457501.952,0.1513744297
457516.952,0.1513715422
457531.952,0.151368655
457546.952,0.151365768
457561.952,0.1513628811
457576.952,0.1513599945
457591.952,0.1513571081
457606.952,0.1513542218
457621.952,0.1513513358
457636.952,0.15134845
457651.952,0.1513455644
457666.952,0.1513426789
457681.952,0.1513397937
457696.952,0.1513369087
457711.952,0.1513340239
457726.952,0.1513311393
457741.952,0.1513282548
457756.952,0.1513253706
457771.952,0.1513224866
457786.952,0.1513196028
457801.952,0.1513167192
457816.952,0.1513138358
457831.952,0.1513109526
457846.952,0.1513080696
457861.952,0.1513051868
457876.952,0.1513023042
457891.952,0.1512994218
457906.952,0.1512965396
457921.952,0.1512936576
457936.952,0.1512907758
457951.952,0.1512878943
457966.952,0.1512850129
457981.952,0.1512821317
457996.952,0.1512792507
458011.952,0.1512763699
458026.952,0.1512734893
458041.952,0.151270609
458056.952,0.1512677288
458071.952,0.1512648488
458086.952,0.151261969
458101.952,0.1512590895
458116.952,0.1512562101
458131.952,0.1512533309
458146.952,0.1512504519
458161.952,0.1512475732
458176.952,0.1512446946
458191.952,0.1512418162
458206.952,0.1512389381
458221.952,0.1512360601
458236.952,0.1512331823
458251.952,0.1512303048
458266.952,0.1512274274
458281.952,0.1512245503
458296.952,0.1512216733
458311.952,0.1512187965
458326.952,0.15121592
458341.952,0.1512130436
458356.952,0.1512101675
458371.952,0.1512072915
458386.952,0.1512044158
458401.952,0.1512015402
458416.952,0.1511986649
458431.952,0.1511957897
458446.952,0.1511929148
458461.952,0.15119004
458476.952,0.1511871655
458491.952,0.1511842911
458506.952,0.151181417
458521.952,0.151178543
458536.952,0.1511756693
458551.952,0.1511727958
458566.952,0.1511699224
458581.952,0.1511670493
458596.952,0.1511641763
458611.952,0.1511613036
458626.952,0.151158431
458641.952,0.1511555587
458656.952,0.1511526866
458671.952,0.1511498146
458686.952,0.1511469429
458701.952,0.1511440713
458716.952,0.1511412
458731.952,0.1511383289
458746.952,0.1511354579
458761.952,0.1511325872
458776.952,0.1511297167
458791.952,0.1511268463
458806.952,0.1511239762
458821.952,0.1511211063
458836.952,0.1511182365
458851.952,0.151115367
458866.952,0.1511124976
458881.952,0.1511096285
458896.952,0.1511067596
458911.952,0.1511038908
458926.952,0.1511010223
458941.952,0.151098154
458956.952,0.1510952858
458971.952,0.1510924179
458986.952,0.1510895502
459001.952,0.1510866826
459016.952,0.1510838153
459031.952,0.1510809482
459046.952,0.1510780812
459061.952,0.1510752145
459076.952,0.151072348
459091.952,0.1510694816
459106.952,0.1510666155
459121.952,0.1510637496
459136.952,0.1510608838
459151.952,0.1510580183
459166.952,0.151055153
459181.952,0.1510522878
459196.952,0.1510494229
459211.952,0.1510465582
459226.952,0.1510436936
459241.952,0.1510408293
459256.952,0.1510379652
459271.952,0.1510351012
459286.952,0.1510322375
459301.952,0.151029374
459316.952,0.1510265106
459331.952,0.1510236475
459346.952,0.1510207845
459361.952,0.1510179218
459376.952,0.1510150593
459391.952,0.1510121969
459406.952,0.1510093348
459421.952,0.1510064728
459436.952,0.1510036111
459451.952,0.1510007495
459466.952,0.1509978882
459481.952,0.1509950271
459496.952,0.1509921661
459511.952,0.1509893054
459526.952,0.1509864448
459541.952,0.1509835845
459556.952,0.1509807243
459571.952,0.1509778644
459586.952,0.1509750046
459601.952,0.1509721451
459616.952,0.1509692857
459631.952,0.1509664266
459646.952,0.1509635676
459661.952,0.1509607089
459676.952,0.1509578503
459691.952,0.150954992
459706.952,0.1509521338
459721.952,0.1509492759
459736.952,0.1509464181
459751.952,0.1509435605
459766.952,0.1509407032
459781.952,0.150937846
459796.952,0.150934989
459811.952,0.1509321323
459826.952,0.1509292757
459841.952,0.1509264194
459856.952,0.1509235632
459871.952,0.1509207072
459886.952,0.1509178514
459901.952,0.1509149959
459916.952,0.1509121405
459931.952,0.1509092853
459946.952,0.1509064304
459961.952,0.1509035756
459976.952,0.150900721
459991.952,0.1508978666
460006.952,0.1508950124
460021.952,0.1508921585
460036.952,0.1508893047
460051.952,0.1508864511
460066.952,0.1508835977
460081.952,0.1508807445
460096.952,0.1508778915
460111.952,0.1508750387
460126.952,0.1508721861
460141.952,0.1508693337
460156.952,0.1508664815
460171.952,0.1508636295
460186.952,0.1508607777
460201.952,0.1508579261
460216.952,0.1508550747
460231.952,0.1508522235
460246.952,0.1508493725
460261.952,0.1508465217
460276.952,0.1508436711
460291.952,0.1508408207
460306.952,0.1508379705
460321.952,0.1508351205
460336.952,0.1508322706
460351.952,0.150829421
460366.952,0.1508265716
460381.952,0.1508237224
460396.952,0.1508208734
460411.952,0.1508180245
460426.952,0.1508151759
460441.952,0.1508123275
460456.952,0.1508094792
460471.952,0.1508066312
460486.952,0.1508037834
460501.952,0.1508009357
460516.952,0.1507980883
460531.952,0.150795241
460546.952,0.150792394
460561.952,0.1507895471
460576.952,0.1507867005
460591.952,0.150783854
460606.952,0.1507810078
460621.952,0.1507781617
460636.952,0.1507753159
460651.952,0.1507724702
460666.952,0.1507696247
460681.952,0.1507667795
460696.952,0.1507639344
460711.952,0.1507610895
460726.952,0.1507582449
460741.952,0.1507554004
460756.952,0.1507525561
460771.952,0.150749712
460786.952,0.1507468681
460801.952,0.1507440244
460816.952,0.1507411809
460831.952,0.1507383377
460846.952,0.1507354946
460861.952,0.1507326517
460876.952,0.150729809
460891.952,0.1507269665
460906.952,0.1507241242
460921.952,0.150721282
460936.952,0.1507184401
460951.952,0.1507155984
460966.952,0.1507127569
460981.952,0.1507099156
460996.952,0.1507070745
461011.952,0.1507042335
461026.952,0.1507013928
461041.952,0.1506985523
461056.952,0.1506957119
461071.952,0.1506928718
461086.952,0.1506900319
461101.952,0.1506871921
461116.952,0.1506843526
461131.952,0.1506815132
461146.952,0.1506786741
461161.952,0.1506758351
461176.952,0.1506729964
461191.952,0.1506701578
461206.952,0.1506673194
461221.952,0.1506644813
461236.952,0.1506616433
461251.952,0.1506588055
461266.952,0.1506559679
461281.952,0.1506531306
461296.952,0.1506502934
461311.952,0.1506474564
461326.952,0.1506446196
461341.952,0.150641783
461356.952,0.1506389466
461371.952,0.1506361104
461386.952,0.1506332744
461401.952,0.1506304386
461416.952,0.150627603
461431.952,0.1506247676
461446.952,0.1506219323
461461.952,0.1506190973
461476.952,0.1506162625
461491.952,0.1506134279
461506.952,0.1506105934
461521.952,0.1506077592
461536.952,0.1506049252
461551.952,0.1506020913
461566.952,0.1505992577
461581.952,0.1505964242
461596.952,0.150593591
461611.952,0.1505907579
461626.952,0.1505879251
461641.952,0.1505850924
461656.952,0.1505822599
461671.952,0.1505794276
461686.952,0.1505765956
461701.952,0.1505737637
461716.952,0.150570932
461731.952,0.1505681005
461746.952,0.1505652692
461761.952,0.1505624381
461776.952,0.1505596072
461791.952,0.1505567765
461806.952,0.150553946
461821.952,0.1505511157
461836.952,0.1505482856
461851.952,0.1505454557
461866.952,0.1505426259
461881.952,0.1505397964
461896.952,0.1505369671
461911.952,0.1505341379
461926.952,0.150531309
461941.952,0.1505284803
461956.952,0.1505256517
461971.952,0.1505228234
461986.952,0.1505199952
462001.952,0.1505171672
462016.952,0.1505143395
462031.952,0.1505115119
462046.952,0.1505086845
462061.952,0.1505058573
462076.952,0.1505030304
462091.952,0.1505002036
462106.952,0.150497377
462121.952,0.1504945506
462136.952,0.1504917244
462151.952,0.1504888984
462166.952,0.1504860726
462181.952,0.1504832469
462196.952,0.1504804215
462211.952,0.1504775963
462226.952,0.1504747713
462241.952,0.1504719464
462256.952,0.1504691218
462271.952,0.1504662974
462286.952,0.1504634731
462301.952,0.1504606491
462316.952,0.1504578252
462331.952,0.1504550015
462346.952,0.1504521781
462361.952,0.1504493548
462376.952,0.1504465317
462391.952,0.1504437089
462406.952,0.1504408862
462421.952,0.1504380637
462436.952,0.1504352414
462451.952,0.1504324193
462466.952,0.1504295974
462481.952,0.1504267757
462496.952,0.1504239541
462511.952,0.1504211328
462526.952,0.1504183117
462541.952,0.1504154908
462556.952,0.15041267
462571.952,0.1504098495
462586.952,0.1504070292
462601.952,0.150404209
462616.952,0.150401389
462631.952,0.1503985693
462646.952,0.1503957497
462661.952,0.1503929304
462676.952,0.1503901112
462691.952,0.1503872922
462706.952,0.1503844734
462721.952,0.1503816548
462736.952,0.1503788364
462751.952,0.1503760182
462766.952,0.1503732002
462781.952,0.1503703824
462796.952,0.1503675648
462811.952,0.1503647473
462826.952,0.1503619301
462841.952,0.1503591131
462856.952,0.1503562962
462871.952,0.1503534796
462886.952,0.1503506631
462901.952,0.1503478469
462916.952,0.1503450308
462931.952,0.150342215
462946.952,0.1503393993
462961.952,0.1503365838
462976.952,0.1503337685
462991.952,0.1503309534
463006.952,0.1503281385
463021.952,0.1503253238
463036.952,0.1503225093
463051.952,0.150319695
463066.952,0.1503168809
463081.952,0.150314067
463096.952,0.1503112532
463111.952,0.1503084397
463126.952,0.1503056263
463141.952,0.1503028132
463156.952,0.1503000002
463171.952,0.1502971875
463186.952,0.1502943749
463201.952,0.1502915625
463216.952,0.1502887504
463231.952,0.1502859384
463246.952,0.1502831266
463261.952,0.150280315
463276.952,0.1502775036
463291.952,0.1502746924
463306.952,0.1502718814
463321.952,0.1502690705
463336.952,0.1502662599
463351.952,0.1502634495
463366.952,0.1502606392
463381.952,0.1502578292
463396.952,0.1502550194
463411.952,0.1502522097
463426.952,0.1502494002
463441.952,0.150246591
463456.952,0.1502437819
463471.952,0.150240973
463486.952,0.1502381643
463501.952,0.1502353558
463516.952,0.1502325475
463531.952,0.1502297394
463546.952,0.1502269315
463561.952,0.1502241238
463576.952,0.1502213162
463591.952,0.1502185089
463606.952,0.1502157018
463621.952,0.1502128948
463636.952,0.1502100881
463651.952,0.1502072815
463666.952,0.1502044751
463681.952,0.150201669
463696.952,0.150198863
463711.952,0.1501960572
463726.952,0.1501932516
463741.952,0.1501904462
463756.952,0.150187641
463771.952,0.150184836
463786.952,0.1501820311
463801.952,0.1501792265
463816.952,0.1501764221
463831.952,0.1501736178
463846.952,0.1501708138
463861.952,0.1501680099
463876.952,0.1501652063
463891.952,0.1501624028
463906.952,0.1501595995
463921.952,0.1501567964
463936.952,0.1501539936
463951.952,0.1501511909
463966.952,0.1501483884
463981.952,0.150145586
463996.952,0.1501427839
464011.952,0.150139982
464026.952,0.1501371803
464041.952,0.1501343787
464056.952,0.1501315774
464071.952,0.1501287762
464086.952,0.1501259753
464101.952,0.1501231745
464116.952,0.1501203739
464131.952,0.1501175735
464146.952,0.1501147733
464161.952,0.1501119733
464176.952,0.1501091735
464191.952,0.1501063739
464206.952,0.1501035745
464221.952,0.1501007753
464236.952,0.1500979762
464251.952,0.1500951774
464266.952,0.1500923788
464281.952,0.1500895803
464296.952,0.150086782
464311.952,0.150083984
464326.952,0.1500811861
464341.952,0.1500783884
464356.952,0.1500755909
464371.952,0.1500727936
464386.952,0.1500699965
464401.952,0.1500671996
464416.952,0.1500644028
464431.952,0.1500616063
464446.952,0.15005881
464461.952,0.1500560138
464476.952,0.1500532179
464491.952,0.1500504221
464506.952,0.1500476265
464521.952,0.1500448312
464536.952,0.150042036
464551.952,0.150039241
464566.952,0.1500364462
464581.952,0.1500336516
464596.952,0.1500308571
464611.952,0.1500280629
464626.952,0.1500252689
464641.952,0.150022475
464656.952,0.1500196814
464671.952,0.1500168879
464686.952,0.1500140947
464701.952,0.1500113016
464716.952,0.1500085087
464731.952,0.150005716
464746.952,0.1500029235
464761.952,0.1500001312
464776.952,0.1499973391
